,center_stdev,dist_center_to_border,normal_stdev,sl_f,sl_i,sl_max,sl_min,t_cong,t_overlap
0,9.881374896236316,141.92653318395213,0.20952204459070264,38.67544230727961,10.881476202087178,38.67544230727961,10.881476202087178,0,62.0
1,9.528711470408462,122.99731651372845,0.4177064129751709,9.648728170927184,26.999379695249964,27.81617718458265,9.648728170927184,0,25.0
2,9.881374896236316,141.92653318395213,0.20952204459070264,38.67544230727961,10.881476202087178,38.67544230727961,10.881476202087178,0,62.0
3,7.337035861951897,102.87691957273485,0.8310405564092679,39.219930365445386,4.407876983660033,39.219930365445386,4.407876983660033,2,57.0
4,3.518681283676595,-23.408120593853827,0.2362204862185541,35.743873522748025,27.733209230942144,39.36629968232615,18.65429259778084,0,38.0
5,1.7537339135431371,-31.488249256455326,0.1923183601760588,43.35290528920559,25.9771806091598,43.59008518469897,15.480657318920438,0,36.0
6,5.146947852604829,90.23151018989552,0.11347093346156673,37.58358637082822,26.847572486341427,37.58358637082822,15.394892939663686,0,33.0
7,4.932343320046847,103.08907859614688,0.163313259414502,19.04685040404011,41.78744660885301,41.78744660885301,18.386893627858907,0,27.0
8,7.3512167570196745,165.34368740058116,0.053372190005400416,28.41435918895553,26.29830006513027,29.674833737321357,26.29830006513027,0,13.0
9,7.697189440923876,158.71261324150018,0.14547008837699052,10.701609338575167,9.741236993405426,13.79607917199171,9.741236993405426,0,13.0
10,8.789529280221808,118.41703131348608,0.09189762210092384,42.73699617474581,26.45274257855402,42.73699617474581,14.200292707624856,0,25.0
11,5.146947852604829,90.23151018989552,0.11347093346156673,37.58358637082822,26.847572486341427,37.58358637082822,15.394892939663686,0,33.0
12,9.528711470408462,122.99731651372845,0.4177064129751709,9.648728170927184,26.999379695249964,27.81617718458265,9.648728170927184,0,25.0
13,8.789529280221808,118.41703131348608,0.09189762210092384,42.73699617474581,26.45274257855402,42.73699617474581,14.200292707624856,0,25.0
14,8.315822570929848,119.98017755783651,0.24020073950135626,13.953143534994073,21.978673803013496,21.978673803013496,8.611335563053977,0,21.0
15,7.019260691613938,122.52275672763612,0.2197845026293109,27.15632060924835,38.34390465697951,38.34390465697951,17.630423388308696,0,31.0
16,7.496310357566958,117.31258193417628,0.08658430880315249,25.30050107745217,29.277711285660292,31.52266842495571,25.30050107745217,0,16.0
17,7.451728110184394,129.12080045609306,0.16764868803848035,24.016233321036356,35.50933900344379,37.375260957093744,22.46537517798293,0,19.0
18,23.691700166850875,12.007444877727112,0.07707009496922465,20.348144789872233,7.902113865862912,27.487710962969533,4.370817150322251,1,33.0
19,9.425726570508008,8.32667518817441,0.0406511907890124,27.576274793685695,18.77243461739672,30.367121000948448,18.77243461739672,0,12.0
20,10.670596990866152,12.647133522601926,0.02250573342437788,6.0797223431274405,7.868402658246204,14.151980770795912,3.833129553648504,1,13.0
21,13.698542041616669,17.242662060630902,0.10204237835755296,5.13208534273017,14.00527062115531,18.04619860938563,5.13208534273017,1,18.0
22,13.44175683075659,158.0833880612966,0.27744306811594777,40.50505040213928,17.75122049051898,40.50505040213928,11.636957025291656,0,37.0
23,13.099348347153061,155.09951498667004,0.20546551010479447,31.040135190904646,35.377325552486795,35.90724898250612,12.524129757355919,0,45.0
24,7.174973546340065,156.8984470845778,0.19019103968218304,8.398636885012996,12.700794406496938,16.281451332684806,8.398636885012996,0,22.0
25,4.6798184651057015,167.82425655300568,0.2550070715150297,30.396424673311337,20.41757007479046,42.069923074804954,18.68251174953941,0,20.0
26,10.389461133811556,79.13116333973102,0.6046928811709613,44.35894370809208,15.149983865002644,44.35894370809208,12.790542662509322,0,16.0
27,12.146019457265394,80.98998396585905,0.6216927578257951,20.134440807942852,31.22743615600644,31.22743615600644,9.738077570226851,0,18.0
28,10.148700932970467,83.82847675233855,0.3684548305997262,27.98319211528744,19.721825796075343,37.055844017532394,5.048716096196012,1,15.0
29,8.625073073175873,85.43424239554432,0.17474794260339194,11.559145760774431,15.813169426207569,38.63814482255668,11.559145760774431,0,12.0
30,23.691700166850875,12.007444877727112,0.07707009496922465,20.348144789872233,7.902113865862912,27.487710962969533,4.370817150322251,1,33.0
31,8.855365352881822,8.095134452366572,0.0253536220611527,6.120261553605019,10.87068892582054,18.097196783572336,4.959518158691103,1,12.0
32,10.016029973600077,12.753601596616141,0.015537999062327909,15.4512592103034,8.803572184210998,22.926637537516136,7.547963550183512,0,13.0
33,19.2107436222042,14.327702743489304,0.09202716717414454,10.793087765829279,13.447746488472587,17.936209797847788,6.095651370637852,0,21.0
34,14.30940377797905,16.867106695384912,0.3393322281797367,6.085473791051498,13.489526981024705,18.563767765908228,3.729112324952248,1,12.0
35,13.44175683075659,158.0833880612966,0.27744306811594777,40.50505040213928,17.75122049051898,40.50505040213928,11.636957025291656,0,37.0
36,10.565410456046516,168.9841084576983,0.3972665615030887,26.242733975292765,25.432853497241112,30.317451456802768,16.18303009521618,0,37.0
37,7.136851567844117,170.3900743943925,0.19593313427572345,18.582796410259007,24.574070393075967,24.574070393075967,18.037239607875442,0,16.0
38,8.315822570929848,119.98017755783651,0.24020073950135626,13.953143534994073,21.978673803013496,21.978673803013496,8.611335563053977,0,21.0
39,6.120676679824054,126.92077448324429,0.2096052226851132,9.19486369150832,17.50648935951515,23.25830093070877,8.506027162977166,0,21.0
40,7.414589425702773,120.10048554886534,0.1532119778505183,16.58875167379433,18.556218635346475,20.134597981241164,16.58875167379433,0,16.0
41,6.933440144831495,131.7276796893142,0.1346583531119817,25.205094975289,29.83126402518634,34.30172930347156,22.0687927047715,0,19.0
42,2.988257234830173,136.18143236814652,0.04824794795093057,26.760192670265194,31.22346743494875,31.993714601467946,26.760192670265194,0,10.0
43,10.565410456046516,168.9841084576983,0.3972665615030887,26.242733975292765,25.432853497241112,30.317451456802768,16.18303009521618,0,37.0
44,4.638060570226833,153.3616656386543,0.2284138879098709,12.482378454693794,20.45441780534595,25.77504259722765,11.016142737092665,0,24.0
45,6.529020493613237,161.4191108010936,0.32540794088936603,26.41314616318369,18.939675842464077,26.892512226496983,18.939675842464077,0,16.0
46,4.774907321700223,165.6906663811951,0.10201257592662497,24.91305048625159,28.260720666732478,31.78041316577446,24.91305048625159,0,12.0
47,7.019260691613938,122.52275672763612,0.2197845026293109,27.15632060924835,38.34390465697951,38.34390465697951,17.630423388308696,0,31.0
48,6.120676679824054,126.92077448324429,0.2096052226851132,9.19486369150832,17.50648935951515,23.25830093070877,8.506027162977166,0,21.0
49,5.824611239064383,125.18444650628727,0.2991091376981969,12.565105542080287,16.339358450262935,16.339358450262935,11.955759911029514,0,16.0
50,5.875564186866071,136.47332993301887,0.10333375586127357,22.565167191614385,30.67407671834547,33.55467410664154,22.410759188956632,0,19.0
51,6.824282712069263,135.83684644267916,0.14246286383322698,31.91533267340007,27.46843263732379,31.91533267340007,23.951162577818057,0,21.0
52,7.3512167570196745,165.34368740058116,0.053372190005400416,28.41435918895553,26.29830006513027,29.674833737321357,26.29830006513027,0,13.0
53,7.748528252524863,166.93402914939938,0.05630593474785841,26.952265954729647,27.882773856170864,28.011095082967138,26.051919514343467,0,17.0
54,7.496310357566958,117.31258193417628,0.08658430880315249,25.30050107745217,29.277711285660292,31.52266842495571,25.30050107745217,0,16.0
55,7.414589425702773,120.10048554886534,0.1532119778505183,16.58875167379433,18.556218635346475,20.134597981241164,16.58875167379433,0,16.0
56,5.824611239064383,125.18444650628727,0.2991091376981969,12.565105542080287,16.339358450262935,16.339358450262935,11.955759911029514,0,16.0
57,6.800096557455952,140.18359743219338,0.2120630544785876,20.747354565742487,22.034749048695847,22.034749048695847,10.23750507989896,0,19.0
58,9.425726570508008,8.32667518817441,0.0406511907890124,27.576274793685695,18.77243461739672,30.367121000948448,18.77243461739672,0,12.0
59,8.855365352881822,8.095134452366572,0.0253536220611527,6.120261553605019,10.87068892582054,18.097196783572336,4.959518158691103,1,12.0
60,8.176189715927741,-66.86646629045379,0.01888309229942053,7.271248805812073,15.818247472693008,20.733306564905483,7.271248805812073,0,11.0
61,6.78058721167633,-78.81834029816616,0.1654174224536914,10.425669023452377,7.337960908890167,25.041908378354254,4.5411268733343055,1,11.0
62,7.088455312737199,-79.46985389843735,0.02094747471269593,6.7776574304538375,22.258222750778852,25.842126105979887,6.7776574304538375,0,11.0
63,4.87602717646662,75.44444444444444,0.055169797894323115,22.84731931759173,16.76305461424021,22.84731931759173,16.76305461424021,0,27.0
64,4.4762746673108085,75.9151225928089,0.11519854187490032,10.877682117508114,4.133614627089143,10.877682117508114,3.741657386773941,5,22.0
65,17.412873706260687,-77.56190033361338,0.057047462176685576,11.448754665332167,10.378864862674744,20.881229502970484,5.571166472841356,1,25.0
66,7.129856182435111,-75.58531968967054,0.01912116740916863,19.3463860288534,5.976522748829894,20.06538835304043,5.976522748829894,1,11.0
67,9.35079525327435,-90.4946208554386,0.2189264995304484,6.408950665215508,7.236983260601303,13.517383208841819,5.687575761718682,1,11.0
68,10.982896896319618,133.624704962101,0.14970301705797376,14.432765139969499,12.083045973594572,16.24045971373633,11.704699910719626,0,30.0
69,12.259552533851132,129.98430956006143,0.2832734531121401,26.619368982171387,23.293910993746763,27.64163171009271,21.707338958396306,0,24.0
70,5.3689987838487,150.1301865441927,0.0784815618684281,30.85870189416509,27.716266165172442,30.85870189416509,26.587199139799104,0,13.0
71,10.982896896319618,133.624704962101,0.14970301705797376,14.432765139969499,12.083045973594572,16.24045971373633,11.704699910719626,0,30.0
72,3.518681283676595,-23.408120593853827,0.2362204862185541,35.743873522748025,27.733209230942144,39.36629968232615,18.65429259778084,0,38.0
73,4.9816222017106595,-19.033577925218534,0.1619307610266931,35.03400094334623,35.579285974572365,35.579285974572365,15.478841365069346,0,36.0
74,5.3420659878115115,-8.699785788201892,0.25143292928778377,32.259603963553765,13.996418600906784,32.259603963553765,12.500358873998685,0,41.0
75,5.950121747521349,141.60191556190057,0.2972588589129935,41.52890351150789,15.040968627338106,41.52890351150789,14.260594683326461,0,47.0
76,10.79056348782794,-2.382604195389717,0.2246787461260887,9.551558701300166,13.522818580234606,13.522818580234606,4.66020829418245,1,16.0
77,7.623251876954793,-2.1251671711062268,0.049188313814394535,16.745582227126675,33.13344182889232,33.13344182889232,16.702372764291784,0,14.0
78,7.85777408907756,-2.816328816097609,0.01711227769214084,14.293735713055971,7.183680783300983,16.383843246404513,6.477065713305715,0,13.0
79,4.304911388000346,57.699626978598644,0.07877840723212089,40.70834742222393,27.13226206083305,41.12900530038656,14.549222802108064,0,34.0
80,4.202148586759395,81.0481518641285,0.15427956509192178,24.868443345781074,20.191898568801182,24.98475111228015,16.745535495201327,0,20.0
81,2.5898118851362546,73.62560313130713,0.12052555299955685,18.072908575369606,20.29631803690366,20.29631803690366,14.293368025277749,0,20.0
82,1.7537339135431371,-31.488249256455326,0.1923183601760588,43.35290528920559,25.9771806091598,43.59008518469897,15.480657318920438,0,36.0
83,4.9816222017106595,-19.033577925218534,0.1619307610266931,35.03400094334623,35.579285974572365,35.579285974572365,15.478841365069346,0,36.0
84,6.239514708916764,130.3581368633394,0.25169872415825306,34.29826855514162,10.90399512649257,34.29826855514162,10.90399512649257,0,59.0
85,4.194997892416503,143.4358571528797,0.11852779362906488,26.210630708803073,27.68112672191627,28.947323123716,21.828472899290446,0,16.0
86,2.724099563889641,135.2935377306066,0.08546532048631235,29.657846494782586,24.014620534606298,29.657846494782586,23.291849264524576,0,12.0
87,3.549554570160596,137.2685619011435,0.1481204903789295,15.678354134908867,19.39070780573666,19.39070780573666,14.143030324028786,0,20.0
88,7.697189440923876,158.71261324150018,0.14547008837699052,10.701609338575167,9.741236993405426,13.79607917199171,9.741236993405426,0,13.0
89,7.748528252524863,166.93402914939938,0.05630593474785841,26.952265954729647,27.882773856170864,28.011095082967138,26.051919514343467,0,17.0
90,4.304911388000346,57.699626978598644,0.07877840723212089,40.70834742222393,27.13226206083305,41.12900530038656,14.549222802108064,0,34.0
91,2.130056226486868,32.70027120537873,0.06281795631943363,18.211546647395245,22.415978667242058,22.792188433446487,18.211546647395245,0,13.0
92,4.932343320046847,103.08907859614688,0.163313259414502,19.04685040404011,41.78744660885301,41.78744660885301,18.386893627858907,0,27.0
93,12.259552533851132,129.98430956006143,0.2832734531121401,26.619368982171387,23.293910993746763,27.64163171009271,21.707338958396306,0,24.0
94,9.364072272469503,109.370396659948,0.14983842794082208,13.854286876023775,36.3021437836625,38.248470370991456,13.197213459998448,0,21.0
95,6.239514708916764,130.3581368633394,0.25169872415825306,34.29826855514162,10.90399512649257,34.29826855514162,10.90399512649257,0,59.0
96,17.412873706260687,-77.56190033361338,0.057047462176685576,11.448754665332167,10.378864862674744,20.881229502970484,5.571166472841356,1,25.0
97,7.399915613282181,-75.54865899844583,0.008496040601138675,37.0,17.662447098640552,37.0,16.449079866614582,0,11.0
98,15.954905943184448,-98.55760372930355,0.04990947606142596,8.961062503303516,24.17193894292629,31.165250104728674,8.961062503303516,0,15.0
99,9.422753269900047,91.09617509363142,0.3876266361468425,39.698357764632284,6.905061622646317,39.840557212319816,3.3437456637107363,3,65.0
100,10.389461133811556,79.13116333973102,0.6046928811709613,44.35894370809208,15.149983865002644,44.35894370809208,12.790542662509322,0,16.0
101,10.429866663057112,82.17889778131533,0.5272846434339044,17.929167876846076,9.727921661877373,28.578651595288292,5.815658531736474,1,13.0
102,11.423447451326744,68.24517784580866,0.3629894776842126,23.263849212681492,24.594451916801486,29.265495486214075,12.420472305745475,0,16.0
103,8.176189715927741,-66.86646629045379,0.01888309229942053,7.271248805812073,15.818247472693008,20.733306564905483,7.271248805812073,0,11.0
104,13.099348347153061,155.09951498667004,0.20546551010479447,31.040135190904646,35.377325552486795,35.90724898250612,12.524129757355919,0,45.0
105,6.893113985602863,153.1303045660582,0.13808770626656813,15.099745791349154,17.64083794311617,23.68280746574073,12.93910757376802,0,22.0
106,12.146019457265394,80.98998396585905,0.6216927578257951,20.134440807942852,31.22743615600644,31.22743615600644,9.738077570226851,0,18.0
107,10.81800184021608,83.80050592500228,0.23235841445339075,22.106887049353027,32.535643797645186,32.535643797645186,9.675943338706011,0,15.0
108,8.089137388913077,85.4113980277785,0.26627627898893946,31.771161111938795,15.201894233607685,31.771161111938795,11.03884139870003,0,12.0
109,10.79056348782794,-2.382604195389717,0.2246787461260887,9.551558701300166,13.522818580234606,13.522818580234606,4.66020829418245,1,16.0
110,7.8465164400601735,-2.140315335915432,0.13030385323118998,10.288630994481599,23.499627313179158,23.77551997485689,8.66681913576557,0,14.0
111,11.628181321171686,-4.567934024599992,0.1008467046439156,25.782453718405566,17.275167057177633,33.69548753924819,15.46886135971091,0,18.0
112,4.638060570226833,153.3616656386543,0.2284138879098709,12.482378454693794,20.45441780534595,25.77504259722765,11.016142737092665,0,24.0
113,7.451728110184394,129.12080045609306,0.16764868803848035,24.016233321036356,35.50933900344379,37.375260957093744,22.46537517798293,0,19.0
114,6.933440144831495,131.7276796893142,0.1346583531119817,25.205094975289,29.83126402518634,34.30172930347156,22.0687927047715,0,19.0
115,5.875564186866071,136.47332993301887,0.10333375586127357,22.565167191614385,30.67407671834547,33.55467410664154,22.410759188956632,0,19.0
116,6.800096557455952,140.18359743219338,0.2120630544785876,20.747354565742487,22.034749048695847,22.034749048695847,10.23750507989896,0,19.0
117,7.623251876954793,-2.1251671711062268,0.049188313814394535,16.745582227126675,33.13344182889232,33.13344182889232,16.702372764291784,0,14.0
118,7.8465164400601735,-2.140315335915432,0.13030385323118998,10.288630994481599,23.499627313179158,23.77551997485689,8.66681913576557,0,14.0
119,7.85777408907756,-2.816328816097609,0.01711227769214084,14.293735713055971,7.183680783300983,16.383843246404513,6.477065713305715,0,13.0
120,11.628181321171686,-4.567934024599992,0.1008467046439156,25.782453718405566,17.275167057177633,33.69548753924819,15.46886135971091,0,18.0
121,5.3420659878115115,-8.699785788201892,0.25143292928778377,32.259603963553765,13.996418600906784,32.259603963553765,12.500358873998685,0,41.0
122,3.0936262792545293,1.2966265915139277,0.2274574700521569,19.943584931865338,24.22008115229106,24.22008115229106,17.27052115155448,0,24.0
123,10.148700932970467,83.82847675233855,0.3684548305997262,27.98319211528744,19.721825796075343,37.055844017532394,5.048716096196012,1,15.0
124,10.429866663057112,82.17889778131533,0.5272846434339044,17.929167876846076,9.727921661877373,28.578651595288292,5.815658531736474,1,13.0
125,10.81800184021608,83.80050592500228,0.23235841445339075,22.106887049353027,32.535643797645186,32.535643797645186,9.675943338706011,0,15.0
126,11.423447451326744,68.24517784580866,0.3629894776842126,23.263849212681492,24.594451916801486,29.265495486214075,12.420472305745475,0,16.0
127,9.364072272469503,109.370396659948,0.14983842794082208,13.854286876023775,36.3021437836625,38.248470370991456,13.197213459998448,0,21.0
128,9.422753269900047,91.09617509363142,0.3876266361468425,39.698357764632284,6.905061622646317,39.840557212319816,3.3437456637107363,3,65.0
129,4.194997892416503,143.4358571528797,0.11852779362906488,26.210630708803073,27.68112672191627,28.947323123716,21.828472899290446,0,16.0
130,7.760840331711006,127.40233362355947,0.28236306888958995,30.004234422075893,17.447640173650743,30.004234422075893,9.440336066053467,0,69.0
131,8.625073073175873,85.43424239554432,0.17474794260339194,11.559145760774431,15.813169426207569,38.63814482255668,11.559145760774431,0,12.0
132,8.089137388913077,85.4113980277785,0.26627627898893946,31.771161111938795,15.201894233607685,31.771161111938795,11.03884139870003,0,12.0
133,7.129856182435111,-75.58531968967054,0.01912116740916863,19.3463860288534,5.976522748829894,20.06538835304043,5.976522748829894,1,11.0
134,7.399915613282181,-75.54865899844583,0.008496040601138675,37.0,17.662447098640552,37.0,16.449079866614582,0,11.0
135,10.670596990866152,12.647133522601926,0.02250573342437788,6.0797223431274405,7.868402658246204,14.151980770795912,3.833129553648504,1,13.0
136,10.016029973600077,12.753601596616141,0.015537999062327909,15.4512592103034,8.803572184210998,22.926637537516136,7.547963550183512,0,13.0
137,10.013534180620034,12.815263248600118,0.007741832236575497,24.12265192172585,22.245254718969406,33.174573155763156,17.217640299252498,0,13.0
138,6.78058721167633,-78.81834029816616,0.1654174224536914,10.425669023452377,7.337960908890167,25.041908378354254,4.5411268733343055,1,11.0
139,12.90249516454628,-87.10492708979301,0.09865264676984717,10.76764953914196,29.591627228774176,32.07853431750816,8.082836124928905,0,18.0
140,19.2107436222042,14.327702743489304,0.09202716717414454,10.793087765829279,13.447746488472587,17.936209797847788,6.095651370637852,0,21.0
141,10.013534180620034,12.815263248600118,0.007741832236575497,24.12265192172585,22.245254718969406,33.174573155763156,17.217640299252498,0,13.0
142,13.781638612448413,17.202669151692813,0.11259977352180073,23.10145913636001,19.585145115266595,28.882547351931105,15.660957050054359,0,17.0
143,2.724099563889641,135.2935377306066,0.08546532048631235,29.657846494782586,24.014620534606298,29.657846494782586,23.291849264524576,0,12.0
144,7.760840331711006,127.40233362355947,0.28236306888958995,30.004234422075893,17.447640173650743,30.004234422075893,9.440336066053467,0,69.0
145,3.549554570160596,137.2685619011435,0.1481204903789295,15.678354134908867,19.39070780573666,19.39070780573666,14.143030324028786,0,20.0
146,4.120563988159542,133.96851553755357,0.5126871512882043,41.795392982612704,6.79148914369642,42.51371905696693,6.79148914369642,0,52.0
147,7.088455312737199,-79.46985389843735,0.02094747471269593,6.7776574304538375,22.258222750778852,25.842126105979887,6.7776574304538375,0,11.0
148,12.90249516454628,-87.10492708979301,0.09865264676984717,10.76764953914196,29.591627228774176,32.07853431750816,8.082836124928905,0,18.0
149,21.183655636211935,-106.74288575845115,0.18480225701490186,31.412266519081047,9.744437744190423,34.0108661579764,7.295531546168369,0,25.0
150,8.638660813802169,-126.54669925031544,0.024322420245730933,11.402397631599241,17.89361262650207,17.89361262650207,4.958444886903035,1,14.0
151,5.950121747521349,141.60191556190057,0.2972588589129935,41.52890351150789,15.040968627338106,41.52890351150789,14.260594683326461,0,47.0
152,21.183655636211935,-106.74288575845115,0.18480225701490186,31.412266519081047,9.744437744190423,34.0108661579764,7.295531546168369,0,25.0
153,7.956349400550785,-125.64107488325772,0.014767781393041291,20.124810439618003,8.350972658236305,26.950452971633414,7.807697231695111,0,12.0
154,7.174973546340065,156.8984470845778,0.19019103968218304,8.398636885012996,12.700794406496938,16.281451332684806,8.398636885012996,0,22.0
155,6.893113985602863,153.1303045660582,0.13808770626656813,15.099745791349154,17.64083794311617,23.68280746574073,12.93910757376802,0,22.0
156,2.988257234830173,136.18143236814652,0.04824794795093057,26.760192670265194,31.22346743494875,31.993714601467946,26.760192670265194,0,10.0
157,6.824282712069263,135.83684644267916,0.14246286383322698,31.91533267340007,27.46843263732379,31.91533267340007,23.951162577818057,0,21.0
158,4.66241693776522,146.64544289941983,0.3003945743872339,15.683997098701855,15.593942216217362,26.33173510061483,14.508309931644769,0,16.0
159,4.202148586759395,81.0481518641285,0.15427956509192178,24.868443345781074,20.191898568801182,24.98475111228015,16.745535495201327,0,20.0
160,3.6724867100318415,84.9944951274025,0.34376363836804563,43.72927409280041,11.016683752982251,43.72927409280041,11.016683752982251,0,63.0
161,2.266686093901277,117.17583831952152,0.06416218423465958,26.47640458974745,38.96192429307917,38.96192429307917,25.317977802344327,0,13.0
162,2.5898118851362546,73.62560313130713,0.12052555299955685,18.072908575369606,20.29631803690366,20.29631803690366,14.293368025277749,0,20.0
163,3.6724867100318415,84.9944951274025,0.34376363836804563,43.72927409280041,11.016683752982251,43.72927409280041,11.016683752982251,0,63.0
164,9.35079525327435,-90.4946208554386,0.2189264995304484,6.408950665215508,7.236983260601303,13.517383208841819,5.687575761718682,1,11.0
165,15.954905943184448,-98.55760372930355,0.04990947606142596,8.961062503303516,24.17193894292629,31.165250104728674,8.961062503303516,0,15.0
166,3.1127358153836937,25.64367338321517,0.14388088901009666,39.01016520201789,23.159148444662762,39.01016520201789,13.195353593376856,0,34.0
167,7.337035861951897,102.87691957273485,0.8310405564092679,39.219930365445386,4.407876983660033,39.219930365445386,4.407876983660033,2,57.0
168,13.591165893985831,-10.21041500792569,0.029247166865314582,9.309735662126863,4.319203170797008,17.592376341471546,4.319203170797008,3,16.0
169,9.635865599257544,-10.731783210283993,0.011272872754617464,37.0,20.213246197800427,37.0,9.750106310702293,0,16.0
170,7.410272057322197,-9.272031932311904,0.03520021748707968,23.22737873112217,12.964483370062823,32.74098206604016,6.97600220998824,0,23.0
171,4.968676934837249,-8.05247737908445,0.9503551602452264,13.778878920707019,7.291583770940517,17.717266026683845,6.389971375011925,0,13.0
172,6.200138018686143,-8.148315585328476,0.0535968403173254,10.688976916332644,13.36813882310376,22.098537258047628,6.1319861994571685,0,14.0
173,7.136851567844117,170.3900743943925,0.19593313427572345,18.582796410259007,24.574070393075967,24.574070393075967,18.037239607875442,0,16.0
174,6.529020493613237,161.4191108010936,0.32540794088936603,26.41314616318369,18.939675842464077,26.892512226496983,18.939675842464077,0,16.0
175,5.3689987838487,150.1301865441927,0.0784815618684281,30.85870189416509,27.716266165172442,30.85870189416509,26.587199139799104,0,13.0
176,3.0936262792545293,1.2966265915139277,0.2274574700521569,19.943584931865338,24.22008115229106,24.22008115229106,17.27052115155448,0,24.0
177,6.2996740630619295,21.09566654179844,0.246601886653999,44.883661906031115,18.843629089786077,44.883661906031115,13.950087905640665,0,42.0
178,13.698542041616669,17.242662060630902,0.10204237835755296,5.13208534273017,14.00527062115531,18.04619860938563,5.13208534273017,1,18.0
179,14.30940377797905,16.867106695384912,0.3393322281797367,6.085473791051498,13.489526981024705,18.563767765908228,3.729112324952248,1,12.0
180,13.781638612448413,17.202669151692813,0.11259977352180073,23.10145913636001,19.585145115266595,28.882547351931105,15.660957050054359,0,17.0
181,5.891736785297784,15.512026899082992,0.05641449862251044,16.76768982153759,37.0,37.0,10.19035397660486,0,17.0
182,5.824155798713901,14.522060955927026,0.032031864710517687,14.47990242719674,4.996292234314304,15.175327624899854,4.996292234314304,1,11.0
183,2.130056226486868,32.70027120537873,0.06281795631943363,18.211546647395245,22.415978667242058,22.792188433446487,18.211546647395245,0,13.0
184,6.2996740630619295,21.09566654179844,0.246601886653999,44.883661906031115,18.843629089786077,44.883661906031115,13.950087905640665,0,42.0
185,13.591165893985831,-10.21041500792569,0.029247166865314582,9.309735662126863,4.319203170797008,17.592376341471546,4.319203170797008,3,16.0
186,9.882750314643843,-10.698009338037311,0.010710526968387509,37.013511046643494,35.16086061284387,37.013511046643494,15.545130445620694,0,13.0
187,4.66241693776522,146.64544289941983,0.3003945743872339,15.683997098701855,15.593942216217362,26.33173510061483,14.508309931644769,0,16.0
188,4.120563988159542,133.96851553755357,0.5126871512882043,41.795392982612704,6.79148914369642,42.51371905696693,6.79148914369642,0,52.0
189,8.638660813802169,-126.54669925031544,0.024322420245730933,11.402397631599241,17.89361262650207,17.89361262650207,4.958444886903035,1,14.0
190,7.956349400550785,-125.64107488325772,0.014767781393041291,20.124810439618003,8.350972658236305,26.950452971633414,7.807697231695111,0,12.0
191,3.0806683716638656,143.88885377331198,0.2238450099114853,40.50420648367319,24.83520206178588,40.50420648367319,14.724567258678064,0,43.0
192,9.635865599257544,-10.731783210283993,0.011272872754617464,37.0,20.213246197800427,37.0,9.750106310702293,0,16.0
193,9.882750314643843,-10.698009338037311,0.010710526968387509,37.013511046643494,35.16086061284387,37.013511046643494,15.545130445620694,0,13.0
194,2.7337270533668065,153.7100040944942,0.09136987591179388,23.465167621396688,25.31818141920552,25.31818141920552,22.946582659869193,0,11.0
195,4.58181337390033,145.8475053690396,0.1772630004104721,18.51399879098116,6.1985857744321216,25.61915842068419,6.1985857744321216,0,28.0
196,4.6798184651057015,167.82425655300568,0.2550070715150297,30.396424673311337,20.41757007479046,42.069923074804954,18.68251174953941,0,20.0
197,4.774907321700223,165.6906663811951,0.10201257592662497,24.91305048625159,28.260720666732478,31.78041316577446,24.91305048625159,0,12.0
198,3.937417169291457,166.56918708417638,0.15533747309187598,12.732784821378262,21.725131921924905,29.03616242489932,11.598678527928135,0,38.0
199,3.1127358153836937,25.64367338321517,0.14388088901009666,39.01016520201789,23.159148444662762,39.01016520201789,13.195353593376856,0,34.0
200,3.0806683716638656,143.88885377331198,0.2238450099114853,40.50420648367319,24.83520206178588,40.50420648367319,14.724567258678064,0,43.0
201,7.410272057322197,-9.272031932311904,0.03520021748707968,23.22737873112217,12.964483370062823,32.74098206604016,6.97600220998824,0,23.0
202,6.365841778425501,-6.914141861514737,0.04015945965856755,19.865512771381475,14.979305462229851,37.12142238654117,14.979305462229851,0,21.0
203,7.425336465997804,-7.123477572176911,0.025675604102452797,10.791589685366805,12.175009952623967,16.3121102052292,4.9034182633515515,1,22.0
204,2.7109361825345464,164.76595883705332,0.43943287273350456,21.43286027812081,6.069591397512275,21.43286027812081,6.069591397512275,0,30.0
205,4.125072853487125,85.07768534101834,0.3187686395065143,32.03505987895836,24.36765266915781,36.961044449410366,19.79393426153929,0,13.0
206,4.125072853487125,85.07768534101834,0.3187686395065143,32.03505987895836,24.36765266915781,36.961044449410366,19.79393426153929,0,13.0
207,6.08902527445614,62.526833610518075,0.36214255338789003,6.286786338775586,36.35644818460072,36.35644818460072,6.286786338775586,0,15.0
208,6.8629636832960355,82.0143523375369,0.24080901139736716,30.674755920819354,41.312632460411855,41.312632460411855,10.326912137746866,0,17.0
209,5.461589572154101,71.52865678443297,0.6652814060922204,34.363370234252294,19.787444170869644,34.363370234252294,6.290017938784051,0,10.0
210,3.937417169291457,166.56918708417638,0.15533747309187598,12.732784821378262,21.725131921924905,29.03616242489932,11.598678527928135,0,38.0
211,3.589395234905244,109.29747373397748,0.08760553636021767,18.819450111098565,21.299951484988057,21.299951484988057,15.022906916181984,0,18.0
212,5.891736785297784,15.512026899082992,0.05641449862251044,16.76768982153759,37.0,37.0,10.19035397660486,0,17.0
213,6.258645320702192,12.869539822163524,0.012659277480310234,37.0,31.123017449255272,37.013511046643494,19.587460004577185,0,31.0
214,2.819831320006516,11.865473923597785,0.014607761980669603,37.0,12.792892173119276,37.013511046643494,6.517888265281852,0,12.0
215,3.948184434889386,11.851367269207207,0.01908864429677449,28.526277898581892,11.678464533462913,28.526277898581892,9.288741574392887,0,17.0
216,4.87602717646662,75.44444444444444,0.055169797894323115,22.84731931759173,16.76305461424021,22.84731931759173,16.76305461424021,0,27.0
217,5.0424554367871135,72.96500854253036,0.06310236358911796,19.805450042746703,17.68902440741405,19.805450042746703,17.378147196982766,0,30.0
218,6.007797824365925,-129.12077591603978,0.0411395510350336,6.568829936102903,26.792359838142662,26.792359838142662,6.568829936102903,0,15.0
219,4.35599644623635,-130.8051493693811,0.03749504487645808,27.849845695448824,34.224481277202266,37.0,24.52582546462014,0,11.0
220,3.4778680645905937,-123.79431321242646,0.020331988728819285,10.419666205486251,6.949607104380317,10.419666205486251,4.30429024810326,1,10.0
221,4.806644286568337,-123.72377953949378,0.015421531465536162,14.371998528681187,19.05730884489368,23.29682864436039,10.575531598172203,0,15.0
222,5.967944772685755,-128.56560216278308,0.017868947197348974,27.22914656634729,13.901488875911069,28.49629921335197,7.134496104949522,0,18.0
223,4.968676934837249,-8.05247737908445,0.9503551602452264,13.778878920707019,7.291583770940517,17.717266026683845,6.389971375011925,0,13.0
224,6.365841778425501,-6.914141861514737,0.04015945965856755,19.865512771381475,14.979305462229851,37.12142238654117,14.979305462229851,0,21.0
225,6.592726270025504,-6.239468169814643,0.06773714243374987,9.921957725831476,7.265804385383338,27.499942655862288,6.826206187682568,0,33.0
226,4.328665785826085,-5.083960171224477,0.008635929730672322,17.29534550348906,29.202773654621357,33.8679285797015,16.87994986688395,0,17.0
227,3.589395234905244,109.29747373397748,0.08760553636021767,18.819450111098565,21.299951484988057,21.299951484988057,15.022906916181984,0,18.0
228,5.967944772685755,-128.56560216278308,0.017868947197348974,27.22914656634729,13.901488875911069,28.49629921335197,7.134496104949522,0,18.0
229,6.722004223091265,-127.54962577212723,0.07221537754168747,10.82680511081335,23.10625525095959,24.373988286447783,7.202976787020547,0,23.0
230,3.2480948923057857,-123.74417019983048,0.01523265601566214,16.033093578050167,8.862514548490307,20.482605607189566,5.842815106858264,1,13.0
231,6.200138018686143,-8.148315585328476,0.0535968403173254,10.688976916332644,13.36813882310376,22.098537258047628,6.1319861994571685,0,14.0
232,7.425336465997804,-7.123477572176911,0.025675604102452797,10.791589685366805,12.175009952623967,16.3121102052292,4.9034182633515515,1,22.0
233,6.592726270025504,-6.239468169814643,0.06773714243374987,9.921957725831476,7.265804385383338,27.499942655862288,6.826206187682568,0,33.0
234,4.659219001223949,-5.151912486517689,0.018375646476646818,7.374725997993934,19.482456157620607,24.59693270816669,6.132565261990229,0,17.0
235,3.10649240553816,-5.150094772889362,0.010821415749913068,14.373330681655323,26.33277800859907,27.133730713390413,14.098434885816824,0,12.0
236,6.007797824365925,-129.12077591603978,0.0411395510350336,6.568829936102903,26.792359838142662,26.792359838142662,6.568829936102903,0,15.0
237,6.2030848341401565,-130.97844544773056,0.12606174180126492,19.223289602957557,7.80961634703549,19.223289602957557,7.80961634703549,0,12.0
238,6.722004223091265,-127.54962577212723,0.07221537754168747,10.82680511081335,23.10625525095959,24.373988286447783,7.202976787020547,0,23.0
239,3.2281286327639704,-123.73713815922804,0.03915852965459005,27.14291252155473,20.447309762791644,29.580653785176317,14.87320164766292,0,12.0
240,5.824155798713901,14.522060955927026,0.032031864710517687,14.47990242719674,4.996292234314304,15.175327624899854,4.996292234314304,1,11.0
241,6.258645320702192,12.869539822163524,0.012659277480310234,37.0,31.123017449255272,37.013511046643494,19.587460004577185,0,31.0
242,3.3170332948566323,11.804030380150074,1.0444609866315249,7.039241084560755,18.4552529054206,19.597739934545316,4.273436322179516,1,12.0
243,5.733679943636013,11.848851407986881,0.01908366297281476,8.48699042705038,20.48122240312191,20.48122240312191,7.5450387582061955,0,17.0
244,6.08902527445614,62.526833610518075,0.36214255338789003,6.286786338775586,36.35644818460072,36.35644818460072,6.286786338775586,0,15.0
245,4.35599644623635,-130.8051493693811,0.03749504487645808,27.849845695448824,34.224481277202266,37.0,24.52582546462014,0,11.0
246,6.2030848341401565,-130.97844544773056,0.12606174180126492,19.223289602957557,7.80961634703549,19.223289602957557,7.80961634703549,0,12.0
247,2.7109361825345464,164.76595883705332,0.43943287273350456,21.43286027812081,6.069591397512275,21.43286027812081,6.069591397512275,0,30.0
248,2.7337270533668065,153.7100040944942,0.09136987591179388,23.465167621396688,25.31818141920552,25.31818141920552,22.946582659869193,0,11.0
249,4.4762746673108085,75.9151225928089,0.11519854187490032,10.877682117508114,4.133614627089143,10.877682117508114,3.741657386773941,5,22.0
250,5.0424554367871135,72.96500854253036,0.06310236358911796,19.805450042746703,17.68902440741405,19.805450042746703,17.378147196982766,0,30.0
251,4.58181337390033,145.8475053690396,0.1772630004104721,18.51399879098116,6.1985857744321216,25.61915842068419,6.1985857744321216,0,28.0
252,6.8629636832960355,82.0143523375369,0.24080901139736716,30.674755920819354,41.312632460411855,41.312632460411855,10.326912137746866,0,17.0
253,7.766065770410397,109.91409290398691,0.2708443690631185,42.01519110405782,15.967869448176145,42.01519110405782,15.967869448176145,0,10.0
254,7.1438623042673886,84.79825497649429,0.6289147880271195,11.93084973154243,15.836700998528116,28.062739182507812,8.996036266288883,0,10.0
255,6.436445138627052,99.96478667993703,0.9980947286021632,14.67794417705809,9.547180125022086,18.840561143524123,6.5883293525609625,0,14.0
256,7.766065770410397,109.91409290398691,0.2708443690631185,42.01519110405782,15.967869448176145,42.01519110405782,15.967869448176145,0,10.0
257,3.4778680645905937,-123.79431321242646,0.020331988728819285,10.419666205486251,6.949607104380317,10.419666205486251,4.30429024810326,1,10.0
258,5.461589572154101,71.52865678443297,0.6652814060922204,34.363370234252294,19.787444170869644,34.363370234252294,6.290017938784051,0,10.0
259,7.1438623042673886,84.79825497649429,0.6289147880271195,11.93084973154243,15.836700998528116,28.062739182507812,8.996036266288883,0,10.0
260,3.2480948923057857,-123.74417019983048,0.01523265601566214,16.033093578050167,8.862514548490307,20.482605607189566,5.842815106858264,1,13.0
261,3.2281286327639704,-123.73713815922804,0.03915852965459005,27.14291252155473,20.447309762791644,29.580653785176317,14.87320164766292,0,12.0
262,4.719756169569097,-122.21620692914246,0.01922925074023012,16.334137381405178,11.846641386423338,16.340305557725994,6.846526339446252,0,14.0
263,3.1925540765195537,-121.45666902318727,0.10248423950926468,26.625004161342787,28.96942049136582,37.0,20.777332618013336,0,12.0
264,2.819831320006516,11.865473923597785,0.014607761980669603,37.0,12.792892173119276,37.013511046643494,6.517888265281852,0,12.0
265,3.3170332948566323,11.804030380150074,1.0444609866315249,7.039241084560755,18.4552529054206,19.597739934545316,4.273436322179516,1,12.0
266,6.436445138627052,99.96478667993703,0.9980947286021632,14.67794417705809,9.547180125022086,18.840561143524123,6.5883293525609625,0,14.0
267,4.806644286568337,-123.72377953949378,0.015421531465536162,14.371998528681187,19.05730884489368,23.29682864436039,10.575531598172203,0,15.0
268,3.002504521185685,-122.9768212955894,0.01108170198969848,15.781983216168795,11.663061693326886,21.094585951116642,10.391605677993207,0,11.0
269,3.002504521185685,-122.9768212955894,0.01108170198969848,15.781983216168795,11.663061693326886,21.094585951116642,10.391605677993207,0,11.0
270,3.948184434889386,11.851367269207207,0.01908864429677449,28.526277898581892,11.678464533462913,28.526277898581892,9.288741574392887,0,17.0
271,5.733679943636013,11.848851407986881,0.01908366297281476,8.48699042705038,20.48122240312191,20.48122240312191,7.5450387582061955,0,17.0
272,4.328665785826085,-5.083960171224477,0.008635929730672322,17.29534550348906,29.202773654621357,33.8679285797015,16.87994986688395,0,17.0
273,4.659219001223949,-5.151912486517689,0.018375646476646818,7.374725997993934,19.482456157620607,24.59693270816669,6.132565261990229,0,17.0
274,3.705714553513484,-5.147141466266079,0.02743198054288921,7.000028759636817,8.469085994460112,13.664071755487127,5.1949152145784,1,12.0
275,2.266686093901277,117.17583831952152,0.06416218423465958,26.47640458974745,38.96192429307917,38.96192429307917,25.317977802344327,0,13.0
276,4.719756169569097,-122.21620692914246,0.01922925074023012,16.334137381405178,11.846641386423338,16.340305557725994,6.846526339446252,0,14.0
277,3.2357040649608337,-121.45081837031648,0.13183272763273152,10.294268194177427,22.64414291542624,26.953603623365307,9.304594907289369,0,12.0
278,3.1925540765195537,-121.45666902318727,0.10248423950926468,26.625004161342787,28.96942049136582,37.0,20.777332618013336,0,12.0
279,3.2357040649608337,-121.45081837031648,0.13183272763273152,10.294268194177427,22.64414291542624,26.953603623365307,9.304594907289369,0,12.0
280,3.10649240553816,-5.150094772889362,0.010821415749913068,14.373330681655323,26.33277800859907,27.133730713390413,14.098434885816824,0,12.0
281,3.705714553513484,-5.147141466266079,0.02743198054288921,7.000028759636817,8.469085994460112,13.664071755487127,5.1949152145784,1,12.0
282,1.8519782602997863,127.40267240163999,0.12249121065993515,15.558485299488153,16.557360304669928,17.206929211301993,14.777121867594705,0,10.0
283,2.006554874766523,142.1183783744774,0.1580399737833777,37.62612212812001,14.19340296823881,37.62612212812001,12.258772885435127,0,52.0
284,3.7299853188306793,142.03690918967385,0.27352205464587714,27.348245831430106,34.818638624126045,34.818638624126045,26.76374351801325,0,29.0
285,1.8519782602997863,127.40267240163999,0.12249121065993515,15.558485299488153,16.557360304669928,17.206929211301993,14.777121867594705,0,10.0
286,5.439844599830253,26.336786340786944,0.12459698559163078,12.781684376499596,13.767791885636294,25.72930677358706,11.915606056147158,0,36.0
287,5.26835117506221,36.77312288220719,0.15317147077300608,23.029445040874247,17.973762394055328,27.380875634866577,16.927456586415367,0,35.0
288,5.988844754156151,43.62441224443262,0.22771500845148496,30.5686647471159,27.9823209604882,30.5686647471159,26.54611722802101,0,16.0
289,14.900050826551672,-87.93997783514429,0.010841503078906032,20.016855265167106,29.21173446523612,30.073367493749018,14.191500151174257,0,13.0
290,21.368466067888576,-115.36782137156773,0.018555016213395645,18.103501948800247,19.530713976584316,23.161892573524963,4.551768810059705,1,16.0
291,18.42579818486364,-116.73919465513404,0.01909281257168604,6.903745533938347,10.130778802434213,12.501984553288144,6.31467861797789,0,13.0
292,5.845772224621004,-155.35454374954134,0.2551881078260327,11.918673704682885,13.013813590573509,18.89746848331,10.942246149199118,0,10.0
293,6.07984735751342,117.36715944716205,0.2469355241515904,40.25869986785438,13.163754786629115,40.290901449202096,12.257929380953808,0,70.0
294,2.0118866376195936,108.93635047264118,0.03975708424697126,29.91364183350717,31.35485314567973,31.35485314567973,27.55504041695741,0,11.0
295,2.547371460597581,126.96268883005422,0.2385070739398822,13.43412499201442,14.312743924708768,14.909248029310195,12.241519402428192,0,12.0
296,3.4389948167783406,132.33742971037756,0.0777908142350762,23.755085140011225,21.561576086405367,24.165852926555072,21.01656566825741,0,14.0
297,5.704536869259544,121.45332535848192,0.20746434799799054,29.869666885944227,27.21988100631497,33.85524695604875,25.193678957442607,0,46.0
298,2.006554874766523,142.1183783744774,0.1580399737833777,37.62612212812001,14.19340296823881,37.62612212812001,12.258772885435127,0,52.0
299,4.367334361023582,151.1618761580895,0.1726793684861794,19.75405167840084,36.3842166781736,37.13610697780046,17.523341516132867,0,29.0
300,12.777018597763474,-88.59708807396191,0.11928234904158735,20.02188421169989,25.363752607296476,29.586604246675247,15.634666916767161,0,11.0
301,31.00555433775175,-123.59254768953609,0.16787092138841006,23.018330723358932,7.146465749470692,24.075194278280932,6.3746551966044525,0,28.0
302,6.07984735751342,117.36715944716205,0.2469355241515904,40.25869986785438,13.163754786629115,40.290901449202096,12.257929380953808,0,70.0
303,2.0670328538017784,109.1651561864584,0.03819509789859606,28.811765113681336,30.5309070418138,30.5309070418138,26.54112422235342,0,11.0
304,2.283434664367212,127.31608906632844,0.14029619280128194,18.953911248845973,21.92895448013629,25.10074367655665,18.76984255394796,0,12.0
305,2.8587902894929167,133.47027910146937,0.11861712105993798,30.126768879201922,24.596912082446448,31.09492415918147,24.596912082446448,0,14.0
306,5.56530208368867,120.809383562765,0.3262587401845196,19.924858845171283,21.110644065714368,31.99634433857112,15.524174696260026,0,48.0
307,2.1960188356199706,93.59019865767756,0.042288763798904436,21.15786742548955,22.17386220123137,22.17386220123137,20.69072643516243,0,11.0
308,3.7539585089916874,79.89900679664149,0.10800414381741076,27.236531532843234,30.138173589101434,30.452165732200562,27.08018774171157,0,18.0
309,2.0118866376195936,108.93635047264118,0.03975708424697126,29.91364183350717,31.35485314567973,31.35485314567973,27.55504041695741,0,11.0
310,2.0670328538017784,109.1651561864584,0.03819509789859606,28.811765113681336,30.5309070418138,30.5309070418138,26.54112422235342,0,11.0
311,2.1960188356199706,93.59019865767756,0.042288763798904436,21.15786742548955,22.17386220123137,22.17386220123137,20.69072643516243,0,11.0
312,3.365642959574083,83.72754785916341,0.10743981742092937,25.270231075053896,32.72399191724225,32.72399191724225,24.826536977896428,0,11.0
313,3.7299853188306793,142.03690918967385,0.27352205464587714,27.348245831430106,34.818638624126045,34.818638624126045,26.76374351801325,0,29.0
314,4.367334361023582,151.1618761580895,0.1726793684861794,19.75405167840084,36.3842166781736,37.13610697780046,17.523341516132867,0,29.0
315,2.3392654115535247,138.6927729941597,0.10361600366212677,34.94782368821727,15.870550456333351,34.94782368821727,15.661025660830031,0,12.0
316,3.4048324243576595,148.1422610948587,0.1043100991908016,22.447770597811925,27.48959556142035,27.48959556142035,22.02732042023096,0,14.0
317,2.2839010513355373,159.9201923763537,0.02969469756483273,24.554629935841497,25.403395974569406,25.807665782251373,22.605593865729656,0,15.0
318,2.547371460597581,126.96268883005422,0.2385070739398822,13.43412499201442,14.312743924708768,14.909248029310195,12.241519402428192,0,12.0
319,2.283434664367212,127.31608906632844,0.14029619280128194,18.953911248845973,21.92895448013629,25.10074367655665,18.76984255394796,0,12.0
320,2.3392654115535247,138.6927729941597,0.10361600366212677,34.94782368821727,15.870550456333351,34.94782368821727,15.661025660830031,0,12.0
321,13.835747960980878,27.038210730120788,0.0196896541254896,15.410209390734913,15.458031830558735,15.458031830558735,5.496107432017722,1,11.0
322,23.861898457864232,-22.96754109412535,0.0728368228065867,13.182374336178489,6.647251593176549,22.15310910155793,6.647251593176549,0,20.0
323,12.824418635218988,-19.898306897309624,0.010558171445124076,15.408519039968422,17.351205935205858,20.4291936363332,11.82974532094743,0,10.0
324,19.775333530736148,-28.462076019715198,0.08002557662732564,29.05129527660079,7.858559959973906,35.39338930294869,7.858559959973906,0,35.0
325,10.599840226521144,-29.398822187366253,0.07535881429266003,6.922520753150951,8.090296685313135,23.617295958466592,4.653999924756203,1,29.0
326,5.290641651231113,-28.29408621323984,0.0182172292564041,6.386975230303906,7.018345577975135,15.18781805002036,4.759360712802564,1,10.0
327,3.7539585089916874,79.89900679664149,0.10800414381741076,27.236531532843234,30.138173589101434,30.452165732200562,27.08018774171157,0,18.0
328,7.844993683557855,74.40014065135969,0.14375819452545996,22.374070656615142,22.084193554251474,25.244582982740923,13.752711502110708,0,28.0
329,13.835747960980878,27.038210730120788,0.0196896541254896,15.410209390734913,15.458031830558735,15.458031830558735,5.496107432017722,1,11.0
330,26.35205209060859,31.482464582225422,0.1315661577956376,18.459042118168952,15.957619215405595,18.459042118168952,4.960088811595915,2,20.0
331,13.094826564141606,-83.0597052637612,0.01909556074203773,12.399811482023294,21.66168915853505,21.66168915853505,8.696671270076278,0,10.0
332,13.369219358904395,-83.96141333103026,0.053003114382235664,16.204377246432845,8.38469753870827,28.31991398203359,8.38469753870827,0,10.0
333,3.365642959574083,83.72754785916341,0.10743981742092937,25.270231075053896,32.72399191724225,32.72399191724225,24.826536977896428,0,11.0
334,7.844993683557855,74.40014065135969,0.14375819452545996,22.374070656615142,22.084193554251474,25.244582982740923,13.752711502110708,0,28.0
335,14.900050826551672,-87.93997783514429,0.010841503078906032,20.016855265167106,29.21173446523612,30.073367493749018,14.191500151174257,0,13.0
336,26.35205209060859,31.482464582225422,0.1315661577956376,18.459042118168952,15.957619215405595,18.459042118168952,4.960088811595915,2,20.0
337,5.284842110791487,35.70112496217548,0.06795527488405806,17.52368007220116,7.374425537042037,19.430002848912878,6.229957846849545,0,15.0
338,4.165103436993549,35.14197794949998,0.017234607970820468,7.198384579483068,20.1193992601868,22.923062081333647,7.198384579483068,0,10.0
339,23.861898457864232,-22.96754109412535,0.0728368228065867,13.182374336178489,6.647251593176549,22.15310910155793,6.647251593176549,0,20.0
340,12.868982968119447,-19.887227627723007,0.006069607620890662,31.374936185285,23.995577250416762,37.0,23.995577250416762,0,10.0
341,12.777018597763474,-88.59708807396191,0.11928234904158735,20.02188421169989,25.363752607296476,29.586604246675247,15.634666916767161,0,11.0
342,13.094826564141606,-83.0597052637612,0.01909556074203773,12.399811482023294,21.66168915853505,21.66168915853505,8.696671270076278,0,10.0
343,5.439844599830253,26.336786340786944,0.12459698559163078,12.781684376499596,13.767791885636294,25.72930677358706,11.915606056147158,0,36.0
344,12.824418635218988,-19.898306897309624,0.010558171445124076,15.408519039968422,17.351205935205858,20.4291936363332,11.82974532094743,0,10.0
345,12.868982968119447,-19.887227627723007,0.006069607620890662,31.374936185285,23.995577250416762,37.0,23.995577250416762,0,10.0
346,31.00555433775175,-123.59254768953609,0.16787092138841006,23.018330723358932,7.146465749470692,24.075194278280932,6.3746551966044525,0,28.0
347,13.369219358904395,-83.96141333103026,0.053003114382235664,16.204377246432845,8.38469753870827,28.31991398203359,8.38469753870827,0,10.0
348,21.368466067888576,-115.36782137156773,0.018555016213395645,18.103501948800247,19.530713976584316,23.161892573524963,4.551768810059705,1,16.0
349,18.619181288814584,-116.70820049002714,0.009030341648288216,30.063531150226694,14.675662662874815,30.063531150226694,14.325038261925918,0,13.0
350,18.42579818486364,-116.73919465513404,0.01909281257168604,6.903745533938347,10.130778802434213,12.501984553288144,6.31467861797789,0,13.0
351,18.619181288814584,-116.70820049002714,0.009030341648288216,30.063531150226694,14.675662662874815,30.063531150226694,14.325038261925918,0,13.0
352,3.4389948167783406,132.33742971037756,0.0777908142350762,23.755085140011225,21.561576086405367,24.165852926555072,21.01656566825741,0,14.0
353,2.8587902894929167,133.47027910146937,0.11861712105993798,30.126768879201922,24.596912082446448,31.09492415918147,24.596912082446448,0,14.0
354,3.4048324243576595,148.1422610948587,0.1043100991908016,22.447770597811925,27.48959556142035,27.48959556142035,22.02732042023096,0,14.0
355,6.383094783653759,75.49405722813931,0.29279377610630924,11.071537217738607,12.678989634439189,21.351970932355076,9.601756675946516,0,41.0
356,19.775333530736148,-28.462076019715198,0.08002557662732564,29.05129527660079,7.858559959973906,35.39338930294869,7.858559959973906,0,35.0
357,10.097253427652104,-29.154072143935817,0.18284753715965948,22.12880166721839,8.17172292177867,26.501281176576423,6.1344035205423175,0,29.0
358,4.9504107648709725,-28.479840534936212,0.010135343601557895,18.73627801021384,18.508777432199786,24.713069858159553,12.920812973258649,0,10.0
359,6.383094783653759,75.49405722813931,0.29279377610630924,11.071537217738607,12.678989634439189,21.351970932355076,9.601756675946516,0,41.0
360,5.26835117506221,36.77312288220719,0.15317147077300608,23.029445040874247,17.973762394055328,27.380875634866577,16.927456586415367,0,35.0
361,10.866936441970966,58.3630232107497,0.32951335721456,28.039779258155235,6.152567555306328,28.039779258155235,5.019766619663779,2,47.0
362,11.217481191695724,-11.354528704456925,0.2761730712315253,28.517984866031753,5.694901250663251,28.517984866031753,5.694901250663251,1,46.0
363,2.2839010513355373,159.9201923763537,0.02969469756483273,24.554629935841497,25.403395974569406,25.807665782251373,22.605593865729656,0,15.0
364,5.969312150687886,157.94392738528222,0.13845876233068172,27.0030542514712,12.474372211365472,27.0030542514712,12.474372211365472,0,55.0
365,4.281417012239406,97.5157163718734,0.2846029015777953,26.49586521161434,8.48528137423857,26.49586521161434,8.48528137423857,0,28.0
366,7.3129523186359755,149.38811979770452,0.30906534330919355,10.596521674346366,11.390079097045591,31.220619297747284,10.094920426302387,0,55.0
367,11.217481191695724,-11.354528704456925,0.2761730712315253,28.517984866031753,5.694901250663251,28.517984866031753,5.694901250663251,1,46.0
368,10.599840226521144,-29.398822187366253,0.07535881429266003,6.922520753150951,8.090296685313135,23.617295958466592,4.653999924756203,1,29.0
369,10.097253427652104,-29.154072143935817,0.18284753715965948,22.12880166721839,8.17172292177867,26.501281176576423,6.1344035205423175,0,29.0
370,5.012903691171927,-28.543442438950194,0.01998312468473977,9.582755720926766,8.043493283331037,13.941451476172054,3.4189946841354524,1,10.0
371,5.845772224621004,-155.35454374954134,0.2551881078260327,11.918673704682885,13.013813590573509,18.89746848331,10.942246149199118,0,10.0
372,7.3129523186359755,149.38811979770452,0.30906534330919355,10.596521674346366,11.390079097045591,31.220619297747284,10.094920426302387,0,55.0
373,5.969312150687886,157.94392738528222,0.13845876233068172,27.0030542514712,12.474372211365472,27.0030542514712,12.474372211365472,0,55.0
374,6.4853539607574815,146.26149399586885,0.0982796795959542,20.984390444021876,21.697216611420927,32.93307312110326,19.543078887734282,0,50.0
375,4.109158959117448,154.29028182146558,0.16993497103254812,19.368872782522217,23.2040609445617,23.623186935261078,17.490361246220232,0,30.0
376,5.284842110791487,35.70112496217548,0.06795527488405806,17.52368007220116,7.374425537042037,19.430002848912878,6.229957846849545,0,15.0
377,4.969943348452696,35.343064505600594,0.0507904882434504,22.72354740033654,29.89389010816577,32.40070465038816,22.001641445693974,0,10.0
378,12.49943709189086,38.32400197103613,0.0598539320971939,9.086566295133217,13.78714026165708,37.242448899072144,9.086566295133217,0,23.0
379,9.493228681724398,37.276540373945366,0.1487080261050613,11.37502871962348,10.927521181347382,12.763043916538875,4.7335938702258185,1,14.0
380,5.290641651231113,-28.29408621323984,0.0182172292564041,6.386975230303906,7.018345577975135,15.18781805002036,4.759360712802564,1,10.0
381,4.9504107648709725,-28.479840534936212,0.010135343601557895,18.73627801021384,18.508777432199786,24.713069858159553,12.920812973258649,0,10.0
382,5.012903691171927,-28.543442438950194,0.01998312468473977,9.582755720926766,8.043493283331037,13.941451476172054,3.4189946841354524,1,10.0
383,5.56530208368867,120.809383562765,0.3262587401845196,19.924858845171283,21.110644065714368,31.99634433857112,15.524174696260026,0,48.0
384,4.281417012239406,97.5157163718734,0.2846029015777953,26.49586521161434,8.48528137423857,26.49586521161434,8.48528137423857,0,28.0
385,4.165103436993549,35.14197794949998,0.017234607970820468,7.198384579483068,20.1193992601868,22.923062081333647,7.198384579483068,0,10.0
386,4.969943348452696,35.343064505600594,0.0507904882434504,22.72354740033654,29.89389010816577,32.40070465038816,22.001641445693974,0,10.0
387,5.704536869259544,121.45332535848192,0.20746434799799054,29.869666885944227,27.21988100631497,33.85524695604875,25.193678957442607,0,46.0
388,6.4853539607574815,146.26149399586885,0.0982796795959542,20.984390444021876,21.697216611420927,32.93307312110326,19.543078887734282,0,50.0
389,3.6473071541523954,143.2893379137961,0.18252941577144485,23.021728866442675,14.597746486574245,23.50955596154472,14.597746486574245,0,30.0
390,5.988844754156151,43.62441224443262,0.22771500845148496,30.5686647471159,27.9823209604882,30.5686647471159,26.54611722802101,0,16.0
391,10.866936441970966,58.3630232107497,0.32951335721456,28.039779258155235,6.152567555306328,28.039779258155235,5.019766619663779,2,47.0
392,12.49943709189086,38.32400197103613,0.0598539320971939,9.086566295133217,13.78714026165708,37.242448899072144,9.086566295133217,0,23.0
393,9.275608641571292,37.149183565292454,0.10028569254962272,16.977007490096884,29.07753629442328,32.28458783527094,16.977007490096884,0,14.0
394,8.965743053733975,42.83675522699528,0.01925265633732752,13.970375869033616,28.381179996475836,29.467860235267462,4.716557125987706,1,13.0
395,8.193879368611471,42.88558617775645,0.02828818580752137,6.378798036669853,8.768002584420081,14.310043788160437,6.378798036669853,0,10.0
396,9.493228681724398,37.276540373945366,0.1487080261050613,11.37502871962348,10.927521181347382,12.763043916538875,4.7335938702258185,1,14.0
397,9.275608641571292,37.149183565292454,0.10028569254962272,16.977007490096884,29.07753629442328,32.28458783527094,16.977007490096884,0,14.0
398,19.438786918674715,-134.3354206139329,0.08540666473831554,20.613837251365,19.547243320005347,37.0,6.343225476180352,0,33.0
399,12.79493565835062,-143.32511953246583,0.017898695643694798,9.942389659992838,17.36131521208822,25.018848052256608,7.48145971265217,0,18.0
400,9.167970710067193,-119.87080130460026,0.010765793513263209,16.386503676943313,15.322605943611768,27.922931059361353,12.475982775055922,0,17.0
401,6.9704395774799455,-116.87783310306372,0.015402869398177284,10.747458086824864,9.006290999476047,15.386665561653832,6.485225184653005,0,14.0
402,19.438786918674715,-134.3354206139329,0.08540666473831554,20.613837251365,19.547243320005347,37.0,6.343225476180352,0,33.0
403,12.621195416651627,-143.8955894781957,0.04839704464005624,8.409842054466603,6.631675648302567,15.649082546311613,5.969732752405203,1,18.0
404,7.092378611486501,-114.70859742613631,0.09511987377911668,14.23160915815915,30.70823938502345,31.358729417464485,12.678478549677045,0,20.0
405,6.115142533251102,-155.32109522569704,0.011002226810469235,18.031898201656496,24.888572361084627,24.888572361084627,8.95857321172853,0,10.0
406,6.115142533251102,-155.32109522569704,0.011002226810469235,18.031898201656496,24.888572361084627,24.888572361084627,8.95857321172853,0,10.0
407,12.79493565835062,-143.32511953246583,0.017898695643694798,9.942389659992838,17.36131521208822,25.018848052256608,7.48145971265217,0,18.0
408,12.621195416651627,-143.8955894781957,0.04839704464005624,8.409842054466603,6.631675648302567,15.649082546311613,5.969732752405203,1,18.0
409,4.109158959117448,154.29028182146558,0.16993497103254812,19.368872782522217,23.2040609445617,23.623186935261078,17.490361246220232,0,30.0
410,3.6473071541523954,143.2893379137961,0.18252941577144485,23.021728866442675,14.597746486574245,23.50955596154472,14.597746486574245,0,30.0
411,4.525458244732786,75.83863355855208,0.2372271115747592,13.995504942299863,15.603426177853553,19.801428178413087,9.84709626837535,0,30.0
412,8.965743053733975,42.83675522699528,0.01925265633732752,13.970375869033616,28.381179996475836,29.467860235267462,4.716557125987706,1,13.0
413,9.581384174972996,42.65586447857129,0.015260544927954,10.446008861851807,31.709130633862003,31.709130633862003,6.994197979328293,0,17.0
414,10.569832125317358,40.33060980106085,0.04158329978826902,18.839427644731085,9.72621544834002,30.889839681639053,6.7854010770746624,0,26.0
415,4.341123083542676,40.9683397872537,0.007619601468004964,35.07163948172587,16.658621700649537,35.07163948172587,16.658621700649537,0,12.0
416,4.525458244732786,75.83863355855208,0.2372271115747592,13.995504942299863,15.603426177853553,19.801428178413087,9.84709626837535,0,30.0
417,9.167970710067193,-119.87080130460026,0.010765793513263209,16.386503676943313,15.322605943611768,27.922931059361353,12.475982775055922,0,17.0
418,7.3464692967817555,-114.64070534929671,0.02260771639700761,10.748401568635645,6.304966238387747,17.716900057194028,5.640583695525312,3,26.0
419,8.193879368611471,42.88558617775645,0.02828818580752137,6.378798036669853,8.768002584420081,14.310043788160437,6.378798036669853,0,10.0
420,9.581384174972996,42.65586447857129,0.015260544927954,10.446008861851807,31.709130633862003,31.709130633862003,6.994197979328293,0,17.0
421,8.765946554073624,42.696226200023226,0.010753558669694012,24.43814662218897,37.0,37.0,17.797484085352274,0,16.0
422,10.569832125317358,40.33060980106085,0.04158329978826902,18.839427644731085,9.72621544834002,30.889839681639053,6.7854010770746624,0,26.0
423,8.765946554073624,42.696226200023226,0.010753558669694012,24.43814662218897,37.0,37.0,17.797484085352274,0,16.0
424,3.9694983825701646,41.238655605914076,0.09046013523428174,10.23979428081568,5.778221792328638,14.811231331193087,5.778221792328638,1,12.0
425,6.9704395774799455,-116.87783310306372,0.015402869398177284,10.747458086824864,9.006290999476047,15.386665561653832,6.485225184653005,0,14.0
426,7.092378611486501,-114.70859742613631,0.09511987377911668,14.23160915815915,30.70823938502345,31.358729417464485,12.678478549677045,0,20.0
427,7.3464692967817555,-114.64070534929671,0.02260771639700761,10.748401568635645,6.304966238387747,17.716900057194028,5.640583695525312,3,26.0
428,4.341123083542676,40.9683397872537,0.007619601468004964,35.07163948172587,16.658621700649537,35.07163948172587,16.658621700649537,0,12.0
429,3.9694983825701646,41.238655605914076,0.09046013523428174,10.23979428081568,5.778221792328638,14.811231331193087,5.778221792328638,1,12.0
430,5.578885104664232,-112.15053837442815,0.02194741552172041,12.59016654304002,10.83900870321725,15.890767582396098,5.1179425842698585,1,12.0
431,5.184419230888424,-112.44625959911218,0.010773779391586602,14.68958066722366,18.929799549951426,23.14250066928715,13.876384290525856,0,10.0
432,3.1335604094004035,-30.67343378092181,0.007054375924438166,17.436913513143793,22.347536386514374,37.0,17.436913513143793,0,10.0
433,3.1335604094004035,-30.67343378092181,0.007054375924438166,17.436913513143793,22.347536386514374,37.0,17.436913513143793,0,10.0
434,5.578885104664232,-112.15053837442815,0.02194741552172041,12.59016654304002,10.83900870321725,15.890767582396098,5.1179425842698585,1,12.0
435,5.432959928658934,-112.406158208722,0.009504410345522052,27.27872901051773,32.01326890926284,32.01326890926284,22.394487216984693,0,10.0
436,5.184419230888424,-112.44625959911218,0.010773779391586602,14.68958066722366,18.929799549951426,23.14250066928715,13.876384290525856,0,10.0
437,5.432959928658934,-112.406158208722,0.009504410345522052,27.27872901051773,32.01326890926284,32.01326890926284,22.394487216984693,0,10.0
438,4.777407453950985,44.3079146130915,0.24312623533903602,42.47093041086201,23.769728648009423,42.47093041086201,14.53851498554103,0,36.0
439,3.228158092953612,32.572326256955854,0.07565713585067305,22.787697629477428,35.82186472514374,36.126930180892394,22.787697629477428,0,19.0
440,4.777407453950985,44.3079146130915,0.24312623533903602,42.47093041086201,23.769728648009423,42.47093041086201,14.53851498554103,0,36.0
441,3.7340750478729885,120.78250642766531,0.4705854374812727,16.643316977093242,31.60647901052999,37.66521919542543,13.45362404707371,0,51.0
442,2.5336911104700297,109.84210526315788,0.117033351973572,39.11521443121589,13.41640786499874,39.11521443121589,10.63014581273465,0,20.0
443,1.1410676198287573,118.521103543847,0.08227742158499331,18.926068759571606,24.017385834616146,24.017385834616146,18.926068759571606,0,10.0
444,3.623967060405208,102.15686274509804,0.21546028641693105,39.812058474788756,17.88854381999832,39.812058474788756,16.643316977093242,0,51.0
445,4.798969093024055,123.88571255657452,0.1285717633631556,15.66545465916828,34.18887610935243,36.47076909493784,15.264378027474368,0,51.0
446,4.103427637083274,112.9424163527705,0.3159334127956245,16.428877543878,23.767630452282823,26.97759129260463,14.439907280330848,0,51.0
447,4.164680220044736,99.2598402608674,0.15924413043399333,27.722262729801887,28.615252271510574,32.14992197582373,27.498994770471125,0,28.0
448,3.623967060405208,102.15686274509804,0.21546028641693105,39.812058474788756,17.88854381999832,39.812058474788756,16.643316977093242,0,51.0
449,3.738281353074896,84.57272727272726,0.1904354967873714,23.08679276123039,32.55764119219941,32.55764119219941,21.18962010041709,0,55.0
450,4.529189771391042,92.13021063123779,0.09430020367434408,24.742827150974588,25.67213308571908,27.895868145638122,23.814901015185622,0,28.0
451,3.7295971210089176,87.35524338868086,0.182939707619754,22.300624946057443,28.59800186291321,30.055721558947464,20.080387685608162,0,50.0
452,3.738281353074896,84.57272727272726,0.1904354967873714,23.08679276123039,32.55764119219941,32.55764119219941,21.18962010041709,0,55.0
453,6.951485261583875,70.80948184587851,0.1656687718194014,21.794187484901236,38.370924344826065,38.370924344826065,18.6651196245616,0,55.0
454,4.114886568807898,82.66724766827483,0.08296137144554416,26.62167899655697,35.35614553295511,35.35614553295511,25.99856692343579,0,28.0
455,3.5955620286162544,79.91524338868086,0.10697873896537062,22.493984141048454,30.61262642474984,31.74814036052581,22.493984141048454,0,50.0
456,3.9407695609003137,75.49783657030946,0.16035006665844,24.329603917684242,30.697112588047126,30.697112588047126,23.90951336743591,0,21.0
457,3.0301641048882235,62.96822135638211,0.08567583272250869,29.27456233660889,30.30271494283333,30.413812651491103,27.71074582438097,0,21.0
458,3.0829283931983733,54.596631471448056,0.132023311496772,23.3452350598575,26.150887828665915,28.46446702301446,22.47220505424423,0,21.0
459,3.620966525164421,53.28729847691807,0.13831457457414426,22.82542442102665,15.699597783150802,22.82542442102665,15.699597783150802,0,21.0
460,6.180255326966893,99.81855381709771,0.2493856045009828,39.849717690342544,22.62444691055932,43.96589587396122,13.802085867165525,0,56.0
461,3.0301641048882235,62.96822135638211,0.08567583272250869,29.27456233660889,30.30271494283333,30.413812651491103,27.71074582438097,0,21.0
462,5.922974806405567,56.166373099506906,0.19096881605054605,29.732137494637012,14.03530600524732,33.97057550292606,14.03530600524732,0,46.0
463,4.439183937846594,85.98298708026411,0.17251217174087796,24.35708718652506,27.64895907018609,31.11746697026973,24.099035484829518,0,24.0
464,3.0829283931983733,54.596631471448056,0.132023311496772,23.3452350598575,26.150887828665915,28.46446702301446,22.47220505424423,0,21.0
465,5.922974806405567,56.166373099506906,0.19096881605054605,29.732137494637012,14.03530600524732,33.97057550292606,14.03530600524732,0,46.0
466,8.390067140492901,45.31527575575703,0.09418083031219113,21.37755832643195,29.650633718928646,31.93872935264156,21.37755832643195,0,46.0
467,6.180255326966893,99.81855381709771,0.2493856045009828,39.849717690342544,22.62444691055932,43.96589587396122,13.802085867165525,0,56.0
468,4.036133161803711,95.9603699604056,0.373287346110296,26.6489278787466,25.1450615965517,26.6489278787466,19.897120278391565,0,18.0
469,3.620966525164421,53.28729847691807,0.13831457457414426,22.82542442102665,15.699597783150802,22.82542442102665,15.699597783150802,0,21.0
470,8.390067140492901,45.31527575575703,0.09418083031219113,21.37755832643195,29.650633718928646,31.93872935264156,21.37755832643195,0,46.0
471,5.090626060143342,50.625,0.09420771806792023,24.020824298928627,29.017236257093817,34.23448553724738,24.020824298928627,0,20.0
472,2.8432047020013926,111.63778075148512,0.13553877169938106,40.55370828360528,20.070892583555523,40.990052207352576,15.57979255529466,0,60.0
473,2.128700087054745,115.14355600723049,0.1124400559358332,19.338225844088964,23.159204000488923,23.159204000488923,15.388422814140872,0,23.0
474,1.2493600778219145,113.5423786503162,0.05084148361172455,22.644741932294828,27.454192033708672,27.454192033708672,22.126518137546803,0,11.0
475,4.798969093024055,123.88571255657452,0.1285717633631556,15.66545465916828,34.18887610935243,36.47076909493784,15.264378027474368,0,51.0
476,2.8432047020013926,111.63778075148512,0.13553877169938106,40.55370828360528,20.070892583555523,40.990052207352576,15.57979255529466,0,60.0
477,4.537549014508125,116.37231704918815,0.15707367479824194,27.47872040187292,39.90913569798054,39.90913569798054,19.975479485670665,0,61.0
478,4.103427637083274,112.9424163527705,0.3159334127956245,16.428877543878,23.767630452282823,26.97759129260463,14.439907280330848,0,51.0
479,4.945298114475556,123.06104835092763,0.16558506629745748,24.551138041548626,33.694757923589556,33.85827704587262,21.518362982314528,0,61.0
480,5.082122054416961,120.34082149064345,0.2435868070586969,37.4082143495231,21.04564059789841,37.4082143495231,18.4586692242144,0,78.0
481,6.634922750718678,113.1840253329196,0.15508869397940533,45.35416188179427,5.001541022689851,45.35416188179427,5.001541022689851,1,55.0
482,1.4836744377752349,89.58339946970743,0.10916266735836687,12.415659336200328,18.16234078952089,18.79065933664514,12.30534669457798,0,12.0
483,1.425905871396169,94.96365042626364,0.1047835068935106,22.72369197219039,25.132706277189413,25.132706277189413,22.03566173879145,0,12.0
484,6.951485261583875,70.80948184587851,0.1656687718194014,21.794187484901236,38.370924344826065,38.370924344826065,18.6651196245616,0,55.0
485,8.300778122584477,68.59363087667876,0.2598759069557285,28.483559563281716,8.633315799475353,33.46057660268459,8.633315799475353,0,68.0
486,5.613563162746904,74.21627975066056,0.33908455719913105,10.681790993480693,27.11754149000719,27.11754149000719,8.231259144202664,0,50.0
487,6.0317065228571485,74.37403926745802,0.5194387959586358,32.15742533523857,16.249560564485932,32.15742533523857,15.41441051653506,0,37.0
488,4.945298114475556,123.06104835092763,0.16558506629745748,24.551138041548626,33.694757923589556,33.85827704587262,21.518362982314528,0,61.0
489,3.773516948452828,118.16078288746262,0.282108461965476,14.808637043828595,23.77104946591872,33.22531396980252,14.808637043828595,0,61.0
490,5.057447812663198,117.44208883940892,0.1803164881014279,44.519550893011505,8.427071375443003,44.53966345399596,8.177758587963854,0,51.0
491,4.699001455092743,124.41573855828794,0.42133155028547536,18.886439360638818,24.350805505143228,24.350805505143228,10.031481684944449,0,38.0
492,4.439183937846594,85.98298708026411,0.17251217174087796,24.35708718652506,27.64895907018609,31.11746697026973,24.099035484829518,0,24.0
493,1.4836744377752349,89.58339946970743,0.10916266735836687,12.415659336200328,18.16234078952089,18.79065933664514,12.30534669457798,0,12.0
494,3.789793893655523,99.43018782276644,0.21921057906744607,16.410388694253847,10.250708202832822,22.538296165441068,8.257667053252822,0,44.0
495,1.425905871396169,94.96365042626364,0.1047835068935106,22.72369197219039,25.132706277189413,25.132706277189413,22.03566173879145,0,12.0
496,3.789793893655523,99.43018782276644,0.21921057906744607,16.410388694253847,10.250708202832822,22.538296165441068,8.257667053252822,0,44.0
497,1.52558650377383,95.1666807780387,0.06278041855902175,38.77629277622829,18.43863322048917,38.77629277622829,14.91709874300802,0,21.0
498,4.837790730256634,25.61078308879885,0.2786188200326561,26.65478476366991,17.062352846601666,27.341061045252818,7.019493239015597,0,40.0
499,4.164680220044736,99.2598402608674,0.15924413043399333,27.722262729801887,28.615252271510574,32.14992197582373,27.498994770471125,0,28.0
500,4.529189771391042,92.13021063123779,0.09430020367434408,24.742827150974588,25.67213308571908,27.895868145638122,23.814901015185622,0,28.0
501,4.114886568807898,82.66724766827483,0.08296137144554416,26.62167899655697,35.35614553295511,35.35614553295511,25.99856692343579,0,28.0
502,3.5719854418694936,85.92634051577303,0.08994110810214953,14.025133753992288,14.855487102116847,16.77637007250276,13.963330199303694,0,23.0
503,4.537549014508125,116.37231704918815,0.15707367479824194,27.47872040187292,39.90913569798054,39.90913569798054,19.975479485670665,0,61.0
504,5.082122054416961,120.34082149064345,0.2435868070586969,37.4082143495231,21.04564059789841,37.4082143495231,18.4586692242144,0,78.0
505,3.773516948452828,118.16078288746262,0.282108461965476,14.808637043828595,23.77104946591872,33.22531396980252,14.808637043828595,0,61.0
506,4.036133161803711,95.9603699604056,0.373287346110296,26.6489278787466,25.1450615965517,26.6489278787466,19.897120278391565,0,18.0
507,4.837790730256634,25.61078308879885,0.2786188200326561,26.65478476366991,17.062352846601666,27.341061045252818,7.019493239015597,0,40.0
508,4.647357548906412,120.58404993201658,0.19267116770514253,38.37798621865557,8.399234272452253,38.37798621865557,8.399234272452253,0,46.0
509,8.300778122584477,68.59363087667876,0.2598759069557285,28.483559563281716,8.633315799475353,33.46057660268459,8.633315799475353,0,68.0
510,4.5709115436643115,74.51745143443516,0.16665182689282992,23.471575435526525,30.72024696690282,31.56501437561107,18.815248517456947,0,50.0
511,2.1210638461635107,59.28215332308602,0.09695356514379637,26.514734623883168,24.953760649471718,26.958226784649977,24.28094864100791,0,10.0
512,2.128700087054745,115.14355600723049,0.1124400559358332,19.338225844088964,23.159204000488923,23.159204000488923,15.388422814140872,0,23.0
513,1.8688246292899875,123.19975329313715,0.044830974872026384,19.209243548825672,16.527908877839433,19.604336886795387,16.527908877839433,0,11.0
514,1.2493600778219145,113.5423786503162,0.05084148361172455,22.644741932294828,27.454192033708672,27.454192033708672,22.126518137546803,0,11.0
515,1.8688246292899875,123.19975329313715,0.044830974872026384,19.209243548825672,16.527908877839433,19.604336886795387,16.527908877839433,0,11.0
516,3.7295971210089176,87.35524338868086,0.182939707619754,22.300624946057443,28.59800186291321,30.055721558947464,20.080387685608162,0,50.0
517,3.5955620286162544,79.91524338868086,0.10697873896537062,22.493984141048454,30.61262642474984,31.74814036052581,22.493984141048454,0,50.0
518,5.613563162746904,74.21627975066056,0.33908455719913105,10.681790993480693,27.11754149000719,27.11754149000719,8.231259144202664,0,50.0
519,3.5719854418694936,85.92634051577303,0.08994110810214953,14.025133753992288,14.855487102116847,16.77637007250276,13.963330199303694,0,23.0
520,4.5709115436643115,74.51745143443516,0.16665182689282992,23.471575435526525,30.72024696690282,31.56501437561107,18.815248517456947,0,50.0
521,4.8440874260596685,77.28233215220419,0.1580721503581708,14.35158363402525,12.158343419157042,19.59769873925564,12.158343419157042,0,21.0
522,2.3502537757564643,46.611111111111114,0.08431651263868352,24.33105012119288,8.54400374531753,24.33105012119288,8.54400374531753,0,18.0
523,5.057447812663198,117.44208883940892,0.1803164881014279,44.519550893011505,8.427071375443003,44.53966345399596,8.177758587963854,0,51.0
524,3.228158092953612,32.572326256955854,0.07565713585067305,22.787697629477428,35.82186472514374,36.126930180892394,22.787697629477428,0,19.0
525,3.3256934071736097,37.30400647055828,0.14414442731076238,8.390504104845697,12.644591541755506,17.811552781730178,8.390504104845697,0,17.0
526,6.634922750718678,113.1840253329196,0.15508869397940533,45.35416188179427,5.001541022689851,45.35416188179427,5.001541022689851,1,55.0
527,4.699001455092743,124.41573855828794,0.42133155028547536,18.886439360638818,24.350805505143228,24.350805505143228,10.031481684944449,0,38.0
528,3.7340750478729885,120.78250642766531,0.4705854374812727,16.643316977093242,31.60647901052999,37.66521919542543,13.45362404707371,0,51.0
529,4.647357548906412,120.58404993201658,0.19267116770514253,38.37798621865557,8.399234272452253,38.37798621865557,8.399234272452253,0,46.0
530,4.259124823648306,120.2658992631414,0.1185496953602707,37.06518453126292,16.055696727778052,37.06518453126292,14.7601133472075,0,39.0
531,3.2361369141158707,115.49066702769736,0.20025627490654996,21.387621203020736,18.865765656242658,30.25020553751649,17.902802047588036,0,27.0
532,3.9407695609003137,75.49783657030946,0.16035006665844,24.329603917684242,30.697112588047126,30.697112588047126,23.90951336743591,0,21.0
533,6.0317065228571485,74.37403926745802,0.5194387959586358,32.15742533523857,16.249560564485932,32.15742533523857,15.41441051653506,0,37.0
534,4.8440874260596685,77.28233215220419,0.1580721503581708,14.35158363402525,12.158343419157042,19.59769873925564,12.158343419157042,0,21.0
535,4.259124823648306,120.2658992631414,0.1185496953602707,37.06518453126292,16.055696727778052,37.06518453126292,14.7601133472075,0,39.0
536,2.3502537757564643,46.611111111111114,0.08431651263868352,24.33105012119288,8.54400374531753,24.33105012119288,8.54400374531753,0,18.0
537,2.950025680422378,52.5,0.08728874811433815,15.0,21.0,21.0,13.0,0,12.0
538,1.52558650377383,95.1666807780387,0.06278041855902175,38.77629277622829,18.43863322048917,38.77629277622829,14.91709874300802,0,21.0
539,2.5336911104700297,109.84210526315788,0.117033351973572,39.11521443121589,13.41640786499874,39.11521443121589,10.63014581273465,0,20.0
540,3.2361369141158707,115.49066702769736,0.20025627490654996,21.387621203020736,18.865765656242658,30.25020553751649,17.902802047588036,0,27.0
541,3.3256934071736097,37.30400647055828,0.14414442731076238,8.390504104845697,12.644591541755506,17.811552781730178,8.390504104845697,0,17.0
542,5.090626060143342,50.625,0.09420771806792023,24.020824298928627,29.017236257093817,34.23448553724738,24.020824298928627,0,20.0
543,2.950025680422378,52.5,0.08728874811433815,15.0,21.0,21.0,13.0,0,12.0
544,1.1410676198287573,118.521103543847,0.08227742158499331,18.926068759571606,24.017385834616146,24.017385834616146,18.926068759571606,0,10.0
545,2.1210638461635107,59.28215332308602,0.09695356514379637,26.514734623883168,24.953760649471718,26.958226784649977,24.28094864100791,0,10.0
