,center_stdev,normal_stdev,sl_f,sl_i,sl_max,sl_min,t_cong,t_overlap,intensity,diameter,contrast,centID_i,centID_j,Predicted_Label,True_Label
0,5.219985195615010,0.2709411996352230,24.685723488652200,55.53743387008280,55.541074534293500,24.685723488652200,10,16.0,0.6257672896595700,4.924614787365090,0.0,23,189,0,0
1,4.2583082336018100,0.17175480913489500,29.73149929953340,11.983554348100100,32.58601212383210,11.983554348100100,11,11.0,0.6523749029920470,4.658890277364500,0.023950502565665700,23,216,1,1
2,10.833485520183300,0.3383428801238170,38.91389548251270,45.760180179896200,50.90982861163340,32.985248584616300,5,15.0,0.614943261675144,5.53194098621277,0.0009182152882329930,29,189,0,0
3,9.407882157064950,0.2546299531375350,30.891826246942200,47.337792271583200,47.337792271583200,30.342195947641100,9,13.0,0.6575322342710860,5.015918414758870,0.04652277028496320,29,229,0,0
4,9.536441827956990,0.07891674834927980,38.242413567443700,26.22391860962430,38.242413567443700,26.22391860962430,7,10.0,0.6252090511098040,5.304749421190120,0.03370210428457300,29,266,0,1
5,2.90688151268019,0.08969522756976770,25.860103830448300,6.7468493778754500,25.860103830448300,6.7468493778754500,5,5.0,0.7929778599427590,5.941326361164820,0.009665244988898650,34,194,1,0
6,3.6306283940891300,0.16728574014172400,29.575528723815600,22.4392655006628,29.575528723815600,22.4392655006628,1,5.0,0.6659224035234280,6.3539205789977,0.11200535961558600,34,242,1,0
7,0.6519202405202650,0.0,34.0,26.0,34.0,26.0,5,5.0,0.002990563659461380,8.513538311505930,0.9652794035829030,117,118,0,0
8,1.51657508881031,0.0,6.0,10.0,10.0,4.0,5,5.0,0.010766029174060700,8.510223809829630,0.8726609993874230,117,120,0,0
9,2.3454042589671700,0.4548114514969620,12.580533612382600,10.006626195984100,12.580533612382600,8.627893316875520,4,5.0,0.23760610851756300,6.164238242241440,0.4555552633447870,117,226,0,0
11,2.8881943609574900,0.0,37.0,36.0,40.0,30.0,6,6.0,0.0,8.503386578453770,0.9827746695089580,118,120,0,0
12,3.3076721191122400,0.11794130462329800,31.825572555109400,36.329284945895500,36.329284945895500,29.50447667519380,5,6.0,0.2268400793435020,6.1574010108655800,0.5656689334663210,118,226,0,0
15,3.137222308374390,0.18143369864494500,37.21357785349600,14.951170177139600,37.21357785349600,14.951170177139600,5,5.0,0.2887504234889100,6.102113256719460,0.4932880932353950,120,160,1,0
16,2.5955810207438600,0.4233648109663960,17.65144052606260,9.27710212937991,17.65144052606260,9.27710212937991,5,6.0,0.2346155448581020,6.154086509189280,0.4730505292708420,120,226,0,0
17,1.5,0.0,5.0,5.0,5.0,5.0,2,5.0,0.02042826848835660,8.492257733321960,0.8924375481293080,122,123,0,0
18,2.614064523559690,0.0,11.0,16.0,16.0,11.0,2,5.0,0.019547411555933500,8.497216973058230,0.8936254230690850,122,128,0,0
19,0.8539125638299670,0.0,24.0,23.0,26.0,22.0,2,5.0,0.009075001359347250,8.500924158947970,0.9238421945851270,122,129,0,0
21,3.940177660969110,0.0,7.0,11.0,11.0,6.0,3,6.0,0.03453829157254220,8.497645265816470,0.8937095229939320,123,128,0,0
22,2.876629972728510,0.0,22.0,18.0,22.0,17.0,3,6.0,0.02406588137595610,8.501352451706210,0.923926294509975,123,129,0,0
23,2.470703806164220,0.3227152015174960,18.573390669199000,16.467695848437400,18.573390669199000,13.875813608343900,3,5.0,0.16008759138519900,7.9216463256719100,0.6035998217404410,123,200,0,0
26,3.3541019662496800,0.0,15.0,7.0,15.0,7.0,3,6.0,0.023185024443532900,8.506311691442480,0.9251141694497510,128,129,0,0
27,3.024896692450840,0.0,35.0,25.0,35.0,24.0,3,6.0,0.032319837076069200,8.507414324820980,0.9697832284839570,128,132,1,0
28,2.615947525266190,0.44450667398845000,12.929072152518800,14.817611905621800,14.817611905621800,9.209822724008410,5,5.0,0.15920673445277600,7.926605565408180,0.604787696680218,128,200,0,0
32,2.806243040080460,0.0,20.0,18.0,20.0,17.0,3,6.0,0.02184742687948290,8.511121510710730,1.0,129,132,0,0
33,2.6592099400969700,0.2775053862892640,10.776809319026000,17.390378196172500,17.390378196172500,9.921350838218000,3,5.0,0.14873432425619000,7.9303127512979300,0.6350044681962600,129,200,0,0
36,2.870633020026370,0.15194226442546200,27.35162217486910,30.19379904972510,30.19379904972510,27.35162217486910,3,5.0,0.1578691368887270,7.931415384676430,0.679673527230466,132,200,0,0
37,4.486393023717000,0.3591839331509790,32.28836269404210,35.037896300396,37.79814574710980,25.14720241479460,13,13.0,0.5807273096448240,4.3548875150134900,0.0930742825929406,147,160,0,0
38,3.159945351735100,0.0713673551641522,30.41271121248740,24.42765113392640,30.90584564681610,24.42765113392640,7,7.0,0.6305242278025680,4.3658979090433700,0.15280110671485200,147,261,1,1
39,4.172482080619080,0.0981570085889156,24.178312006965100,56.730706855144500,56.730706855144500,24.178312006965100,12,12.0,0.7125679666769020,4.411760285590920,0.10996397865588800,149,227,0,0
40,6.634330818876580,0.06636132712039360,38.34625541882290,21.214623396137700,38.34625541882290,21.214623396137700,12,12.0,0.6760789074249580,4.574424831256460,0.06251763297525850,149,229,1,1
41,5.67459515676486,0.07931391336330450,40.40466958777180,4.448054721394040,40.40466958777180,4.448054721394040,14,14.0,0.9034376299765340,4.450255915268140,0.13052206295029100,151,152,1,1
42,4.2710280629470800,0.17416641736531500,26.926099017228100,65.42683134998130,65.42683134998130,26.926099017228100,13,13.0,0.9115614468624560,4.917915597418980,0.15671552869474300,151,169,0,0
43,6.136603407455400,0.0739993285789449,32.573373312046600,42.02312538912250,42.02312538912250,27.23032724021450,11,11.0,0.8859137037018730,4.63975538031734,0.11991370176333800,151,233,0,0
45,5.286373557896860,0.10698790824955100,26.47387365431690,62.300689279010600,62.300689279010600,26.47387365431690,11,11.0,0.8823238322800860,4.004609812652610,0.19453794651120600,152,230,0,0
46,3.7067601021196700,0.06390456626241710,33.06462442269120,56.79271886250410,56.79271886250410,33.06462442269120,10,10.0,0.9825071445166060,3.99021204609702,0.33587239302883200,152,259,0,0
47,3.854724463787660,0.2582626213463050,18.73715151309750,39.0409924513336,39.0409924513336,16.44911314925340,14,14.0,0.8421414318880000,4.213237805471940,0.18939341117659100,153,162,0,0
48,4.097551987816630,0.15427772739828800,37.51255661942880,8.332863553976070,37.51255661942880,8.332863553976070,13,13.0,0.8640196706354900,4.345287490127400,0.1557847707756050,153,165,1,1
49,5.327312052449630,0.1151836082833430,35.61477525080520,13.079806796509800,35.61477525080520,13.079806796509800,11,11.0,0.9009861445455580,4.2757217722417400,0.16340570070073400,154,233,1,1
50,4.3631732771630600,0.16955222619862500,52.101851653978700,2.2361603763072300,52.101851653978700,2.2361603763072300,14,18.0,0.8825425228493890,4.440580349143670,0.19084395537773900,155,163,1,1
51,2.8156365153612100,0.16300085354348100,27.58836387541670,10.487380585441300,27.58836387541670,10.487380585441300,5,5.0,0.8528920252522970,3.9194798074070400,0.009201975844956750,156,169,1,0
54,6.938996128981980,0.11402079795266800,24.108799090003500,43.440564472272500,43.440564472272500,24.108799090003500,12,12.0,0.5487935271502500,3.933096527795250,0.10243439601369200,160,211,0,0
55,4.796436167216510,0.1292998772064720,46.04443598302040,8.735860866717830,46.04443598302040,8.735860866717830,13,13.0,0.5155905028324120,3.756127689131270,0.07618235719275860,160,226,1,1
57,6.414191868761590,0.16846083842574600,35.43598455363730,45.30999088044510,45.30999088044510,33.107008308637600,13,13.0,0.8781124454470870,4.80329055117604,0.22354436178331200,162,169,0,0
58,3.1958053762407200,0.09246732667258940,38.29952986408010,21.490289443693300,38.29952986408010,21.490289443693300,11,11.0,0.7570237053660430,4.687669230469030,0.1476572402933020,162,235,1,1
59,7.183968554252210,0.09395753016214830,39.72621581274070,35.3568530534029,40.578137511167400,31.96699889860280,19,21.0,0.8207765479059360,5.016824709958650,0.2157529500728250,162,410,0,0
60,4.48944236896696,0.11870234452472600,26.563201615799700,42.63215571752750,45.63476780967680,22.32322784808410,18,18.0,0.7811080409089340,5.342188787042890,0.25463289248088300,162,427,0,0
61,5.337719913064570,0.10135416948585300,27.766718093267400,43.395658201336300,44.76521396930770,26.883048708927300,19,20.0,0.7333695825898120,5.4309720422385100,0.22989991934095600,162,433,0,0
62,5.973632673272950,0.07312586773639660,34.5524396930468,37.41699081881670,38.1547228716658,27.245295984176000,19,19.0,0.8044897652652510,5.463378608653100,0.2728197340963350,162,487,0,0
63,3.9120286601049300,0.12463283779670000,34.099206023126100,25.925978119448000,37.07165831305950,24.341105509997100,16,16.0,0.8096180811291320,4.418306866320830,0.2754863605788090,162,715,0,0
64,3.2731674526419000,0.2199560584849620,26.82250863213970,17.719687182650500,26.867622723418000,17.719687182650500,13,13.0,0.8116842887483960,5.2105410199814700,0.32506086064437600,162,717,1,1
65,4.5988985232131600,0.08896219020332780,22.609774520622900,31.490351213304500,31.490351213304500,20.46415055767600,12,12.0,0.7789240232061150,5.045850360714510,0.335484587948223,162,734,0,0
66,4.909931155947580,0.11243124182631900,27.972791636667000,28.453725183122800,33.78748686407910,27.609595298073100,12,12.0,0.7905600345356550,5.545815518614100,0.26573380930214500,162,747,0,0
68,3.5238914341997100,0.1279517958173000,29.533181835175900,34.67692936713740,41.059038694756500,29.533181835175900,9,10.0,0.9299203010665520,4.017854263317300,0.2612893563885490,163,252,0,0
69,4.5404121932741100,0.20377070819220500,23.318732901106500,47.88782386870460,47.88782386870460,20.388487216071200,10,14.0,0.9474385781064380,4.335829805094540,0.330709017304471,163,259,0,0
70,3.1992117176731900,0.0752950712046405,41.24188554784590,17.432228459455400,41.24188554784590,17.432228459455400,12,12.0,0.7092822305004030,4.6577494158645700,0.17088199212790400,164,227,1,1
71,2.5419951066149500,0.11456188188487900,29.071024501241000,38.9218897037711,38.9218897037711,29.071024501241000,12,12.0,0.6672470350072760,4.476395458884960,0.10759178881823800,164,228,0,0
73,4.371182733456790,0.1326830046016830,24.537274479358500,31.945562747631300,31.945562747631300,24.537274479358500,12,12.0,0.8048280207259560,4.65487088774646,0.16683821788927600,165,227,0,0
74,3.931455002416210,0.1067753427522440,31.47609355021590,39.68480479914310,39.68480479914310,30.339004247553200,9,9.0,0.8851110415941390,4.987354121836490,0.3271463377117820,166,249,0,0
75,4.735803391191140,0.08119394849388730,33.060140402102200,45.29459844293700,48.15043850228160,33.060140402102200,11,11.0,0.7910672887415700,4.896359600137190,0.21159987977863900,166,257,0,0
76,4.875614164226220,0.048078855828443000,38.45305082267480,28.04015317883510,38.58057380166800,28.04015317883510,11,11.0,0.9745840927434870,4.478512444995250,0.37141348335043100,166,259,0,1
80,4.0763858518529300,0.07406104749056110,37.728643963554500,30.70421085686660,37.728643963554500,30.70421085686660,7,7.0,0.8251380409529330,5.554642456681350,0.1834794601765050,169,306,0,1
81,3.6608095863066300,0.10264767970145700,36.60916104819380,16.41672983163890,36.60916104819380,16.41672983163890,9,9.0,0.6171345292292590,5.5370446267082300,0.09031821919920060,178,213,1,1
82,2.872429734363490,0.08079644918393780,33.06922788007190,43.03519568870350,43.03519568870350,33.06922788007190,7,7.0,0.6955054217353840,5.2605107067026600,0.21994912370267900,178,249,0,0
83,6.365442941188110,0.15270336448027200,31.157045231644200,38.75952036433480,38.75952036433480,30.08886189188510,9,9.0,0.7804367325629990,4.216339567823200,0.1742488836922240,181,207,0,0
84,3.478479044411080,0.08517829290735170,31.784232554888800,23.308206474220500,31.784232554888800,23.308206474220500,7,7.0,0.9010380088663650,3.735171805992610,0.22010918996543800,181,252,1,1
85,3.994885118107270,0.11424781566583800,32.354245106240200,53.6701456616469,53.6701456616469,32.354245106240200,8,8.0,0.5877545068535810,5.000652913618030,0.11668602091342000,182,197,0,0
86,4.860333105688170,0.08741086729330130,38.715274359216500,32.66777141968810,38.874752051160500,32.66777141968810,9,9.0,0.705580243496142,5.785640894272350,0.19522443436828100,182,262,0,1
89,6.9866053191478800,0.14987794375662600,38.046609333477000,26.328141418582500,38.046609333477000,26.328141418582500,8,10.0,0.6544440764595680,4.691290072127330,0.044118804280471300,189,251,0,1
90,2.716659159738450,0.057510681919417300,37.60307426475990,53.18595786142840,53.18595786142840,32.27127275347470,10,10.0,0.7998607572266890,4.862003622315510,0.2427085181606080,193,210,0,0
93,4.128955882019010,0.10740098610981100,35.11326077742900,14.400592836774100,35.11326077742900,14.400592836774100,8,8.0,0.5078248963188880,5.358719881985470,0.17409107081770600,197,203,1,0
94,2.022347360551570,0.06612627359405500,25.19933589019470,34.102744805304,34.102744805304,23.469950709963200,5,5.0,0.5929899351820930,3.676560510368420,0.12435629036346400,197,261,0,0
99,2.8422292277897400,0.12756265107318000,31.125850834363600,15.19595861494630,31.125850834363600,15.19595861494630,8,8.0,0.40630885355135600,5.756322622096330,0.21156343314839900,200,211,1,0
101,5.220609231101090,0.29111969319117200,30.93179570830670,8.136311216925920,30.93179570830670,6.4435711217709900,9,9.0,0.5783713868141680,6.516093309697410,0.27628419070052400,204,205,1,0
103,3.7732644532910700,0.148474220034052,30.515129589848700,36.18342788768270,36.18342788768270,27.06132418467070,6,6.0,0.5924262121668980,5.013127021386960,0.32382353134710500,205,253,0,0
104,3.2587941822646000,0.0947647754286624,36.40054944640260,22.36067977499790,36.40054944640260,22.36067977499790,6,6.0,0.6823378793196340,7.070346695511420,0.3478045777236760,206,218,1,0
107,2.334386644578730,0.06611644925661640,27.559662048666500,33.394056204298800,33.394056204298800,26.80935107541740,5,5.0,0.6783894987678420,5.044970524741610,0.21409686037072900,210,250,0,0
108,4.996679394437350,0.11466516822106400,37.248821123112400,19.55579852288920,37.248821123112400,19.55579852288920,11,11.0,0.8868293142920810,4.458994598069340,0.3536989174423430,210,254,1,1
111,1.9324667639949300,0.07852066360976370,33.27750247899590,29.672898101341600,33.27750247899590,29.672898101341600,6,6.0,0.577623663514629,5.947978266184200,0.17988043678215200,212,255,0,0
113,3.762040249255310,0.04383591572877130,32.284677365805300,49.54933707707460,49.54933707707460,32.284677365805300,9,9.0,0.6751539357630220,5.37574058412847,0.09596990702641320,213,216,0,0
114,2.9280588184133000,0.05510151201123750,42.02680228344200,31.160850295395400,42.02680228344200,27.633415768979400,7,7.0,0.6839921635698270,5.352543807612830,0.15075636937167900,213,257,0,0
118,2.5680819981912000,0.0715272923852594,27.834005694246800,32.39405264311380,32.39405264311380,25.887901194332100,5,5.0,0.7155454936407270,5.898077207997500,0.17047568001587500,218,235,0,0
123,1.9226157974229700,0.1892121036995050,44.65219143497930,26.0590587253864,44.65219143497930,26.0590587253864,6,6.0,0.4272078445274100,4.0359496932960300,0.21823324540637600,226,258,0,0
128,3.6112261075135100,0.137441116143241,40.72426842141930,17.375113857496500,40.72426842141930,17.375113857496500,12,12.0,0.6144499929466050,4.025236845106350,0.03994573540747910,228,232,1,1
132,7.395146126228120,0.09958472583015470,39.3403928840547,26.28014694669580,39.3403928840547,26.28014694669580,11,11.0,0.7516527949887810,4.581565977321600,0.18331997299618100,230,257,0,1
134,3.3071165097308300,0.07784098772049420,29.096804762245900,37.15656982368880,37.463510109183500,29.096804762245900,7,7.0,0.6133529550087880,3.966936562095790,0.1144383796802780,232,261,0,0
135,4.619980910435120,0.19233984864161000,25.10438488576330,34.684943337247900,34.684943337247900,25.10438488576330,11,11.0,0.654849409054735,4.7023098283972900,0.10145951409746800,232,262,0,0
143,4.344753561485260,0.20269434223166700,35.51466880089280,21.519160817399000,35.51466880089280,21.519160817399000,9,9.0,0.72042596171749,4.461465657549920,0.4017270701325430,249,253,1,1
148,4.650153925142760,0.10460645790691400,15.156763113965700,25.395010228135200,25.395010228135200,15.156763113965700,10,10.0,0.9764709371586190,3.993612999542720,0.3943865622396130,252,254,0,0
154,2.7782300439573600,0.062245889018797600,27.27119227919000,39.86879691098980,39.86879691098980,27.27119227919000,6,6.0,0.6882646327538400,5.591894970419750,0.2613072174548390,255,256,0,0
156,6.1763091634214700,0.12793523138223500,39.378481537191500,27.961927914458700,39.378481537191500,27.961927914458700,10,10.0,0.6390315516823780,5.23797418509403,0.1855901458904250,256,265,0,1
164,3.13423461739194,0.23828614367993100,31.38884636867020,35.91147565762810,35.91147565762810,25.2780435268778,20,20.0,0.9734655442578710,4.522066529399940,0.4118724048293380,259,436,0,0
165,3.5711694875334200,0.41690615548390700,32.73994311079630,6.482180780705920,32.94362659179770,5.454245238754090,21,21.0,0.9431990627919510,4.3918667152372700,0.3918751438992190,259,437,1,1
166,4.150242822998980,0.2370101279471240,30.599922939904600,48.82441223304490,49.523242109512600,26.270646436487300,20,20.0,0.9090868647523760,4.540246259953510,0.3550410103361940,259,465,0,0
167,3.9357523249340400,0.15129902522117000,20.345228249765700,35.746333723768300,37.011750791337100,16.475418564553000,20,20.0,1.0,4.7771724381768400,0.40323006408639500,259,504,0,0
168,4.09668688375649,0.11992365770587200,29.91113458052220,32.7166566716712,32.90411977089800,21.99225023525540,17,19.0,0.9437774032021280,4.848603025239460,0.4616680410713900,259,547,0,0
175,2.8881383538041000,0.07307825492656420,25.983373039960900,24.34469648280930,29.068573305980100,24.34469648280930,6,6.0,0.4836853630445420,6.841151417265100,0.20758591525657500,265,269,1,0
180,4.241999550577830,0.20698691719702700,20.38444094208960,34.0165445674363,34.0165445674363,18.24596534749720,18,18.0,0.7915687094985300,5.518854795521100,0.2629608134480530,410,427,0,0
181,5.517518462783750,0.19302852673888300,30.82702864258940,46.564133195494600,46.564133195494600,29.331913429006500,19,19.0,0.8028794314475680,4.894012404208910,0.2263751308824390,410,428,0,0
182,7.523565339392970,0.10850176012009400,33.96595680692750,28.56773001549060,36.61942335900870,25.964357811045600,21,21.0,0.8348218401749810,4.781253849465190,0.2829784137309480,410,458,0,0
183,5.558783613096560,0.24477208914900600,43.39391144248780,4.052696550357350,43.39391144248780,4.052696550357350,20,20.0,0.8525018971757600,4.889750297041610,0.24122538257616500,410,493,1,1
184,2.838956784813510,0.11165737184612400,26.515261386421200,23.296292019981600,26.515261386421200,17.59170877344520,13,13.0,0.8221449573379920,5.387207028459690,0.3333887816115460,410,717,1,0
185,3.310302928916280,0.07897437014919000,32.749232413485000,34.66131675763800,34.66131675763800,29.517966301352200,5,5.0,0.7104392485744050,6.153860151655120,0.13888193367880800,410,814,0,0
186,4.055611674426140,0.1805634047326580,30.752139234224400,36.096354987079900,36.096354987079900,26.69260327898350,14,14.0,0.6821281514785810,4.9647762136334100,0.2873569377359680,419,469,0,0
187,4.08377171538701,0.3045560166438170,34.12344573203830,30.702476665256900,35.469473495023400,26.64539316316590,18,18.0,0.6973916776885590,5.371231574457300,0.2927630622835490,419,509,0,0
188,4.503863720454870,0.20685171644541500,31.50255616962220,35.17222322978930,35.17222322978930,24.468874635494600,17,17.0,0.6579162373836700,5.258571369154460,0.24004694675407800,419,707,0,0
189,3.3993488896686900,0.2544972662362540,24.676199957731100,11.3479192974075,25.80850963995300,11.3479192974075,12,12.0,0.7942859402551060,4.5520248288736600,0.3521543248435320,419,720,1,1
190,4.4267341923941700,0.16984071595471400,18.90006994886040,37.634965040570300,37.634965040570300,18.356148445426200,16,16.0,0.5459740022215620,5.1126251309126500,0.19804092297543000,419,736,0,0
191,5.218192696051690,0.2910118999313910,35.84961336765820,45.89751215488190,45.89751215488190,32.4654751295077,13,13.0,0.5022125354745240,4.354915251244870,0.2769534548717780,422,454,0,0
192,6.221867531387340,0.16849529657616700,35.995006027066400,31.473633515479000,35.995006027066400,25.776931263547700,13,13.0,0.526555305401887,5.146959970036310,0.2604719684017940,422,460,0,0
193,3.3931247033364600,0.13047407764907300,18.744756246700100,50.197141588045300,50.8225234856413,18.744756246700100,16,16.0,0.5825640664415920,5.6036059491234900,0.29450649586502100,422,505,0,0
194,6.628505314993490,0.11700769360764700,40.02107543817160,29.644309125721600,40.02107543817160,24.958505492203000,16,16.0,0.5107089777874440,5.016569333725780,0.2627616688906180,422,708,0,0
195,5.96191110247698,0.08099833018181680,27.78698325514410,40.259487107476900,40.259487107476900,27.78698325514410,15,15.0,0.5324857186167940,5.723344620653190,0.2825367945873680,422,712,0,0
196,3.445235798091720,0.1790896800805540,26.79579908543250,35.955922630834800,35.955922630834800,26.79579908543250,11,11.0,0.5073297644292640,4.606296597938160,0.275554060938341,422,737,0,0
197,2.6569708697705400,0.2598735247679220,28.120753060667600,15.190870294097500,28.120753060667600,15.190870294097500,11,11.0,0.5202905213137390,5.067353942447530,0.2868365990305360,422,739,1,0
198,8.850228739300290,0.19829705760772200,30.444339846719100,36.448153966155100,36.448153966155100,24.74469822735730,13,13.0,0.7164265026679320,4.3124538417226000,0.32744026536456400,426,479,0,0
199,4.321108118969180,0.14511973569924200,28.883772214630400,37.523673969794600,37.523673969794600,28.883772214630400,16,16.0,0.7667150264701960,4.850415147347400,0.3138617127786340,426,706,0,0
200,3.9216403041576900,0.1957428510914040,31.817505269284100,25.780431065896800,33.88675322025740,24.39206487526220,12,12.0,0.7193689663524520,4.540067156076650,0.3688612207699850,426,713,0,0
201,5.2300549486146000,0.07232948022967300,24.76913873509910,33.635370346431800,33.635370346431800,18.709148266339000,11,11.0,0.7236175439810580,4.984595606890580,0.3753925017515450,426,716,0,0
202,4.9157085274163600,0.11217528362123200,32.14050251566430,45.26348482111060,45.26348482111060,30.503936693245300,12,12.0,0.7597415757551790,5.059859370462610,0.4036421347055740,426,718,0,0
203,4.823910176574180,0.17414183955778400,36.44372635835700,17.37869186807690,36.44372635835700,17.37869186807690,17,17.0,0.7508946248652650,4.7119119631705100,0.31910010995626500,426,719,1,0
204,3.0292230984258000,0.13033428294429400,25.90174896282450,35.793721921125700,35.793721921125700,25.90174896282450,13,13.0,0.7119845745471670,5.013781983970660,0.3843198244524610,426,728,0,0
205,2.365998042425730,0.09526395451623770,25.557545039391500,32.150759957729700,32.150759957729700,22.921743722781200,5,5.0,0.7046717053133170,4.2864000464332700,0.2477623599052690,426,796,0,0
206,2.505334497488340,0.09978011475867080,17.062676219428700,20.648530901705800,20.648530901705800,16.053930861312000,5,5.0,0.5647133260505280,5.797460050832870,0.17282278061159400,426,802,0,0
209,4.037197262742010,0.26152450793292900,33.58363599054640,13.316478121455200,33.58363599054640,11.696554281375500,18,18.0,0.7632109244505660,5.219376481293150,0.26525507329049700,427,428,1,1
210,3.537449019360870,0.09212162857522170,38.874373623406400,34.12651916527770,38.874373623406400,30.71637145320270,13,13.0,0.78247645034099,5.71257110554393,0.3722687240196050,427,717,0,0
211,4.309692885770780,0.2273223074595490,18.148348384612500,25.738027797050000,25.738027797050000,17.780597544489800,12,12.0,0.7613521961282500,6.047845604176560,0.3129416726773730,427,747,0,0
214,5.237116336570950,0.2111747804375660,18.867962264113200,40.255557195255200,40.255557195255200,18.867962264113200,19,19.0,0.7451613839569680,5.292737987243930,0.2413678518260530,428,430,0,0
215,4.292916633475630,0.21063224596457400,31.831916029843700,33.85974158937650,33.85974158937650,23.26438443777600,14,14.0,0.7174679877005750,4.8508123942602000,0.2702532043316890,428,466,0,0
216,6.1778167605623000,0.18792821678592100,32.78687231027110,36.173073295391800,38.47286055985470,24.963315342237700,17,17.0,0.7659989187355900,5.502916146945310,0.4253434123402670,428,477,0,0
217,4.266967067893210,0.10717842001685900,30.69927685011540,40.12469741517000,40.12469741517000,30.052960849603200,14,14.0,0.7968321098342060,4.9689069699037,0.2402753048734520,428,494,0,0
218,4.570425297591530,0.1066619990217150,35.90405740747620,35.99786821188930,37.84686767890440,31.511313714762300,12,12.0,0.7726629180772880,5.423003212864360,0.2763559901117590,428,747,0,0
219,3.229711565394880,0.0989457246853844,41.58784161174590,44.78665516138770,45.00026717643930,30.04527638120490,18,18.0,0.8230756175967070,4.348609455918550,0.3669380144547010,429,485,0,0
220,4.580085269881930,0.31873645767466700,26.145352762398500,7.947773237144590,27.973806803960000,6.896433976131930,15,15.0,0.8512820702938990,4.579928891624950,0.3753067768699470,429,490,1,1
221,4.637903795341470,0.1954123900988430,28.385205118032800,39.194393621145200,44.88665243871170,28.385205118032800,18,18.0,0.8561512516703490,4.341849383125470,0.3375417807703020,429,493,0,0
222,4.258205845216400,0.28801261516274500,19.189560311196300,36.80921578180500,36.80921578180500,19.189560311196300,18,18.0,0.8719033660730030,4.340697803004820,0.3581432626469790,429,503,0,0
223,3.2613610271791000,0.2016138778761490,41.375096078407200,41.461951348538700,41.461951348538700,23.94328335264490,17,17.0,0.8384090530870360,4.335256569863410,0.3897802396184970,429,506,0,0
224,3.028608294065770,0.1938455704688000,18.62431802509120,29.04058518752200,29.04058518752200,18.62431802509120,16,16.0,0.8448387649548780,4.5879583707155300,0.37822660803382100,429,706,0,0
225,3.0641539184661500,0.1818560650264020,28.203077151641900,41.80454463533480,41.80454463533480,23.10562991426860,16,16.0,0.829018363349947,4.449455186538640,0.3834650052114530,429,719,0,0
227,6.034468167443270,0.3156569998995270,27.83230483432110,7.99614693743238,28.80379153063620,5.0892324529703500,16,16.0,0.7817561867532340,5.725178454976290,0.3246623076659790,430,434,1,1
228,5.102323369125920,0.2268706613080790,39.62370466777990,38.041628732123700,41.93173437885140,32.57200354746520,21,21.0,0.7507868324811230,6.001371946576730,0.2465065629271820,430,459,0,0
229,3.9548675823441600,0.09590493534857100,36.29802228517550,36.502763794491300,40.908077837696200,32.331713700025900,15,15.0,0.6881077252579400,5.549016291523180,0.28295166543285900,430,466,0,0
230,4.762911119668780,0.2976164613691970,27.959336918469500,34.7274104079635,34.7274104079635,19.40334191193540,17,17.0,0.7366386562929550,6.201120044208280,0.4380418734414360,430,477,0,0
231,2.5384681059017200,0.12700975357353000,34.218553371047900,42.31273752840930,42.31273752840930,26.943605574951300,15,15.0,0.7674718473915720,5.66711086716667,0.2529737659746220,430,494,0,0
232,2.9300589727108900,0.06509957918437310,23.03620413503130,42.0941631928594,42.0941631928594,23.03620413503130,13,13.0,0.7343121429269440,6.3837547851925400,0.3091111031502490,430,763,0,0
233,2.103159594155490,0.06702733222186100,32.55384475327220,36.1602342359237,36.1602342359237,28.670664977015700,5,5.0,0.6527212010838060,6.5525857346901400,0.15387465462242100,430,814,0,0
234,4.296991463967920,0.2243317370105190,29.290938138414300,36.202091272037100,36.202091272037100,29.290938138414300,13,13.0,0.466366751146265,5.899286133828170,0.3748073910203290,431,711,0,0
235,3.380481579530210,0.10592582906158600,25.019626923259200,27.530245930015600,31.95555430161640,24.38764780465410,11,11.0,0.4407164006465550,5.895069632324320,0.4004844341157530,431,723,0,0
236,3.819895416272350,0.10939499719088200,29.36350112611590,17.054375764459700,29.36350112611590,17.054375764459700,13,13.0,0.4556123735189300,5.285528480058010,0.4001317845585610,431,726,1,1
237,3.8945743381258400,0.21252343304432700,21.098738833004000,23.6780200313773,25.880683581107300,21.098738833004000,6,6.0,0.3770692970445320,6.8616030804108,0.6848356416596350,431,738,0,0
239,4.330449686931320,0.0907026698122398,29.424765774144600,23.286856363906,29.424765774144600,22.84966539561860,13,13.0,0.6829154972795950,5.661201775946190,0.2963119957187840,433,470,1,0
240,6.170286391403210,0.23189713147918000,37.6036195296692,30.279765838510000,42.4699388715853,30.279765838510000,14,14.0,0.6848926751315740,6.177654751021540,0.2917741262355710,433,476,0,0
241,4.590205368793230,0.0582045356518945,33.00029475710130,32.294683562367400,34.12274921011100,25.17645325447550,17,17.0,0.6343510069781760,5.930086457297670,0.24973532604594400,433,510,0,0
242,4.3008407031681800,0.1826001053189730,23.872778370309500,24.425950379807800,27.48404923668770,22.430832879901600,12,12.0,0.7019777264795870,5.636663701472590,0.3579594781835240,433,734,0,0
243,5.00443075461189,0.055417566865565300,29.590797968417300,23.294451823615200,30.926958675486600,23.294451823615200,12,12.0,0.7136137378091280,6.136628859372180,0.2882086995374460,433,747,1,1
244,4.354675257574130,0.06101768268553580,24.011572998772900,34.56896685471400,34.56896685471400,23.255189891680000,13,13.0,0.6595765529162460,5.810430888485120,0.3577646268695830,433,756,0,0
246,7.775252566373610,0.19664585262830200,17.513534921920500,35.01418967269900,35.01418967269900,16.599115932139200,16,16.0,0.8167418977200230,5.735608517046110,0.3171025576659390,434,459,0,0
247,5.8034748966123200,0.10748163629380600,29.02325017962130,65.92514585042150,66.64016252861890,28.314492479284100,17,17.0,0.889676696370703,5.100757771611100,0.3549170388565730,434,462,0,0
248,5.771072309703230,0.3097842102123540,20.26012420941860,36.265290320435400,36.265290320435400,20.26012420941860,15,15.0,0.8334269126304720,5.401347437636060,0.3235697607133790,434,494,0,0
249,9.323889462938010,0.08834790966616780,39.00531485570980,31.80405566137680,43.75996167705380,31.80405566137680,17,17.0,0.8789300864411840,4.9450066581717700,0.3684323574341960,434,495,0,0
250,4.594841123163680,0.17000073301161400,37.976613227800500,33.46365711471560,40.69492963626900,32.292315097902300,13,13.0,0.8002672081658440,6.117991355661920,0.3797070978890060,434,763,0,0
251,6.748319080567530,0.15808165604541800,13.908279600059900,47.74135021759970,49.95264632081380,13.908279600059900,21,21.0,0.9348812707388700,4.675208644657260,0.4147345979449530,435,436,0,0
252,4.110012919030140,0.2672568675670270,19.038055447641700,62.561455358571100,66.24227494604740,18.192644661803100,21,21.0,0.9046147892729510,4.545008830494580,0.3947373370148350,435,437,0,0
253,7.00910259437882,0.1513815599422030,34.43874648482110,5.003215002989760,34.43874648482110,5.003215002989760,19,19.0,0.9325632261798620,4.9992093337876400,0.4708295675687130,435,439,1,1
254,9.107975061311130,0.2381299924786,37.73372635039800,18.679855787240000,37.73372635039800,18.679855787240000,19,19.0,0.9449132524692450,4.5988529019576000,0.4023840923126200,435,462,1,0
255,5.905878221922470,0.38326868721762400,38.88710040624360,17.629633011002200,41.227888000121800,17.629633011002200,21,21.0,0.8996935996288460,5.000917943839050,0.4409306911484650,435,497,1,0
256,4.877411447638690,0.0752157334023436,30.51804109406560,33.700116840323800,33.700116840323800,23.39533726644900,11,11.0,0.9018713796349320,5.1031718967318,0.5095664990196000,435,721,0,0
257,2.8976874728400800,0.07902980136850570,27.798696827330500,29.959355023311600,30.44037758532040,26.507294419581300,5,5.0,0.7810249265422940,3.9202417053302800,0.3070728314730300,435,797,0,0
260,5.569279806139340,0.20987832722317600,25.071931901376900,41.09611742435620,41.65196496114170,24.444341022700100,21,21.0,0.8813116958226030,4.764612189013150,0.31927952564295800,436,437,0,0
261,4.360145373255120,0.4305806578560170,24.975501343273400,31.632156813580600,32.29944052500620,17.639262274427400,19,19.0,0.9216101590188970,4.818456260476170,0.3269262809407430,436,462,0,0
262,3.5977738882260800,0.2011742147273080,33.92334999268250,9.79404570932247,33.92334999268250,9.79404570932247,17,19.0,0.8818900362327800,5.221348499015340,0.3890724228151290,436,547,1,1
266,6.146085675583580,0.09277552803871570,37.494058965056500,40.337450874252300,40.337450874252300,32.990443764468100,18,18.0,0.795509705738422,4.876739149605990,0.3090511847240810,437,707,0,0
267,4.993857437127270,0.13787498212736600,22.760949243794200,30.19163357606420,30.19163357606420,15.626975578446300,12,12.0,0.9318794086098570,4.170192609325190,0.4211585628135340,437,720,0,0
268,1.813978135160180,0.14567493552787100,27.5817635202285,45.592757638838800,45.592757638838800,26.725072618807400,11,11.0,0.8483018047186640,5.1925754410876900,0.4141114267176040,437,721,0,0
269,2.398708959276510,0.21404578842384000,11.64792059361090,20.898289834700200,20.898289834700200,11.64792059361090,5,5.0,0.7274553516260260,4.009645249686170,0.2116177591710350,437,797,0,0
270,3.315707485193220,0.14535927721543600,15.056596874906400,14.835193137112800,16.80892132952270,14.835193137112800,5,5.0,0.7662783053143060,3.860159701228350,0.20321747252445600,437,798,0,0
271,5.471701587373030,0.17740335290740300,24.197650789210000,36.63765285226920,36.63765285226920,20.72579788356140,19,19.0,0.8522817389340690,5.727489622066260,0.4314472548734620,438,439,0,0
272,5.052129385828990,0.138493193149259,11.622293839210500,32.802677761254300,32.802677761254300,11.622293839210500,18,18.0,0.8234979214346800,5.852658143143940,0.467411598098039,438,508,0,0
273,4.8269237698709900,0.15096828258550700,24.18360840897960,13.073781513731200,25.221231451263400,13.073781513731200,13,13.0,0.8547252616885790,5.171686245351060,0.4813909364955340,438,516,1,0
276,5.805780206318490,0.08103325361645560,47.704360019896800,27.7476439125588,47.704360019896800,27.7476439125588,18,18.0,0.9192921144598890,5.1424569496065500,0.3830212505645030,439,462,0,0
277,3.550480567594250,0.06817912565244810,30.860700995399500,34.06616040361580,34.06616040361580,21.781414932768100,14,14.0,0.8434988030126330,5.502479348172180,0.3998255813677000,439,463,0,0
278,3.6275697934601300,0.16834305183419200,25.870310715013800,23.905201984825800,28.84940358157760,20.90481109876740,19,19.0,0.8740724616194890,5.5445219914880000,0.42156784940034800,439,497,1,0
279,4.473593084309590,0.05729438281269770,28.04426238244310,36.273531364213900,37.14542811758120,28.04426238244310,18,18.0,0.8781582706711170,5.667981902514270,0.487431069045173,439,508,0,0
280,3.289137493751150,0.09378464098605700,31.27956961707150,30.115708541467900,31.27956961707150,24.379895360295200,13,13.0,0.9093856109250160,4.987010004721390,0.5014104074426680,439,516,0,0
281,3.787416938305050,0.09058889249205270,36.59987081911680,27.41413592707590,42.17586181532600,27.41413592707590,18,18.0,0.7571029247339690,5.521810016606560,0.3455155800694340,440,487,0,0
282,3.743257582821970,0.1319600435762720,29.333838841268900,30.248115185890600,32.682107216379600,23.866207333592200,13,13.0,0.7227139742277930,4.5861010520116700,0.3461587423155430,440,502,0,0
283,3.2634812138688100,0.14677168649046000,30.527004577034000,23.61557750522400,30.83366219833600,23.61557750522400,16,16.0,0.7622312405978490,4.476738274274290,0.34818220655190700,440,715,1,0
284,3.7223180353233600,0.11766547669379600,31.51013584174170,30.21937080778210,34.11966133366190,29.06246057034440,11,11.0,0.7402444188502720,5.1518051436501100,0.4078089238185240,440,716,0,0
285,3.8443959530582600,0.0916592007035227,26.4946508905802,20.36675631877160,33.44253328049820,20.36675631877160,12,12.0,0.7763684506243940,5.227068907222140,0.4360585567725540,440,718,1,0
286,2.998870986191880,0.11697369569710500,24.02383323551680,30.902839864062500,30.902839864062500,22.647871104328700,12,12.0,0.70076156392474,5.285001999532890,0.3967374196445350,440,729,0,0
287,4.299976672684410,0.11669134911454100,24.1120199687678,44.4309524567661,44.4309524567661,22.944374624366900,16,16.0,0.6421555785134180,4.9122409768723000,0.3287496303018120,440,731,0,0
288,4.367467315264620,0.1735030697420070,25.303506853361400,20.89244974693660,25.303506853361400,17.277324961885800,12,14.0,0.5389098065191090,5.841474546015580,0.1998208884792260,441,513,1,0
289,3.1754506527777400,0.10254038925519900,17.021248638198800,23.75158192912550,23.75158192912550,15.638876802386600,12,13.0,0.5981871822882590,5.806807621905610,0.2695488513048380,441,733,0,0
290,3.7438710021476500,0.13819936314666000,32.761947856952800,22.199713167591100,32.761947856952800,22.199713167591100,12,12.0,0.5714069984132710,6.074106360881740,0.2058389666805490,441,735,1,1
291,3.0860575154293700,0.1038637399310980,19.339226290070200,32.919237051058700,32.919237051058700,19.339226290070200,10,10.0,0.5621824688709510,5.741829442886910,0.2621465868780230,441,753,0,0
292,5.407717210898260,0.1693278864999380,28.998538369529500,38.138323042468000,38.138323042468000,21.241667669506100,14,14.0,0.6380450955981370,5.58095507555027,0.3149441775945960,443,469,0,0
293,6.939289339925600,0.09163920824085740,33.051098742338400,33.291616074187600,36.663467499946100,33.051098742338400,12,12.0,0.4740651108369480,7.413571184135340,0.32049120784420400,443,489,0,0
294,6.604847415591280,0.10282458011060400,25.662803955292500,32.761122141907500,32.761122141907500,20.08514991855420,16,16.0,0.4992311571470210,5.864361536092520,0.2821904256942250,443,519,0,0
295,6.845901405228180,0.2803281493782430,24.496151002502300,24.05623555945890,24.496151002502300,18.9994716049038,13,13.0,0.5342047186377370,5.609920614485560,0.21618751078117800,443,524,1,0
296,5.310132022747480,0.1222388570453710,30.717382490013000,16.811839415885900,30.97262375800080,16.811839415885900,15,15.0,0.5018909463411170,5.72880399282951,0.2256281628340580,443,736,1,1
297,4.0971027507887400,0.1070458883236440,33.121158064384300,51.52644116131250,51.52644116131250,33.121158064384300,13,13.0,0.4560568984791710,5.520798443422430,0.2350676616762040,443,748,0,0
298,5.197771174875400,0.18838839793969000,34.03093605599590,40.70237851331280,41.30518154393010,32.60476293161100,13,13.0,0.6486678968599650,5.180251486233400,0.13688823177542300,446,465,0,0
299,4.926655289566480,0.2178733122720040,20.160323821258900,27.73775152636950,27.73775152636950,17.941250207651200,12,12.0,0.5495986789047200,5.593549845094850,0.1259923200507230,446,517,0,0
300,3.7268387134732800,0.06109127472037340,26.69714576991340,15.195307739632200,26.69714576991340,15.195307739632200,11,11.0,0.6272445862812790,5.274198716272680,0.1834912853496890,446,707,1,0
301,2.757833421867220,0.10265400089643700,23.28658706832450,23.674181411592700,24.92365290367660,18.386187096960700,9,9.0,0.5882177305253090,5.8788010566638800,0.21242081401133100,446,745,1,0
303,4.612179798320080,0.10649195886243300,22.232070617491900,58.867424495916000,58.867424495916000,22.229754835226700,13,13.0,0.5220938584507090,4.453715321178600,0.3050222161578270,454,460,0,0
304,4.201472791409760,0.2876177199356270,32.39186692845910,17.754654420139400,32.8587758561371,15.641864946184100,11,11.0,0.4135962849328450,5.0920679991951500,0.3686834486015050,454,518,1,0
305,3.036939394170390,0.39182844041165900,27.270647083629500,14.358143606577700,27.270647083629500,14.358143606577700,11,11.0,0.5062475308362670,4.323324684868070,0.30731191664665100,454,708,1,0
306,3.597912453864750,0.20565195663075400,35.493359015891300,31.6808877539174,38.463842854097900,30.437421863486300,11,11.0,0.5028683174780860,3.9130519490804400,0.3201043086943740,454,737,0,0
307,4.324974377487810,0.19443804999765300,26.02190013282350,29.777608820390700,29.777608820390700,20.09371113628620,11,11.0,0.4673987495527460,3.948479802727880,0.3229395500650530,454,750,0,0
309,7.83677278330985,0.10779112615815300,50.718218331588700,35.22859077365140,50.718218331588700,32.84809249456080,16,16.0,0.8512173394787590,4.715592936569410,0.33788792136676300,458,490,0,0
310,5.969870452379440,0.3129307314787500,36.638262517407400,29.440707282302300,39.8991346954319,29.166779711207800,20,20.0,0.8560865208552090,4.477513428069930,0.3001229252671180,458,493,0,0
311,4.7339058028506,0.09755319442473610,32.49405963239390,16.05653367896980,32.49405963239390,16.05653367896980,16,16.0,0.8447740341397380,4.723622415660000,0.3408077525306380,458,706,1,1
312,4.200151237781570,0.12025741381136900,22.647234922648300,45.0489010043362,45.0489010043362,22.647234922648300,18,18.0,0.8236633733981770,4.182736005827370,0.34271182423693100,458,715,0,0
313,4.137011784967590,0.14714057924713500,16.424127672804000,33.062123643115500,33.062123643115500,16.424127672804000,13,13.0,0.8257295810174410,4.9749701594880200,0.3922863243025000,458,717,0,0
314,4.9508349308016700,0.19898478391719800,25.9893987514251,31.132513716023300,31.132513716023300,20.65704966371160,12,12.0,0.8378005834247220,4.933066638775210,0.43058817445757800,458,718,0,0
315,2.872959716762200,0.07284032297434130,23.38540502964840,25.266181857902100,27.464667794428700,23.38540502964840,5,5.0,0.7827307129828590,4.159607314745870,0.2747083996572730,458,796,0,0
318,4.55430097210753,0.3244306332336550,28.081457670166800,6.214704258644180,28.081457670166800,4.65306026377194,16,16.0,0.7741695448340930,6.457391560228430,0.3130317952405180,459,461,1,1
319,7.2013532945918300,0.15039623384460900,27.749446942318700,47.117127598971000,47.117127598971000,27.183890627849800,19,19.0,0.8587073420985920,5.376951263211540,0.2767612941177760,459,462,0,0
320,4.426768798305120,0.2595628390004170,29.753599206851800,42.70463917818980,42.956543105586700,21.295161334654500,21,21.0,0.8134876892581920,5.779016305092980,0.3153078929536210,459,497,0,0
321,3.5794624435472800,0.12582803080316300,34.232244691754300,28.51687580321950,36.691451422137100,27.690962250990000,13,13.0,0.7692978538937320,6.394184847262370,0.3015513531502090,459,763,0,0
324,3.1716446315049000,0.28874321738734400,29.155472029162800,28.02208369177790,29.155472029162800,21.102673371928700,11,11.0,0.5401718442899250,5.166154012381260,0.3149053603165850,460,739,0,0
325,4.444361935388370,0.0884818137666616,30.00027170460410,21.806849214409000,31.841059671825900,21.806849214409000,11,11.0,0.5320454200648760,6.306330646379730,0.4742458347744810,460,765,1,1
326,3.580946640899140,0.19796165410467800,32.81055014495150,28.132863925308900,35.10533258714750,28.132863925308900,11,11.0,0.500963330328194,6.184305143433930,0.5468946171334500,460,770,0,0
328,3.187498620276870,0.11414515441763700,30.7245998795998,44.32888421002170,44.32888421002170,27.97018212075620,14,14.0,0.7713110320375170,6.182563213359040,0.3676506072343490,461,463,0,0
329,3.3107452941250800,0.25931716983281900,24.123009267210200,45.76097075765980,45.76097075765980,22.442498908585400,13,13.0,0.7118451226435290,6.844819961557590,0.3918776978506060,461,473,0,0
330,3.4202667768951400,0.09092053866842680,33.2342987520517,48.69161912146620,48.69161912146620,28.86156885492660,16,16.0,0.8018846906443730,6.2246058566748600,0.3893928752669970,461,497,0,0
331,2.8305134823557800,0.17791569500958900,31.40063693621520,26.486150553498000,32.713516402271400,25.167352990798500,13,13.0,0.7576948552799130,6.839774398844240,0.3756363354635850,461,763,0,0
337,6.460970018210730,0.18581342765717900,29.895229381174800,61.76099298103710,62.26017940757700,29.895229381174800,20,20.0,0.9208955308197540,4.586349404337190,0.32809109388603300,462,495,0,0
338,5.3058575660807400,0.14951066842645700,33.46454787083470,6.317177212839790,33.46454787083470,5.084616417010370,19,19.0,0.8864224879088720,5.1441655596579600,0.3531223741442550,462,497,1,1
339,6.336483909643920,0.09610700685525730,31.80632448748530,41.218258227225700,41.218258227225700,27.650581504795400,17,19.0,0.8919220179631540,5.144992756315680,0.37672191718279500,462,547,0,0
342,4.135292498753970,0.10017228255904000,28.7133774067786,4.595329286770770,28.7133774067786,4.595329286770770,12,12.0,0.7205896084607720,6.124402063106320,0.3724115275310610,463,473,1,0
343,2.6441650943651300,0.08364229192586480,25.14615027960030,42.791365021342400,42.791365021342400,23.31070575738510,14,14.0,0.8106291764616160,5.504187958223590,0.3699267049474520,463,497,0,0
344,3.5700692468314100,0.09318270284142320,24.0929165689855,27.107579799233100,27.271026471939400,21.300326298527400,13,13.0,0.8459423257671430,4.946675971456980,0.44976926298977200,463,516,0,0
345,7.428395110625060,0.07663734498793670,27.67482648523000,25.022989849819400,33.65269094526400,24.27431454877410,17,17.0,0.6631588241787970,5.270804993736240,0.3174158788825940,464,472,1,0
346,6.692177515393730,0.09154604921656180,25.049521701603600,11.841327047597100,25.049521701603600,11.841327047597100,14,14.0,0.6230884696058220,5.483220508638360,0.2447860680614570,464,517,1,1
347,6.2598495566747400,0.11434512157555500,27.32784185822580,47.42144877591990,47.42144877591990,23.38140063647690,13,13.0,0.6211059141168930,4.899039763230430,0.2508383575288950,464,524,0,0
348,5.0961042647456700,0.14881753319594700,39.24695627218990,41.95904691129150,41.95904691129150,31.56083489292680,15,15.0,0.5887921418202730,5.017923141574380,0.2602790095817750,464,736,0,0
349,3.2571007731492200,0.0799594910813552,27.09013753701890,26.28612885877240,27.09013753701890,23.88881874509810,9,9.0,0.6198985350357300,6.507882804998760,0.5038428982257590,464,773,0,0
352,4.579400526254530,0.09529997931336050,26.708985402808800,4.6140844833478800,28.383618671835900,4.6140844833478800,14,14.0,0.8085862719358020,5.283810284914810,0.2996012383215890,465,491,1,0
353,6.3047507230194400,0.1692237354124470,63.30548721104130,25.784612170949300,63.30548721104130,25.784612170949300,21,21.0,0.8440458124694150,4.757439089844010,0.2625934277262400,465,503,0,0
354,6.842672535161450,0.30879303627877400,24.492945460860000,24.206862874961400,28.8418912171332,17.927768053569700,21,21.0,0.8737339535251580,5.1680976425062800,0.27380305133699000,465,504,1,0
355,5.646018734173990,0.1657687400753830,11.484920290988700,28.19054155744130,28.19054155744130,11.484920290988700,18,18.0,0.7613975076988480,5.025118694322230,0.2722170511610550,465,707,0,0
358,6.465743730612190,0.12291773004509500,22.093893540187400,43.48447811905150,43.48447811905150,21.29937184439200,14,14.0,0.6868881967007060,5.720307408792980,0.3215052304166910,466,476,0,0
359,5.2442555441819700,0.1282979647371720,24.35159132377180,8.09967137756319,29.040108416676000,8.09967137756319,14,14.0,0.7089452600365610,5.759194451224560,0.4669272259470720,466,477,1,0
360,3.8277887526393800,0.08396635607181960,32.10584074096400,47.69072102342100,47.69072102342100,26.99247734239610,12,12.0,0.7156092593782600,5.679281517143610,0.3179398037185650,466,747,0,0
363,4.217334293692870,0.3136926579561740,24.949993094719400,10.488116562460200,25.524965351836400,10.488116562460200,13,13.0,0.8036615515199620,4.937930974143300,0.4188462112466810,469,509,1,1
364,5.887705510675150,0.0597984131193373,39.7354819225396,49.274915120542500,49.274915120542500,31.725329645687000,13,13.0,0.6495840868588680,4.814882073861650,0.3806863347987290,469,519,0,0
365,4.774583657326680,0.2306198172424520,34.721321475811300,24.250728728214100,35.926726503607700,24.250728728214100,12,12.0,0.6522438760529650,4.6793245305986400,0.3241240719385620,469,736,1,0
366,2.850406569487270,0.08195526282182310,28.849434890046400,46.0507180187451,46.65061596905780,23.634805102722500,12,12.0,0.606409828191018,4.471318981191560,0.3335635707807090,469,748,0,0
368,6.239320669304340,0.33091098385678000,30.599735890180600,8.608490117964180,30.599735890180600,8.608490117964180,13,13.0,0.7113848865478850,5.817071143971150,0.33571131237809900,470,476,1,1
369,5.075325202167890,0.09704410136393210,41.379117819556,37.095835124458300,41.73013818273610,33.21876638725330,11,11.0,0.7401059492254380,5.776045252321780,0.33214588567997400,470,747,0,0
370,4.244822477015050,0.1428024739491760,25.495097567963900,31.71497231557080,34.912554564602100,24.72164716325610,11,11.0,0.6860687643325570,5.449847281434730,0.4017018130121110,470,756,0,0
372,6.79425606972932,0.06051825760837380,31.477612894191700,27.11436545966750,35.64297411240170,27.11436545966750,14,14.0,0.6247527369400180,5.545352667103730,0.276451984958526,472,517,0,0
373,4.34748158627542,0.11490954589299500,32.334618340928900,25.022201790951400,32.334618340928900,25.022201790951400,12,12.0,0.6633717885606070,5.830603878672760,0.3628804789191340,472,745,1,1
374,5.02014647887268,0.14764979311060900,34.99813984516190,30.561228709333500,34.99813984516190,27.178325452016400,13,14.0,0.6759946858977700,5.1215170545990700,0.35182869293546200,472,754,0,0
377,7.202603229128760,0.1334625436513830,30.130920409188900,25.721443411926000,30.130920409188900,21.372632910383900,15,15.0,0.4875311765413420,5.027875222897660,0.3120428635253950,474,498,0,0
378,3.885818514482800,0.0963642411897325,27.777123489706400,43.50160907287110,43.50160907287110,27.777123489706400,13,13.0,0.5543861333800120,4.707166095556690,0.3189647852779500,474,725,0,0
379,5.161569443708070,0.07802899682206540,44.07485101261670,37.28451682085540,44.07485101261670,32.50405383218140,13,13.0,0.4901773722642600,5.293014021759950,0.3667237982789100,474,727,0,0
380,4.615614018894830,0.1359257216227680,44.407101158287100,35.06909296733380,44.407101158287100,32.80741968388050,11,11.0,0.5642237284725210,5.0826660282085700,0.3266376824780330,474,730,0,0
381,1.537992246594290,0.08364938648636140,22.231049163455600,26.80910757925700,27.834832963749600,20.449820595726600,7,7.0,0.4006701903214740,5.782787610333930,0.2272706019277520,474,774,0,0
385,5.353066445011070,0.09341189249931010,25.999815743488600,40.37255650668960,40.37255650668960,17.34086845963690,12,12.0,0.742083127077418,6.292498227397130,0.32760801619676100,476,747,0,0
389,3.686289937403210,0.09601004909442860,35.73513677041130,42.33677387278640,42.33677387278640,22.736148672879800,13,13.0,0.7551496777055640,6.593932944893920,0.4930866636644620,477,763,0,0
391,8.902127064208840,0.09047029396658550,26.624296632351500,12.592152213222500,27.7934466520407,12.592152213222500,13,13.0,0.6699415141527900,4.461998968077840,0.28212839676546100,479,481,1,1
392,4.736511864483700,0.24275770029066300,19.67823839090960,23.124562435187200,26.920315052214200,19.67823839090960,11,11.0,0.7535070205050390,4.229918553930940,0.4083176092166560,479,713,0,0
393,6.0967687413946300,0.08119645849252930,35.620961599522900,36.7122373622351,36.7122373622351,29.284306850928000,11,11.0,0.7850326790178520,4.401763361024800,0.35855649840293600,479,719,0,0
394,4.088438368198100,0.08442613682780170,20.892663617247700,19.292584193076300,22.229457083899400,17.218664559999200,9,9.0,0.6727501501528580,4.799292708116140,0.29131866897257200,479,732,1,0
396,5.504631342152420,0.06694270508178340,36.709729608125700,34.391492052260500,37.935798007741000,33.15134671466540,14,14.0,0.5087020329328830,5.478724248805770,0.22926910900658400,481,514,0,1
397,3.9020333239031500,0.10568268708004400,27.730606731611300,31.742141755732200,31.978063876512500,23.917281923412500,12,12.0,0.6728839778373090,4.689612282431880,0.323549352170882,481,713,0,0
398,5.353362508700660,0.15520660404780600,26.523509278595400,41.92738809630700,41.92738809630700,26.523509278595400,14,14.0,0.5926988100444440,4.916896029921660,0.2433689717423490,481,730,0,0
399,4.7148798025834200,0.10967698274303200,38.59296585436590,31.406916009859000,44.064983965137200,31.406916009859000,14,14.0,0.5921271074851280,5.258986436617090,0.20655041192679700,481,732,0,1
400,4.1291105926668700,0.15431292894187100,29.768698778407800,30.255222076020000,31.13965872072810,27.274448928406000,14,14.0,0.6141252277022570,5.405674444688800,0.2400400373672340,481,746,0,0
401,5.24823080804097,0.13366428424366700,23.339556071593900,20.75883771286170,23.339556071593900,18.14765997274210,11,11.0,0.5491858616452600,4.950809670314100,0.2231749827276010,481,749,1,0
403,5.152683960654100,0.08952323176622590,35.214713957091500,13.915778070044400,35.214713957091500,13.915778070044400,18,18.0,0.8229487451990330,4.586177135177380,0.3400045866449290,485,506,1,1
404,4.520945725795050,0.2445755357471940,14.93676206749800,27.623581713924000,27.623581713924000,14.93676206749800,17,17.0,0.8135580554619440,4.700375751852610,0.3336893522378850,485,719,0,0
405,4.0267463745402600,0.20702421056666400,23.480826604866400,31.26437544380330,31.26437544380330,18.678275306748900,14,14.0,0.7012755265969500,5.097905098943950,0.2664515228075210,485,732,0,0
406,3.970295176317280,0.1142445165022630,28.82585813046500,30.689532960040500,32.70803140279390,27.031432947427800,13,13.0,0.7902574926642790,5.000086390004280,0.38336383232518900,485,733,0,0
407,2.768426680641700,0.09206181592980370,29.889505786917000,33.98167581375740,34.741433352468200,29.889505786917000,5,5.0,0.6657429697038600,3.998050196627170,0.1817958265545760,485,795,0,0
410,4.224246369961170,0.11283165086292200,34.236802678969300,40.47969876233790,41.7893182497198,32.72421897416060,17,17.0,0.7054711896536150,5.962493023712260,0.2926551408013240,487,510,0,0
411,2.901223536735830,0.23359600342459200,27.881593810278300,36.74016765581660,36.74016765581660,24.82264994436110,16,16.0,0.7179152129023770,5.812067683629270,0.2841988224860120,487,714,0,0
412,3.2257133710076000,0.1299271053762290,32.02022805227620,13.638569470182500,32.02022805227620,13.638569470182500,16,16.0,0.8037919670780440,5.041526773493490,0.34088106556948900,487,715,1,1
413,2.6751730263204600,0.15126983274666800,30.170620689939800,30.403060305139400,30.403060305139400,18.866245794465500,12,12.0,0.7423222904049350,5.849790498752090,0.3894362786621170,487,729,0,0
414,3.316054767442400,0.2629063447353690,23.048799307265300,24.73368728155140,26.084539618021700,21.06068650158620,12,12.0,0.7730979091550270,5.669070267887180,0.40087929293890300,487,734,0,0
416,7.176086580567770,0.06880881881900770,37.17564779376750,38.32074465754190,38.32074465754190,32.43794351175350,11,11.0,0.4856041020976790,6.6474981824467100,0.38623336504833800,489,519,0,0
417,7.895267417325420,0.14556126231912000,23.028248994084400,11.719489062150800,24.156183332638000,11.719489062150800,11,11.0,0.5205776635883950,6.393057260839760,0.32023045013529200,489,524,1,1
418,5.227464862520730,0.08345014254359840,20.09975124224180,22.09072203437450,22.09072203437450,17.11724276862370,9,9.0,0.5415119894415800,7.5149589251722800,0.6719217030528520,489,772,1,0
419,2.6485588412827200,0.08035169152581680,30.59411708155670,26.0768096208106,30.59411708155670,24.515301344262500,8,8.0,0.5193702845072330,8.001900302608090,0.573234990832156,489,773,1,0
422,7.492013292463550,0.1834213911767160,19.851210022005900,31.467640503679500,31.467640503679500,16.70784389949370,15,15.0,0.8688973964795380,4.824089384145830,0.2961348902119800,490,493,0,0
423,5.728735254986050,0.14773193211836700,22.77366929985930,58.87791241173040,58.87791241173040,21.641011339213600,16,16.0,0.8870885679966610,4.74638359177159,0.33775314938764100,490,495,0,0
424,6.869208935234000,0.24712172724744000,20.84391029897460,43.21910381485890,43.21910381485890,19.497391067845100,16,16.0,0.8846495108821920,4.822937804025190,0.3167363720886580,490,503,0,0
425,3.3116943819314500,0.1329002397474880,28.66986717886620,61.89554580825460,61.89554580825460,26.988298390507200,14,16.0,0.8581150551400620,5.30502694375008,0.3863839726844030,490,547,0,0
426,4.415689350260730,0.11341261026302000,38.52933846415190,30.48343924484940,39.02335475843620,30.48343924484940,13,13.0,0.8575849097640670,5.070198371735890,0.33681971747550000,490,706,0,0
428,4.289310163808400,0.06734832660579130,50.64527928297090,26.189425251816700,50.64527928297090,26.189425251816700,14,14.0,0.8698112661276830,5.1100779104758600,0.3365806684610390,491,503,0,0
429,2.6540580170644300,0.1467025455073110,31.668114354566300,27.163958659100300,34.12372392702080,27.163958659100300,14,14.0,0.8994994071834260,5.520736463138130,0.34779029207179000,491,504,0,0
430,3.7890199342892700,0.19931837195743100,24.692518207761,31.723244509870500,31.723244509870500,18.743401632462000,13,13.0,0.8363169531417160,5.104636677334450,0.36821764543255700,491,506,0,0
431,3.27202405074256,0.19357430941892300,22.466787005598800,21.845229819809900,22.466787005598800,16.980944433684600,11,11.0,0.7768455167319740,5.785844671137480,0.3478670064885270,491,735,1,0
436,4.906882170630090,0.09416646849042800,37.80857267455230,43.76067914768070,43.76067914768070,25.946125906218000,14,14.0,0.8464545755623990,4.9646448627364,0.2551255565671780,493,494,0,0
437,6.936547452637600,0.21074138237222200,25.990609731802100,42.32107458665720,42.32107458665720,21.112950734565300,19,19.0,0.8919577493731120,4.508304083272110,0.299988153287995,493,495,0,0
438,5.460353449180300,0.0929339399098788,26.253779650495900,72.13787414378440,72.13787414378440,26.253779650495900,20,20.0,0.8895186922586420,4.584858295525710,0.27897137598901200,493,503,0,0
439,4.567748629408090,0.08023271474456550,34.19812327108840,39.97215710200810,46.3769768842136,33.066386844277600,16,16.0,0.8624540911405170,4.832118863236420,0.29905472137585500,493,706,0,0
440,3.8088309735336600,0.10747414133090700,41.750555579375500,33.701704394955300,42.94963483261390,32.148555252609700,13,13.0,0.8434096380182200,5.083466607064430,0.3505332931477160,493,717,0,0
445,4.593442503118840,0.3509715178053120,27.91920957856580,5.155584603249220,27.91920957856580,3.957928654328300,15,15.0,0.8646457470795220,4.886939070362160,0.2967438157428390,494,495,1,1
451,2.8960587565215500,0.17937069031636300,33.9122257397603,71.95376141077790,74.26936787596640,33.05541530429540,20,20.0,0.9077098637757650,4.507152503151470,0.32058963516467300,495,503,0,0
452,5.2279647530450700,0.13562317265066000,13.364427835749900,39.470316954417800,39.470316954417800,12.076815441424700,17,19.0,0.8811754080336360,4.989241642876360,0.3902372357604180,495,547,0,0
460,4.611314580642710,0.06876731337790480,41.58793159228580,30.20484086316080,42.32489838344690,28.49763085057580,14,14.0,0.445340240464386,5.067656551505010,0.31486910061325000,498,727,0,0
461,5.074266959527650,0.1646343943533130,34.93036596217310,24.51653299413190,34.93036596217310,24.51653299413190,14,14.0,0.5193865966726480,4.857308557953630,0.2747829848123740,498,730,1,1
462,3.645331259672450,0.04203934371588620,30.805007390603000,29.630395571635700,31.63419243910160,25.737787829085700,10,10.0,0.4330408677412930,4.816987554065050,0.2752099871969500,498,744,0,0
464,4.353320393174220,0.10209254462480500,27.9320510417426,18.852229151488600,31.963697184344300,18.852229151488600,11,11.0,0.7474161948242910,4.780884678274410,0.4011509450822160,502,716,1,1
465,3.6990813642316100,0.07618893044579000,30.670894440859300,40.294010179836300,40.294010179836300,29.56031735040410,11,11.0,0.6531448543103090,4.188140042298380,0.3067663864720400,502,725,0,0
466,2.359945709778170,0.0961210571252264,26.987648518525500,22.000165011700000,26.987648518525500,21.930365975368000,9,9.0,0.7357832253903990,4.810071055354490,0.41007826778313200,502,728,1,0
467,4.741896203608480,0.15436893146910600,23.534378076426200,39.70068079229920,39.70068079229920,21.153028287253700,11,11.0,0.6493273544874360,4.541320511496610,0.32209165156550400,502,731,0,0
474,5.296980750962000,0.3418068562000000,39.79076444761610,5.531584967545140,39.79076444761610,5.531584967545140,21,21.0,0.9349589477170380,4.994365268067330,0.3107824814764410,503,504,1,1
475,4.871432791769530,0.26300104030931400,32.60446582153290,31.898127104884200,34.037466326051100,21.109538232321300,18,18.0,0.8717764936753290,4.578265482263650,0.3312098348372080,503,506,0,0
476,4.727505447753760,0.1332384167912110,29.96240638436590,47.69208645616120,49.04924161456830,27.64467336527410,17,19.0,0.8787363509191660,5.065795855129960,0.3692204584614360,503,547,0,0
481,5.307274801415910,0.08305598275345390,26.12152437079110,42.93599235787250,42.93599235787250,21.160943182767400,18,18.0,0.9014646347310720,4.988924034925920,0.3424194584479580,504,506,0,0
482,3.795432294396980,0.15920996138878100,40.56091358034100,45.83345961990640,45.83345961990640,28.47454639955380,17,19.0,0.9084244919749090,5.476454407792230,0.38043008207218700,504,547,0,0
484,3.743480592432670,0.3438135525459490,24.4395730771302,31.68139949288560,31.68139949288560,21.611234589524100,14,14.0,0.6083758026326850,6.278790669674100,0.34464008333664300,505,712,0,0
485,4.394194817957820,0.2304958327525180,22.191586275564000,38.7257213596117,38.7257213596117,20.61040272868000,15,15.0,0.6478104625240360,5.848294424788590,0.2933964952496520,505,714,0,0
486,4.240986990822530,0.18236165222164800,51.24762946347190,37.14045013600780,51.24762946347190,33.115613439224600,15,15.0,0.6174290544381450,5.160075748052590,0.3153208969895700,505,725,0,0
487,4.313840544608980,0.257838672152828,30.170570563402500,15.869744468842600,30.170570563402500,15.869744468842600,12,12.0,0.6722175400265940,5.886017239911410,0.3986339514257570,505,729,1,1
488,3.9385440381531100,0.3957170041788500,36.837286067566200,19.633043391391700,36.837286067566200,15.370332836536900,15,15.0,0.6136115546152720,5.513256217250820,0.3306461620830340,505,731,1,0
494,4.976990558197170,0.045329369736854800,29.79556985420830,35.73802218390900,44.965960130296000,29.79556985420830,16,16.0,0.7788107442796200,5.254032242925270,0.342496172864695,506,735,0,0
497,3.2864645649217500,0.12299591898118500,37.830006492513000,31.851896061042100,37.830006492513000,27.455300073910200,16,16.0,0.8941209618304050,5.211527906968820,0.5939800546954560,508,710,0,0
498,3.183612248824450,0.09197465144674550,26.76827218728580,22.402955170488100,30.489143613233000,22.402955170488100,11,11.0,0.8474664241261870,5.771944465458430,0.5261680004960600,508,721,1,1
501,3.9893127672804000,0.30359561869848000,8.524923368171830,22.95487292488330,22.95487292488330,8.524923368171830,17,17.0,0.8788962741095110,4.98714586265644,0.544408516457712,509,710,1,0
502,4.167199851260550,0.07056342529761230,28.163159370231300,36.92520258404050,45.12539890500630,28.163159370231300,12,12.0,0.915819340296486,4.5251795893835500,0.4836435983542450,509,720,0,0
503,3.2938198397531900,0.07739189965662210,28.462898681256200,39.58748268937500,39.58748268937500,28.462898681256200,11,11.0,0.8322417364052930,5.547562421146050,0.47659646225831600,509,721,0,0
504,2.8652819420040000,0.10703021785118400,29.22673261188990,27.05162473929720,29.22673261188990,26.686255604721400,5,5.0,0.7113952833126550,4.3646322297445300,0.2741027947117460,509,797,0,0
507,3.623027495162350,0.08805563468755600,42.66282382075540,31.64542685866230,51.29780658009730,31.305526417799400,16,16.0,0.6247227513418280,5.687962191515770,0.23863952420032000,510,714,0,0
508,4.535468743806650,0.07855279909937120,27.703598047112000,18.7089918149505,28.123993979808400,18.7089918149505,12,12.0,0.6799054475944790,5.544964775773680,0.3553199946532110,510,734,1,1
509,3.2504301847899500,0.07186952479369680,24.363938518725800,27.98627761362600,33.38286258521940,23.77217063179870,14,14.0,0.6149449675225080,5.652165075039750,0.3209374968555680,510,743,0,0
510,4.060659117817580,0.1168287903693310,16.27099948964730,31.24211997870040,31.24211997870040,16.27099948964730,16,16.0,0.5904332202918690,5.669894153596350,0.2467206028224200,510,752,0,0
511,4.2840238276064600,0.14038300982090000,23.29223891346710,24.846478904846000,24.846478904846000,18.263211561902400,13,13.0,0.6375042740311380,5.718731962786210,0.3551251433392710,510,756,0,0
513,4.955070039091690,0.09148044375655730,27.88835233917330,31.023729785230300,33.57859221450410,25.40594629409150,15,15.0,0.6868421159757160,5.702608421862140,0.3161274557193430,513,735,0,0
514,3.7794530528735700,0.07027395082098590,30.785367268116700,40.64606706099740,40.64606706099740,30.785367268116700,14,14.0,0.6581327048448880,5.899123606069950,0.34339426978831200,513,745,0,0
515,4.071922838625830,0.14624843149567200,27.68203087920520,25.506772289859400,28.00980342404020,20.7675330135745,10,10.0,0.6776175864333960,5.3703315038673000,0.3724350759168180,513,753,0,0
516,4.984559578925710,0.18559768326083800,30.35926681203170,16.12673716866660,30.35926681203170,16.12673716866660,13,16.0,0.6707556021820500,5.190036781996250,0.3323424838046410,513,754,1,1
517,3.898854262799560,0.1328869603743590,31.449542376037300,28.068631363162900,33.57613255655930,28.023175157133200,11,11.0,0.6203737492189210,6.602331719278350,0.5339506996618220,513,768,0,0
519,4.452421927280680,0.2371547393452900,25.378515038963500,17.93227834417130,28.92161818928120,17.93227834417130,11,11.0,0.5120823714922670,5.473927582148650,0.27527794102924700,514,730,1,0
520,4.6741813401671300,0.08010413201128830,28.58142893324110,18.474414694795500,29.32406781188530,18.474414694795500,11,11.0,0.4685694230930830,5.507841222541090,0.2550839520144990,514,749,1,1
521,2.3989482634731100,0.10166433331071600,22.13945746716700,23.35588024226800,23.35588024226800,20.5555113905898,7,7.0,0.3998888513057850,5.551612849493890,0.18804170984832200,514,762,0,0
528,5.390711984117600,0.12032591245163500,20.601406585380300,38.208856041859800,38.208856041859800,20.601406585380300,13,13.0,0.5503860545814940,5.292470814941860,0.21931511565770600,517,736,0,0
529,4.141941368490060,0.041969633583292100,37.12442310654850,29.112178563841000,37.12442310654850,29.112178563841000,11,11.0,0.6233014339876320,6.04301939357488,0.2902506680979970,517,745,0,0
531,4.025689871179950,0.03615694122796950,36.70242939684450,29.959943280616300,38.12034652652940,29.959943280616300,10,10.0,0.4220927272457650,5.753722081676060,0.3544916626203450,518,708,0,0
532,3.3172058829904600,0.20577548631568300,26.517605993509700,20.47862951145910,26.517605993509700,20.40082938757290,10,10.0,0.3832439459622450,5.378877199535870,0.3701192960387460,518,750,1,0
536,7.887830920193060,0.06457311752589560,43.42189341620560,35.919743672077700,43.42189341620560,30.2969332708013,13,13.0,0.5457437098984680,4.843847612796940,0.28192966798531200,519,524,0,0
537,4.793169051548650,0.25307705972933100,23.10338808254920,33.73683116938930,33.73683116938930,22.070102232457600,13,13.0,0.4675958897399020,4.754725441733810,0.3008098188803380,519,748,0,0
538,5.5619408918023700,0.0986068706996876,23.09803812221670,30.1909999771356,30.1909999771356,23.09803812221670,11,11.0,0.566678035751653,5.9657492771294600,0.6336209209028720,519,772,0,0
543,6.662504911070750,0.07281885582293450,33.46033046742380,33.22230987623830,33.46033046742380,29.798340676952900,12,12.0,0.5484034990925650,4.708290069533930,0.22536740512514500,524,736,0,0
544,5.228064010733240,0.11405733061775500,36.852176868600300,33.34812904698360,39.18469971455210,32.17143477165940,11,11.0,0.6016515972423700,5.7113083555225100,0.5676180059898250,524,772,0,0
545,3.4850263531624600,0.14273687065351900,30.87353288095960,28.796131140813300,30.87353288095960,25.45301693193790,9,9.0,0.5795098923080220,6.198249732958320,0.4689312937691300,524,773,0,0
553,2.2946766234938100,0.15930763085344600,31.60635782138910,27.451862629996600,32.46980747715750,25.685521077136700,6,10.0,0.2007236669747850,7.167315176490280,0.7630905040712530,567,723,0,0
554,3.1412001967435100,0.1285153584548000,29.48754755362400,20.769843924255200,36.489663577646900,20.769843924255200,6,10.0,0.1917223175138280,6.920715963118260,0.7646987555423810,567,727,1,0
560,4.5794703527775800,0.11516022101048300,32.85604014724290,36.69745401749590,36.69745401749590,29.219930645263500,12,12.0,0.8441681537100290,5.287672073941690,0.4295199705663150,706,718,0,0
561,4.451033209800860,0.10425022978789500,28.987154088994700,30.01273588838310,33.47273728987550,21.757798639585900,16,16.0,0.8353212028201150,4.939724666649590,0.3449779458170060,706,719,0,0
566,4.956515837563660,0.0804180064699551,28.54849110600820,33.52986661400270,33.52986661400270,26.124240114495700,12,12.0,0.8763438999915970,4.412519384080710,0.4309274828247750,707,720,0,0
567,3.808051680815710,0.0953629157306524,24.457304248017000,24.96349857633360,25.517994124380800,24.203129427576400,5,5.0,0.7107427966960450,4.102486475983860,0.21298639253569700,707,798,0,0
571,6.0267317517119800,0.08337587409497430,25.971455452286700,35.674031925335800,35.674031925335800,25.971455452286700,12,12.0,0.4890591093557680,5.4490510650316,0.4641293697002930,708,709,0,0
572,5.812768504491920,0.13176681680685400,44.134879831787100,32.861324658308700,46.23643557589790,32.861324658308700,15,15.0,0.5365207139785370,5.691754054276390,0.3128952563622400,708,712,0,0
573,4.226742268352060,0.205082617614916,25.42995629779720,43.77741429059890,43.77741429059890,25.42995629779720,16,16.0,0.5052625270015770,4.795945119963850,0.3293741819878090,708,726,0,0
574,3.914645722679950,0.2586035447363380,15.629105965708000,18.036964835763600,18.036964835763600,15.405848040928800,11,11.0,0.5113647597910070,4.5747060315613500,0.3059125227132140,708,737,1,0
576,3.5980294369550600,0.1381317167055290,26.915738709333600,29.47928398236160,33.41992492522670,24.831154334789100,12,12.0,0.4795776632081580,5.2600174176464700,0.5003834210226110,709,726,0,0
577,3.5631624935018400,0.08737967487292580,41.85234189465320,38.26211346291820,41.85234189465320,33.121115333191600,9,9.0,0.4856798959975880,5.03877832924398,0.4769217617480160,709,737,0,0
580,3.4066029886093200,0.1166710536893300,27.25891669983690,27.50659379335080,29.74279001437090,25.50086314336200,11,11.0,0.8922129327848650,5.190321948835300,0.5967526429217650,710,721,0,0
581,3.1555224972020800,0.1326680078695850,34.36990018909760,27.871136875334100,34.36990018909760,27.871136875334100,5,5.0,0.7713664796922270,4.007391757433780,0.3942589753751960,710,797,0,0
583,3.654659083073220,0.1336290041999610,26.272313139363200,45.56944234368820,45.56944234368820,25.305048617650000,13,13.0,0.5377936454582620,6.116478060661420,0.3238249141463260,711,712,0,0
584,4.9163103274714,0.09958400288818070,44.060086770326500,32.33060713158550,44.060086770326500,32.33060713158550,11,11.0,0.4916394856089270,5.8302102786152,0.3406564893290860,711,723,0,0
585,4.582961290829650,0.3177057465589900,26.3958704447612,21.12607368882320,26.3958704447612,16.006574540472400,14,14.0,0.5468468972637230,4.9977631390399200,0.294505727799253,711,725,1,0
586,4.660597883438540,0.07382258068416740,28.178016092030100,39.42956842250260,40.82041864147500,28.178016092030100,14,14.0,0.5065354584813020,5.2206691263488800,0.3403038397718940,711,726,0,0
587,1.648299924087940,0.1388902936261380,28.205179747853800,23.02038377058580,28.205179747853800,21.871069015561600,7,7.0,0.3931309542051850,6.073384653817160,0.20281154444905500,711,774,1,1
592,5.343327170922660,0.11579205425326600,35.39331911431850,37.36151147277430,37.36151147277430,28.135801160429300,15,15.0,0.5673507066133470,5.279814419582290,0.30335119571191700,712,725,0,0
593,3.8949615567612400,0.14019588910533900,29.219132878131100,24.43728747622530,32.89708352538650,21.543373822372700,15,15.0,0.527039267830927,5.5027204068912600,0.3491493076845580,712,726,1,0
594,5.480372146519230,0.14787113944420500,33.668337110420400,30.360883794697600,37.806692570892100,26.028994017084800,16,16.0,0.5635332067904740,5.63299488878052,0.3186764608053810,712,731,0,0
595,3.124025543322590,0.1492870484434620,27.28132183466840,17.26255874334030,27.28132183466840,17.26255874334030,10,10.0,0.5331415006203570,5.281481318488770,0.325687648409963,712,737,1,1
599,3.731067937926940,0.10783372319048500,38.12768873507700,34.57638751575690,41.320221004724900,31.800692215389100,11,11.0,0.760698061818164,4.902060319098920,0.4562698456036370,713,716,0,0
600,2.5105801493635500,0.11467526986194500,26.078526466511,21.873560276060000,26.078526466511,21.873560276060000,10,10.0,0.7490650923842720,4.931246696179000,0.4651971683045530,713,728,1,1
601,3.7015903054078300,0.11038218517370100,32.3651940449087,45.66469485789510,45.66469485789510,26.249613891970900,10,10.0,0.6762643163966920,4.68481561577476,0.3695581841935450,713,730,0,0
605,3.4503669584398300,0.11338275658591900,25.284353793745100,29.81174642807190,29.81174642807190,22.909093146080600,12,12.0,0.6615738520931480,5.5752596665556000,0.33542066206111300,714,729,0,0
606,3.490493257797490,0.045164047440260900,48.74363465158020,32.63319957642800,48.74363465158020,32.61192136113440,12,12.0,0.6923494708432400,5.3945394356906800,0.3468636763378990,714,734,0,0
607,2.682378989253510,0.13394914382206000,36.97224461494480,29.952298623289200,36.97224461494480,29.952298623289200,11,11.0,0.5855369173961830,5.312042418112630,0.28572659841516700,714,739,0,0
608,2.9804075307137900,0.16448821427855800,33.69705314185510,19.406528958356000,33.69705314185510,19.406528958356000,14,14.0,0.6273889907712690,5.501739734956760,0.31248117854025600,714,743,1,1
613,3.2611463730598700,0.09433775035424990,19.942794596420600,30.948543079255600,31.841394459961,19.942794596420600,13,13.0,0.8109864905611880,4.788689184821870,0.3931221921175300,715,717,0,0
614,4.672077170604210,0.10821579357284900,29.77288020220600,30.31002955649180,32.59349699492560,26.916820013849000,12,12.0,0.8230574929684680,4.746785664109060,0.4314240422726090,715,718,0,0
615,3.743091844574630,0.07643493596076950,39.27438546356800,36.7379406545848,41.0961011705086,32.69113867252160,12,12.0,0.7474506062688140,4.804718756419820,0.3921029051445910,715,729,0,0
616,4.686147996537790,0.06451125426921950,36.91211269327080,36.374932818955300,36.91211269327080,33.04392120881550,12,12.0,0.7782262250189070,4.623998525554910,0.4035459194213770,715,734,0,0
617,3.055988221935710,0.04111730028621120,28.73391432840220,30.442589341576700,31.49962886642930,26.670593340387900,5,5.0,0.7679876225266060,3.9733263400797200,0.27554426747230400,715,796,0,0
622,5.373457530738430,0.07912124733579190,24.392728201147800,22.212329274165300,25.964813966788600,21.18757293249300,11,11.0,0.8010706712208920,5.421852533484880,0.4910507595392260,716,718,1,0
623,2.3732352657781700,0.13866872115560800,21.91923774198090,22.113044788060800,24.549008280600300,20.906930810142400,9,9.0,0.7533136700128790,5.3757751469929300,0.4717284492861120,716,728,0,0
630,4.247074015461850,0.0639654083240281,36.819531081413900,43.61019791319090,43.61019791319090,30.80455307854560,12,12.0,0.8251237005877320,5.539019817769710,0.480998542338177,717,718,0,0
643,3.9902121176393100,0.17644080904917300,31.41276574681240,34.125885414599900,34.125885414599900,28.645510890994100,14,14.0,0.7072182723501900,5.198750829564050,0.2829785135642730,719,732,0,0
644,1.9494226701839200,0.1447936534234400,29.44800697014530,32.68370691569340,34.63918028295070,29.44800697014530,5,5.0,0.6716857154571000,4.0988959272472600,0.1983228173113280,719,795,0,0
649,2.379316355263020,0.06926829736393390,24.20814600703110,43.48690248078420,43.48690248078420,22.00514842414110,11,11.0,0.9291359989718390,4.72835567556241,0.5359877248182990,720,721,0,0
659,4.354712087730300,0.07745699689166690,26.177995035827600,32.38349963705000,32.38349963705000,22.52918978613860,11,11.0,0.4569877856482600,5.579394563739330,0.3679417838956380,723,727,0,0
660,4.462003891377780,0.0602193476856429,31.463627641538400,21.47631707961470,31.463627641538400,21.47631707961470,6,6.0,0.4023420315071950,6.792527225197830,0.6506847399683920,723,738,1,0
661,1.644594643491130,0.04852282394228290,34.50059190750690,24.031283206931800,36.146890122057100,24.031283206931800,7,7.0,0.3674806037054740,6.069168152313310,0.2284885875444800,723,774,1,0
667,5.998467805925660,0.16712425690176200,33.352769895170600,17.618577375190300,33.352769895170600,17.618577375190300,16,16.0,0.5725864585959350,4.514279967159010,0.2893572744583090,725,731,1,1
668,1.970910315232740,0.04416279026280650,35.12672519430840,36.68276067823160,36.68276067823160,31.744673746801800,7,7.0,0.4226880153602690,5.2367210127380200,0.1823378260146470,725,774,0,0
674,3.1893977526180800,0.15655451506848900,23.323407471466600,28.77153300825420,28.77153300825420,19.6638757028264,11,11.0,0.5018833136433960,4.3856723841762300,0.3421665740355310,726,737,0,0
679,3.3266389557896800,0.2067645779162350,24.439521051249800,22.51100258124270,26.221121711193800,22.303419529522500,10,10.0,0.4356870634642100,5.082126352927350,0.3298909219504650,727,744,1,1
680,1.8493832300863900,0.14861476147034,23.698695450205700,16.351453484886500,24.87567139227900,16.351453484886500,7,7.0,0.3584792542445170,5.822568938941280,0.2300968390156070,727,774,1,0
690,4.982918532153800,0.18140118343496400,21.25584406280970,33.0307489076162,33.0697691989442,21.25584406280970,12,12.0,0.6273749441843840,5.240221459017830,0.3726703288944960,729,731,0,0
696,2.717378106058590,0.04297250560860060,28.23225014826680,30.5135197262339,31.530696764317200,28.23225014826680,5,5.0,0.4568820037270830,4.289389094802730,0.10109305951573500,730,818,0,0
707,3.5630200843605200,0.1629157788284590,23.519128684659400,23.783997530008500,25.885017020033600,23.519128684659400,11,11.0,0.6839177095525250,5.498461467715710,0.3326529936515760,732,733,1,1
708,3.588088573564790,0.1491338906158150,29.6715705058362,28.237412465230700,35.82559062401340,27.667365156491500,14,14.0,0.616933863702325,5.742968184727100,0.2492303095743450,732,746,0,0
712,2.87045377791364,0.09304950020805350,27.467335502278900,33.19940372604230,37.42839533996260,27.467335502278900,11,11.0,0.7059158297696530,5.645149475787430,0.36614261909201300,733,746,0,0
713,3.398026858501160,0.09588136167937000,22.1738185492466,36.236089537677300,36.236089537677300,22.1738185492466,10,10.0,0.7368949622025450,5.335664579757340,0.4421630387424300,733,753,0,0
724,4.319681532773110,0.12595771282515300,19.114581902571400,29.251972324778400,29.251972324778400,17.663533966507800,15,15.0,0.6906298967390500,6.131755420936110,0.34941234798963500,735,745,0,0
742,2.152935861894100,0.060735237836304700,26.14442873069720,20.929946902648100,26.851980801855400,20.68289034744210,9,9.0,0.5757591335768630,5.276245301636610,0.3680245710704160,739,743,1,0
743,3.6643069444705200,0.10778419602829000,35.80970415664980,34.621015637104700,35.80970415664980,28.08368838512790,11,11.0,0.5512473863462230,5.293974380193210,0.2938076770372670,739,752,0,0
744,3.1155104110982800,0.08031523881834070,32.263780865540300,43.229292060227400,43.229292060227400,31.590562231989100,11,11.0,0.5257806359767280,6.226724618790950,0.5006104654032230,739,765,0,0
748,3.1112434634941000,0.23331754518687000,11.158965218437500,18.503661133466200,21.382391841423900,11.158965218437500,15,15.0,0.5930994597213090,5.48367169703734,0.3205622571623560,743,752,0,0
751,3.3143987825548800,0.1399582860093610,22.99304068398280,16.979910775178200,23.42710003545760,16.979910775178200,10,10.0,0.39655269570891200,4.855439210299720,0.3570756062066410,744,755,1,0
757,4.476146486474280,0.11637585127345800,38.38034017974890,31.753560097026400,40.71246849067630,31.753560097026400,11,14.0,0.6745433829453840,5.61918378107022,0.3656273760749330,745,754,0,0
761,3.079017353573420,0.08172398825941650,33.57558460048460,33.98839725897970,33.98839725897970,26.829285118374500,9,9.0,0.5739926178624570,5.434791418424120,0.2658548803751490,746,749,0,0
762,3.300302734986690,0.09942167134483180,27.34262752612760,22.521675000099700,27.34262752612760,22.521675000099700,9,9.0,0.6628494316516740,5.5189501956918000,0.3368491377698090,746,757,1,1
776,2.8873044852162600,0.04747337595164520,30.40803894914470,28.8171094830448,31.448983848232300,28.572976534600100,7,7.0,0.4403726800181620,5.0236982710022200,0.1819475835693400,749,762,0,0
777,4.536841788890230,0.1453337725249730,23.833176013613800,36.15660673159620,36.15660673159620,21.682045963655600,10,10.0,0.4758011497605080,5.754361653355960,0.3618260180265540,749,771,0,0
780,4.281435266942490,0.13271835699746100,16.434697274515000,22.005292597070900,22.005292597070900,16.434697274515000,12,12.0,0.4078802588196910,5.697136065122190,0.3862021188886320,750,759,0,0
781,2.5331905281449400,0.07485555157834990,31.259908680628700,26.514845004535300,35.58878440469130,26.13205259777580,8,8.0,0.3925196363870040,6.113227417379430,0.6206270719713340,750,761,0,0
785,4.451751374851690,0.0745920013745614,37.2918367755667,34.83179000081680,39.70198062532,29.96952792007880,13,13.0,0.6156587662299390,5.550238584783800,0.35474990364605900,752,756,0,0
786,2.681482553080330,0.2395378588417380,24.26430462668020,20.157118268944300,25.151558027908700,20.157118268944300,9,9.0,0.5719226440866750,6.369050742991180,0.42364064431039700,752,766,1,1
790,3.9501220967432500,0.17177870034948600,27.575890685502000,23.33167139595130,28.74203882401860,22.81012461752730,9,9.0,0.6938285640845660,5.209465299661710,0.412869557420226,753,757,1,0
791,3.5832730613042100,0.1763083059517120,28.38037446789890,25.1425426100629,28.82938293378430,25.1425426100629,9,9.0,0.6436464115707630,6.502686616149680,0.5962763980606200,753,768,1,1
795,2.737071883527800,0.15432856650213900,29.707586893178800,29.781413595958300,34.0264629497266,27.44997062550140,11,11.0,0.636784427319417,6.3223918942786200,0.5561838059484430,754,768,0,0
804,2.5646188288045100,0.044878452930693900,29.43491226795050,27.8705160773288,34.75362398611280,25.763424036437500,8,8.0,0.3633534846245480,7.575074479433030,0.6824537933576720,759,761,0,0
805,3.301207566969360,0.0902873948494366,26.925824035672500,20.73765226623160,26.925824035672500,20.73765226623160,11,11.0,0.4171020696677760,7.140916687036800,0.6266386724270140,759,770,1,1
810,2.554358245184330,0.05589584858424,29.46630038964810,30.62194190189330,32.37171792003530,27.72553582947890,7,7.0,0.3662857905503840,5.817325582615240,0.19119705856603700,762,764,0,0
811,3.3662658142369400,0.15236945714298500,24.17720108685900,29.290639427443500,31.745956838363800,23.44632153792720,7,7.0,0.4071205779732100,5.798133280308760,0.29478377586037800,762,771,0,0
820,2.619144302171790,0.047938179216536600,20.049937655763400,28.16025568065750,28.16025568065750,20.049937655763400,9,9.0,0.54645589371718,7.30180098158892,0.6304434326763530,765,766,0,0
821,3.3247864656810800,0.08511703051060540,26.83281572999750,29.614185789921700,30.028969158870300,26.2678510731274,11,11.0,0.4865721220149970,7.244875749843620,0.7325997222200890,765,770,0,0
848,2.6159732459734900,0.08867255826645740,21.976699688399700,24.845532499488400,24.845532499488400,18.30008339035990,5,5.0,0.5870965828485000,5.461257653397820,0.13260126359897000,796,802,0,0
853,2.417500993194920,0.07872188530690340,16.008155533370600,23.533905717213200,23.533905717213200,16.008155533370600,5,5.0,0.6426884425836490,3.235392576064040,0.11555296698265100,797,798,0,0