,center_stdev,normal_stdev,sl_f,sl_i,sl_max,sl_min,t_cong,t_overlap,intensity,diameter,contrast
0,10.982896959784801,0.14970302196288,14.4327670683373,12.083045973594599,16.2404598586164,11.704699910719599,25,30.0,165.088596491228,12.6114253703793,0.154370067652306
1,10.982896959784801,0.14970302196288,14.4327670683373,12.083045973594599,16.2404598586164,11.704699910719599,25,30.0,165.088596491228,12.6114253703793,0.154370067652306
2,5.17743663950984,0.251432921343311,32.2596036546015,13.9964193935459,32.2596036546015,12.5003592674102,14,41.0,164.149576903932,12.671116294960198,0.118318876308493
3,6.10155651055631,0.297258856672165,41.5289037659771,15.0409681217642,41.5289037659771,14.260595481610501,1,47.0,187.536623648413,11.255822599595199,0.155963690379017
4,4.30491156307977,0.0787784098665851,40.7083470547837,27.132262228741602,41.1290056674851,14.5492223524155,2,34.0,163.647058823529,10.0192806498353,0.0906189179946714
5,1.7537339499131,0.192318364490306,43.352904501570904,25.977179439513197,43.5900843758193,15.480658352104498,0,36.0,162.045321637427,10.58348512807,0.100423591188346
6,6.300216234274559,0.251698732583613,34.2982680762884,10.903994368767,34.2982680762884,10.903994368767,13,59.0,177.98372343287602,8.47533396412386,0.097439145501041
7,4.30491156307977,0.0787784098665851,40.7083470547837,27.132262228741602,41.1290056674851,14.5492223524155,2,34.0,163.647058823529,10.0192806498353,0.0906189179946714
8,6.300216234274559,0.251698732583613,34.2982680762884,10.903994368767,34.2982680762884,10.903994368767,13,59.0,177.98372343287602,8.47533396412386,0.097439145501041
9,9.960023983136491,0.209522043255035,38.6754424185039,10.881475802358501,38.6754424185039,10.881475802358501,14,62.0,165.044647031323,7.81885104220448,0.0826470936897798
10,9.960023983136491,0.209522043255035,38.6754424185039,10.881475802358501,38.6754424185039,10.881475802358501,14,62.0,165.044647031323,7.81885104220448,0.0826470936897798
11,1.7537339499131,0.192318364490306,43.352904501570904,25.977179439513197,43.5900843758193,15.480658352104498,0,36.0,162.045321637427,10.58348512807,0.100423591188346
12,7.107805363232809,0.831040545885315,39.2199319727326,4.40787633283319,39.2199319727326,4.40787633283319,33,57.0,159.402542372881,10.832610764293198,0.0810936998354099
13,5.14694796275276,0.113470939603056,37.5835866075589,26.8475694574683,37.5835866075589,15.394891978363399,0,33.0,173.601398601399,7.28303661276655,0.103436118657759
14,8.78952912729638,0.0918976256642241,42.7369947741546,26.452742224672498,42.7369947741546,14.2002929002547,3,25.0,167.06625,6.93503718166253,0.0936863266862952
15,5.14694796275276,0.113470939603056,37.5835866075589,26.8475694574683,37.5835866075589,15.394891978363399,0,33.0,173.601398601399,7.28303661276655,0.103436118657759
16,8.78952912729638,0.0918976256642241,42.7369947741546,26.452742224672498,42.7369947741546,14.2002929002547,3,25.0,167.06625,6.93503718166253,0.0936863266862952
17,8.315822654482611,0.240200740561205,13.9531444350772,21.978673676711303,21.978673676711303,8.61133541927353,19,21.0,158.828725038402,7.620067591615079,0.079850090872966
18,13.4417569075089,0.277443057093646,40.5050504865451,17.751219994257198,40.5050504865451,11.636956592404301,4,37.0,159.507936507937,8.29323310542962,0.0795298862067178
19,8.315822654482611,0.240200740561205,13.9531444350772,21.978673676711303,21.978673676711303,8.61133541927353,19,21.0,158.828725038402,7.620067591615079,0.079850090872966
20,13.4417569075089,0.277443057093646,40.5050504865451,17.751219994257198,40.5050504865451,11.636956592404301,4,37.0,159.507936507937,8.29323310542962,0.0795298862067178
21,4.638060610976,0.228413904069552,12.4823783334268,20.4544172495213,25.7750416176336,11.016143198782899,3,24.0,153.36666666666702,7.74406455146788,0.0720170223779157
22,6.80009626496067,0.212063058622076,20.7473564024198,22.0347496193452,22.0347496193452,10.237504964472999,1,19.0,138.392156862745,13.1559749098988,0.0692239701146739
23,9.322981204528109,0.387626637676116,39.698357952639796,6.90506224069929,39.8405556793423,3.34374354056252,30,65.0,159.00565031982902,10.2284983500559,0.0748427415328822
24,6.80009626496067,0.212063058622076,20.7473564024198,22.0347496193452,22.0347496193452,10.237504964472999,1,19.0,138.392156862745,13.1559749098988,0.0692239701146739
25,9.322981204528109,0.387626637676116,39.698357952639796,6.90506224069929,39.8405556793423,3.34374354056252,30,65.0,159.00565031982902,10.2284983500559,0.0748427415328822
26,5.17743663950984,0.251432921343311,32.2596036546015,13.9964193935459,32.2596036546015,12.5003592674102,14,41.0,164.149576903932,12.671116294960198,0.118318876308493
27,4.638060610976,0.228413904069552,12.4823783334268,20.4544172495213,25.7750416176336,11.016143198782899,3,24.0,153.36666666666702,7.74406455146788,0.0720170223779157
28,7.76796752964103,0.282363076629903,30.004234210321897,17.4476398272285,30.004234210321897,9.4403367708274,19,69.0,167.024121500893,11.2618218904654,0.112388533314435
29,7.76796752964103,0.282363076629903,30.004234210321897,17.4476398272285,30.004234210321897,9.4403367708274,19,69.0,167.024121500893,11.2618218904654,0.112388533314435
30,4.1327950356150405,0.512687150977793,41.795392921609896,6.79149183871963,42.51371840318021,6.79149183871963,22,52.0,180.293706293706,11.633962329123001,0.0949716429407554
31,6.10155651055631,0.297258856672165,41.5289037659771,15.0409681217642,41.5289037659771,14.260595481610501,1,47.0,187.536623648413,11.255822599595199,0.155963690379017
32,3.39449332882128,0.343763644631999,43.72927361886661,11.0166842403073,43.72927361886661,11.0166842403073,6,63.0,175.981770833333,11.9029238575891,0.150326242430498
33,3.39449332882128,0.343763644631999,43.72927361886661,11.0166842403073,43.72927361886661,11.0166842403073,6,63.0,175.981770833333,11.9029238575891,0.150326242430498
34,2.81486319656231,0.143880893206194,39.0101676374428,23.1591463023441,39.0101676374428,13.1953530695437,1,34.0,154.074819401445,9.00947674300037,0.0855349282185625
35,7.107805363232809,0.831040545885315,39.2199319727326,4.40787633283319,39.2199319727326,4.40787633283319,33,57.0,159.402542372881,10.832610764293198,0.0810936998354099
36,6.45641380812387,0.246601895516464,44.8836635579881,18.843629268788302,44.8836635579881,13.9500886072384,2,42.0,157.76050591595302,8.31548023664078,0.0860116260304598
37,6.45641380812387,0.246601895516464,44.8836635579881,18.843629268788302,44.8836635579881,13.9500886072384,2,42.0,157.76050591595302,8.31548023664078,0.0860116260304598
38,2.99172821816107,0.223845007095972,40.504205851384604,24.8352029196456,40.504205851384604,14.7245665567243,1,43.0,152.024133391839,7.38795879144158,0.0822541447596832
39,4.1327950356150405,0.512687150977793,41.795392921609896,6.79149183871963,42.51371840318021,6.79149183871963,22,52.0,180.293706293706,11.633962329123001,0.0949716429407554
40,4.05418470389607,0.155337482880884,12.732785149481302,21.725132240661303,29.036161141313702,11.598678341802302,7,38.0,161.876208378088,8.27380090053509,0.0759954443228596
41,4.3015393836215905,0.17726298148236,18.5139964412332,6.198585433492741,25.619159251490302,6.198585433492741,5,28.0,183.690476190476,15.0537037131395,0.118300463753244
42,2.81486319656231,0.143880893206194,39.0101676374428,23.1591463023441,39.0101676374428,13.1953530695437,1,34.0,154.074819401445,9.00947674300037,0.0855349282185625
43,2.99172821816107,0.223845007095972,40.504205851384604,24.8352029196456,40.504205851384604,14.7245665567243,1,43.0,152.024133391839,7.38795879144158,0.0822541447596832
44,2.73788097208425,0.439432871162318,21.4328611606287,6.069592106122,21.4328611606287,6.069592106122,18,30.0,178.123643410853,14.9652088262905,0.140629175836897
45,4.05418470389607,0.155337482880884,12.732785149481302,21.725132240661303,29.036161141313702,11.598678341802302,7,38.0,161.876208378088,8.27380090053509,0.0759954443228596
46,2.73788097208425,0.439432871162318,21.4328611606287,6.069592106122,21.4328611606287,6.069592106122,18,30.0,178.123643410853,14.9652088262905,0.140629175836897
47,4.3015393836215905,0.17726298148236,18.5139964412332,6.198585433492741,25.619159251490302,6.198585433492741,5,28.0,183.690476190476,15.0537037131395,0.118300463753244
48,12.643189453406901,0.204122494260618,31.5104252344026,32.0996295739632,35.431993482645396,27.975042266951498,0,24.0,174.896929824561,12.2766310064942,0.11288918036588
49,10.669657932348,0.145304132365401,40.3774696025868,40.0195673082485,46.3564181836665,38.9292294231642,0,38.0,160.93026315789498,11.7569029416419,0.10581368098642
50,10.095955237294302,0.0979527883323923,36.6255502732988,49.33393688590299,52.223891600854905,32.1776081282253,0,35.0,165.062406015038,12.917895040404598,0.107473168603636
51,4.27956460492643,0.169068477081302,33.060726679343,36.83764434377151,36.83764434377151,28.7124761224018,0,24.0,164.146929824561,10.259282020342901,0.105543657343814
52,5.6601979784956695,0.0687226201287798,38.64473963481829,35.1780527066179,39.7090796220974,35.1780527066179,0,16.0,162.05526315789498,13.7123216458058,0.0993568619738633
53,8.99242442177864,0.0751685798912051,44.1520742890901,36.4203655253481,50.738750066178795,36.4203655253481,0,21.0,168.304761904762,12.245693738754301,0.131093589707252
54,12.259552523394198,0.283273448592987,26.6193693399224,23.293911152294196,27.641630942996102,21.7073392876406,0,24.0,168.275,10.615935966356501,0.127918932065868
55,9.53358974330058,0.129753470824277,40.186193864685706,36.5458124609849,42.169964547522895,32.7487690115085,0,30.0,154.308333333333,10.096207901504199,0.120843432686407
56,9.239798499683669,0.0976877421039299,31.8207749362557,47.9512166312045,50.0641819122462,31.8207749362557,0,27.0,158.440476190476,11.2572000002669,0.122502920303623
57,4.14212194402606,0.147855447057626,35.7322290431326,38.7464744899789,38.7464744899789,31.0207182745012,0,24.0,157.525,8.59858698020525,0.120573409043801
58,5.36899886074196,0.0784815579971736,30.8587007442546,27.71626615075,30.8587007442546,26.5871992939609,0,13.0,155.433333333333,12.0516266056681,0.11438661367385
59,4.98162217474311,0.161930751094105,35.0340010768428,35.5792861686609,35.5792861686609,15.4788409398195,0,36.0,165.657029478458,13.672648688884802,0.124050899672665
60,3.51868125969164,0.236220490426726,35.7438741072686,27.7332088758527,39.366299912478794,18.6542913943312,0,38.0,163.980128893663,11.875542565646,0.122601413465975
61,3.2349744360240797,0.179990298086009,35.5884265127709,46.7159940496068,46.7159940496068,29.3032868093777,0,33.0,161.576620121733,12.738893611988098,0.11598353201041
62,3.69666179321261,0.128993401268891,43.343821183094505,40.0516777049491,46.999565407758894,28.9627057542821,0,29.0,160.24940673944,11.4524469206722,0.114863663574031
63,4.5351477180935404,0.10148001188451,47.504176279873704,44.569560269490005,53.9049285707509,43.8765864889968,0,16.0,160.090036014406,11.235289257473,0.115780118158446
64,7.35521361816663,0.0742808653372497,34.2687274091821,33.230567905360104,34.9304749907299,30.6676569003025,0,19.0,175.061259706644,15.1720263646183,0.0965414676479937
65,6.7879840457923795,0.144396515708067,45.2139391807721,52.739921079285004,52.739921079285004,35.1518361049162,0,36.0,165.273275595422,9.795616347431881,0.0942770152628282
66,4.65809473247983,0.191024526213858,40.9935696530696,48.059700183328,51.6393584631962,40.421417323475104,0,26.0,162.504956157072,9.11440133051945,0.0932177374373309
67,4.20214866087829,0.154279560496089,24.8684435984301,20.191898236116398,24.984750630661303,16.7455359694562,0,20.0,173.81862745098,11.000712536262698,0.151132117372281
68,2.5898119188125,0.120525560378191,18.072909194528698,20.2963178480101,20.2963178480101,14.2933674200633,1,20.0,170.133731617647,12.2624823595225,0.0922879848516186
69,4.98162217474311,0.161930751094105,35.0340010768428,35.5792861686609,35.5792861686609,15.4788409398195,0,36.0,165.657029478458,13.672648688884802,0.124050899672665
70,4.6102944837768,0.099561831049904,45.10196750446071,45.600446773586796,45.727119620627604,31.057191188548398,0,33.0,162.214769647696,11.379058857384301,0.0961410540308652
71,3.5693436902076,0.14280869670594,38.303232247489,49.321711829925,50.0739810428205,34.3137433893967,0,20.0,159.641812865497,11.446836174412198,0.0938057097327816
72,7.35521361816663,0.0742808653372497,34.2687274091821,33.230567905360104,34.9304749907299,30.6676569003025,0,19.0,175.061259706644,15.1720263646183,0.0965414676479937
73,5.91102301969095,0.050215777672862,47.4700369546504,31.792547947368398,47.4700369546504,31.792547947368398,0,19.0,183.443469785575,15.264207394518198,0.104232793547808
74,8.99242442177864,0.0751685798912051,44.1520742890901,36.4203655253481,50.738750066178795,36.4203655253481,0,21.0,168.304761904762,12.245693738754301,0.131093589707252
75,10.767900958877801,0.13611295115052,41.6232672723267,16.3264677166631,42.3835361818902,15.556196107625802,0,21.0,178.113095238095,11.9108993748692,0.0896127024208273
76,7.872190708577441,0.0546632428200892,52.414427560727,38.250103624332,53.9404276097371,38.250103624332,0,21.0,168.869936034115,11.2169920885433,0.0834334109365118
77,4.19499793745727,0.118527794537971,26.2106298762817,27.681128097503098,28.947323920422303,21.8284720541464,0,16.0,171.030332681018,11.1061791302181,0.083823033747699
78,2.72409961029346,0.0854653190622504,29.657846829978197,24.014620724767298,29.657846829978197,23.2918491410775,0,12.0,174.136645962733,13.6962999075143,0.121352859628948
79,2.85752765152013,0.0898632473059771,38.828085963982794,45.53997408187801,51.0176658008282,37.3899019519489,0,28.0,178.27205610926498,10.7928881639995,0.142756196516063
80,2.09432408124686,0.0463544387915726,48.782599677084,39.42036584189009,48.782599677084,38.361531346248704,0,15.0,184.58174603174598,14.080552113580199,0.09940481244188
81,6.3267569934854695,0.0656591885446724,37.426481411245604,48.6330035263072,50.339404635649096,37.426481411245604,0,27.0,162.76447740113002,11.1705537228877,0.0822290110228791
82,7.69718954132658,0.145470137125029,10.701610094472999,9.74123741251162,13.796080003189301,9.74123741251162,13,13.0,157.030448717949,13.794994355483698,0.0684775997184606
83,7.818773136250111,0.0592893682973123,41.8924911804379,37.092121160819204,47.565202354888,37.092121160819204,0,21.0,154.264880952381,11.4707603840499,0.0720145151788383
84,6.131996866946389,0.107933685885568,40.7541141958735,34.9053920357535,42.7100102969634,34.9053920357535,0,27.0,155.000672043011,12.827949277617,0.0761790382241727
85,7.74852820974447,0.0563059378061362,26.952266205826696,27.8827745287446,28.011095370843602,26.051921186791,0,17.0,153.88112745098,12.3368071769313,0.0764905220688149
86,7.26280607328805,0.0552717489920258,49.1989783990487,48.995130235514495,52.0571771124672,46.73440451713451,0,16.0,151.677083333333,16.6178143281467,0.0809999822898996
87,7.334239547742361,0.0874103831222305,43.459191709002894,39.3394053316372,47.0323179497546,38.006141291103,0,19.0,147.204656862745,13.118756512704598,0.0687737152329602
88,2.8480679669762896,0.0394012883963527,32.806893256581695,35.4267921208436,36.6025637018599,32.7670751515647,0,16.0,151.455357142857,12.471411239625402,0.0704533799276235
89,3.39692276144882,0.237181236377052,42.10978018311249,28.3911902014944,45.15644948960179,23.6994437655303,0,27.0,187.52488425925898,11.899842512919,0.110799645690633
90,6.0266075858258095,0.0778941869645559,52.94851937517429,41.3399175560214,56.07090066514711,39.570582042021606,0,32.0,179.174715909091,9.94472239340751,0.103209454968731
91,3.5495546334551604,0.148120491341444,15.6783531898235,19.390707069807803,19.390707069807803,14.143030340297198,4,20.0,183.174715909091,11.6646170159333,0.0969539147391466
92,5.91102301969095,0.050215777672862,47.4700369546504,31.792547947368398,47.4700369546504,31.792547947368398,0,19.0,183.443469785575,15.264207394518198,0.104232793547808
93,3.39692276144882,0.237181236377052,42.10978018311249,28.3911902014944,45.15644948960179,23.6994437655303,0,27.0,187.52488425925898,11.899842512919,0.110799645690633
94,4.93234331583867,0.163313258819555,19.046849686928198,41.78744680716049,41.78744680716049,18.3868920416431,0,27.0,184.16835016835,9.751300826798051,0.113033069018203
95,3.9745818086395097,0.172584774242028,30.2793057832869,38.0755958271641,38.0755958271641,23.798296474858397,0,27.0,181.951566951567,9.23815673227806,0.111026309379661
96,3.11749502897736,0.0958058591033006,48.6181956758831,45.747904847662895,50.7265685839313,45.747904847662895,0,15.0,188.16835016835,11.4711954493238,0.106777528788618
97,2.38366927653478,0.036418655910977295,51.732356452948,42.29328708543171,53.7333488076204,42.29328708543171,0,20.0,165.810202205882,10.921491971161801,0.0898130430528887
98,2.71043342347909,0.032206713529746,34.554532989273895,28.3465419149861,34.616081833372895,28.0481615303877,0,14.0,156.115253077975,8.30923898817906,0.0858212906968548
99,2.13005606551543,0.0628179821154574,18.211546258685104,22.4159783864553,22.7921889621588,18.211546258685104,0,13.0,160.968782249742,8.68453150993624,0.0883343115295465
100,12.643189453406901,0.204122494260618,31.5104252344026,32.0996295739632,35.431993482645396,27.975042266951498,0,24.0,174.896929824561,12.2766310064942,0.11288918036588
101,12.259552523394198,0.283273448592987,26.6193693399224,23.293911152294196,27.641630942996102,21.7073392876406,0,24.0,168.275,10.615935966356501,0.127918932065868
102,10.767900958877801,0.13611295115052,41.6232672723267,16.3264677166631,42.3835361818902,15.556196107625802,0,21.0,178.113095238095,11.9108993748692,0.0896127024208273
103,10.493602833401999,0.209683315495931,49.87163872667621,46.319827579462604,49.87163872667621,40.3048253091443,0,24.0,164.11666666666702,9.761413537619118,0.0793625453999821
104,11.319370281032901,0.188139500267702,27.2331991237469,30.932345720527202,37.0012498544947,25.678257611346698,0,24.0,168.84017412935302,9.58723431614551,0.0802587532951269
105,9.36407221886189,0.149838418767841,13.854287269072401,36.3021432510306,38.2484710284166,13.1972143270087,2,21.0,168.24880952381,10.9224056363818,0.0810220330171977
106,5.087521281472339,0.0862535932737397,45.2544626586215,51.5205837436354,51.5205837436354,42.502893679455205,0,18.0,167.333333333333,8.26379261632015,0.0790925217573761
107,6.3267569934854695,0.0656591885446724,37.426481411245604,48.6330035263072,50.339404635649096,37.426481411245604,0,27.0,162.76447740113002,11.1705537228877,0.0822290110228791
108,6.944172930345331,0.0447938407113119,40.027467324825004,43.632457131379205,48.8899872301594,39.2188993021137,0,21.0,162.73769168684402,7.342643138120719,0.083131962036995
109,5.60329891689101,0.211783154329791,32.8433512685251,39.9406103879537,43.498147150059005,31.2460073388105,0,32.0,163.473482777474,8.6998320316879,0.0872964850823294
110,6.663654629989309,0.0775951315847157,41.09363021995849,42.3940013404362,42.3940013404362,35.86669407518,0,16.0,160.149894067797,12.4896970822175,0.0921174291480564
111,4.7079679440371605,0.153049954715356,48.4419591794775,35.1232939623332,50.637216463293704,35.120450373945,0,29.0,179.82697740113,11.781322741424699,0.104569964032847
112,8.82679099218817,0.0748969391929506,29.5219989923098,37.218313711372794,41.782232931227,29.5219989923098,0,25.0,164.47884057971,7.022269172283269,0.0855641711511427
113,7.53922752937245,0.0384541146642975,44.633680124725,49.5340944903975,49.5340944903975,43.433155724312705,0,17.0,159.554134697357,8.26809789804166,0.0805200085153017
114,10.278688142398599,0.129570411780887,25.085438560460897,45.6699218669779,45.6699218669779,25.085438560460897,0,49.0,161.27802425318,7.47979849504262,0.0771186942411299
115,5.18404172030018,0.143643562211665,50.8530231032767,46.2514055668949,51.43614891058189,36.953755496679705,0,40.0,177.027173913043,11.840730708464198,0.0974820036211768
116,3.1141355436871803,0.208386771757589,44.2535089365987,41.110821185586,44.2535089365987,37.1033237008959,0,11.0,154.273386034256,8.65027005706759,0.0746950193335756
117,11.066830296452999,0.0893202602899065,54.474032972604896,50.615426470816004,54.474032972604896,37.360736376621496,0,32.0,167.632056451613,7.731619051583741,0.0907692492249324
118,9.52871153696353,0.41770640049927904,9.648728804355631,26.999379905915898,27.8161765818225,9.648728804355631,7,25.0,163.885806451613,7.67986780345028,0.0890407277832266
119,3.3214848861235,0.135926782466696,51.2463428661509,52.3755517002808,54.94269349770679,45.9917050176324,0,32.0,176.43413978494598,12.4983293396312,0.100958560253261
120,2.48316874506113,0.0289946814053787,44.8215675532308,47.7557646135077,47.7557646135077,42.5547742920371,0,14.0,174.44247311828,13.3646612246214,0.0917007210422888
121,3.51868125969164,0.236220490426726,35.7438741072686,27.7332088758527,39.366299912478794,18.6542913943312,0,38.0,163.980128893663,11.875542565646,0.122601413465975
122,3.15726250598347,0.24719703994388,33.4536944371536,35.5880230317055,35.5880230317055,27.376306282597298,0,35.0,160.537869062901,9.581952734145462,0.0946915678241747
123,8.69848551229993,0.172481140494021,45.984836519877604,45.82200165106179,51.855117241785095,43.905174212986005,0,31.0,163.15625,8.78190420183777,0.0874674714194342
124,5.20952434841665,0.378075924470675,45.5213283587882,46.1564183173701,51.829824423305396,32.7468065635431,0,63.0,169.659090909091,10.906494963108802,0.0862259462739999
125,8.54275599233077,0.131930791854754,29.020958092789996,45.535093567446005,45.535093567446005,26.767041625932897,0,50.0,166.134615384615,11.304487339893699,0.0882657913776229
126,6.0266075858258095,0.0778941869645559,52.94851937517429,41.3399175560214,56.07090066514711,39.570582042021606,0,32.0,179.174715909091,9.94472239340751,0.103209454968731
127,4.93234331583867,0.163313258819555,19.046849686928198,41.78744680716049,41.78744680716049,18.3868920416431,0,27.0,184.16835016835,9.751300826798051,0.113033069018203
128,11.066830296452999,0.0893202602899065,54.474032972604896,50.615426470816004,54.474032972604896,37.360736376621496,0,32.0,167.632056451613,7.731619051583741,0.0907692492249324
129,8.69848551229993,0.172481140494021,45.984836519877604,45.82200165106179,51.855117241785095,43.905174212986005,0,31.0,163.15625,8.78190420183777,0.0874674714194342
130,7.69718954132658,0.145470137125029,10.701610094472999,9.74123741251162,13.796080003189301,9.74123741251162,13,13.0,157.030448717949,13.794994355483698,0.0684775997184606
131,7.7268024855174895,0.0722542584344759,40.9415797891434,45.787688659025605,48.0192549605164,40.9415797891434,0,13.0,161.59429280397,9.94430156304889,0.0763131754125883
132,7.58295057468482,0.067725555703614,38.17015241157969,30.3638808216989,41.7334307581059,30.3638808216989,0,13.0,157.003663003663,9.9670837707167,0.0693805507325766
133,6.324680210956581,0.0906585211726851,31.6112625059101,28.0068764537256,32.6578434560772,28.0068764537256,0,13.0,157.739454094293,11.3242726642839,0.073545073777911
134,7.35121649931914,0.0533721866831222,28.414360104253802,26.298299265982298,29.6748348588362,26.298299265982298,0,13.0,156.619909502262,10.833130563598198,0.0738565576225532
135,7.2323239185941395,0.045067564227716496,44.618865389327496,42.8076985898034,47.48284801156299,42.8076985898034,0,12.0,154.415865384615,15.1141377148135,0.0783660178436379
136,7.37046782569288,0.0582924790251685,46.4554859783335,49.1086216273122,49.1086216273122,40.074986543581694,0,13.0,148.217948717949,13.8322127526779,0.0689278546001744
137,6.9095379479531,0.1114410531662,32.2134071508868,29.786855048123197,33.6706170495762,27.713449319371602,0,13.0,149.943438914027,11.6150798993714,0.0661397507866985
138,3.9745818086395097,0.172584774242028,30.2793057832869,38.0755958271641,38.0755958271641,23.798296474858397,0,27.0,181.951566951567,9.23815673227806,0.111026309379661
139,2.84126806566773,0.0518282797556878,38.3396112369123,41.256215681652996,41.5475358171744,37.4625711380454,0,14.0,163.088534107402,7.41953316330028,0.0923713908021986
140,8.82679099218817,0.0748969391929506,29.5219989923098,37.218313711372794,41.782232931227,29.5219989923098,0,25.0,164.47884057971,7.022269172283269,0.0855641711511427
141,9.52871153696353,0.41770640049927904,9.648728804355631,26.999379905915898,27.8161765818225,9.648728804355631,7,25.0,163.885806451613,7.67986780345028,0.0890407277832266
142,7.7268024855174895,0.0722542584344759,40.9415797891434,45.787688659025605,48.0192549605164,40.9415797891434,0,13.0,161.59429280397,9.94430156304889,0.0763131754125883
143,7.01926055158137,0.219784502185924,27.1563211212346,38.3439053487395,38.3439053487395,17.630423410790602,0,31.0,159.564516129032,8.977256485182261,0.0840146139183004
144,7.49631034786281,0.086584284840672,25.3004979868961,29.2777122289689,31.522668149078804,25.3004979868961,0,16.0,156.240927419355,12.767121535711901,0.0888355579840273
145,8.00250305891192,0.157413470034189,36.2623618835197,33.483260407744304,41.516978812096,33.091970529369505,0,19.0,150.04301075268802,11.4851965735763,0.0793973947405638
146,7.45172811917701,0.167648683471971,24.016232987892103,35.5093405419515,37.375260965283296,22.465375789548002,0,19.0,151.76850094876698,9.26806372026981,0.0766092909270878
147,5.92723866639324,0.146643736422374,37.4041920476171,34.6624912769979,37.4041920476171,28.0074748348525,0,20.0,156.01920122887898,8.620718447190571,0.0782889556217512
148,12.520001975601302,0.226631744985148,29.942398702985802,40.178633021457294,47.0899940676539,21.549234421208702,0,41.0,152.860714285714,9.403000103004029,0.0746757766954346
149,6.16110830613679,0.0996943239983433,34.3812407631966,52.020765478434804,53.2213860091069,32.3615173335253,0,24.0,156.077380952381,7.9053791817050705,0.0744057530528287
150,13.070584323261302,0.205465501168636,31.040136557649397,35.3773232954636,35.9072494679469,12.5241283340644,3,45.0,156.244897959184,8.68132965614449,0.0760656793974557
151,7.1749735881794106,0.190191030739967,8.39863652584951,12.7007939989726,16.2814523305692,8.39863652584951,18,22.0,152.857142857143,7.316528010038089,0.0723103620541672
152,6.2701532753127,0.107256435230601,35.8454156578129,31.582391691114,35.8454156578129,28.278968348878102,0,16.0,153.985714285714,11.358418807167899,0.0682189576828779
153,4.40992549430125,0.25500706175826,30.396424352418,20.4175717651722,42.0699221154538,18.6825112668759,0,20.0,158.122448979592,9.09225033282417,0.0754621958705267
154,7.818773136250111,0.0592893682973123,41.8924911804379,37.092121160819204,47.565202354888,37.092121160819204,0,21.0,154.264880952381,11.4707603840499,0.0720145151788383
155,6.944172930345331,0.0447938407113119,40.027467324825004,43.632457131379205,48.8899872301594,39.2188993021137,0,21.0,162.73769168684402,7.342643138120719,0.083131962036995
156,7.58295057468482,0.067725555703614,38.17015241157969,30.3638808216989,41.7334307581059,30.3638808216989,0,13.0,157.003663003663,9.9670837707167,0.0693805507325766
157,6.12067660853652,0.209605225321984,9.194863862678119,17.5064899649926,23.2583084452156,8.506026575252019,9,21.0,154.973886328725,9.00003869285007,0.0770819892382887
158,7.4145894842494,0.153211984541237,16.5887498057618,18.5562178486385,20.1345965656018,16.5887498057618,0,16.0,151.65029761904802,12.7899037433797,0.0819029333040156
159,7.44623896282866,0.117675847109483,41.7167863464275,41.081628909415606,43.140261098316095,35.718312162942794,0,19.0,145.452380952381,11.507978781244098,0.0724647700605521
160,6.933440238315639,0.134658355317841,25.2050935856559,29.831263942634397,34.3017309184378,22.068791893557,0,19.0,147.177871148459,9.29084592793763,0.0696766662470761
161,2.98825694396483,0.0482479415935447,26.7601927871063,31.223467650163805,31.9937153981635,26.7601927871063,0,10.0,151.428571428571,8.643500654858379,0.0713563309417395
162,10.5654105612959,0.39726656498914,26.2427332044908,25.4328543715973,30.317450463638302,16.1830311945259,0,37.0,156.797222222222,8.13191847519243,0.0771411555318048
163,5.42105848147296,0.142801227149265,30.8518465977063,43.7459971442664,47.9037428301911,29.300525914509002,0,24.0,160.013888888889,6.63429755389347,0.0768711318891989
164,7.92297329173776,0.0696353190848,41.3315730447469,36.9842935675443,41.3315730447469,24.409036183671102,0,22.0,156.793650793651,6.0454463822265,0.0747757408905374
165,7.13685156132515,0.195933162909077,18.582796700094498,24.5740705503551,24.5740705503551,18.037240466800398,0,16.0,157.922222222222,10.0873371793563,0.0706843365192481
166,10.669657932348,0.145304132365401,40.3774696025868,40.0195673082485,46.3564181836665,38.9292294231642,0,38.0,160.93026315789498,11.7569029416419,0.10581368098642
167,9.53358974330058,0.129753470824277,40.186193864685706,36.5458124609849,42.169964547522895,32.7487690115085,0,30.0,154.308333333333,10.096207901504199,0.120843432686407
168,10.493602833401999,0.209683315495931,49.87163872667621,46.319827579462604,49.87163872667621,40.3048253091443,0,24.0,164.11666666666702,9.761413537619118,0.0793625453999821
169,12.520001975601302,0.226631744985148,29.942398702985802,40.178633021457294,47.0899940676539,21.549234421208702,0,41.0,152.860714285714,9.403000103004029,0.0746757766954346
170,10.5654105612959,0.39726656498914,26.2427332044908,25.4328543715973,30.317450463638302,16.1830311945259,0,37.0,156.797222222222,8.13191847519243,0.0771411555318048
171,7.308077874417711,0.0774950899682437,30.469532288621803,47.7578513204428,47.7578513204428,27.572026627118102,0,22.0,150.146428571429,7.15521337980091,0.0699216313792543
172,6.52902069335294,0.325407922964415,26.4131465340679,18.9396763666409,26.8925114420639,18.9396763666409,0,16.0,151.275,11.197104176930699,0.065830227007965
173,4.05456950679939,0.0982693450001232,24.9130503811101,28.2607230150331,31.780412166954605,24.9130503811101,0,12.0,155.411734693878,8.93093570258698,0.0730734651956138
174,6.131996866946389,0.107933685885568,40.7541141958735,34.9053920357535,42.7100102969634,34.9053920357535,0,27.0,155.000672043011,12.827949277617,0.0761790382241727
175,5.60329891689101,0.211783154329791,32.8433512685251,39.9406103879537,43.498147150059005,31.2460073388105,0,32.0,163.473482777474,8.6998320316879,0.0872964850823294
176,6.324680210956581,0.0906585211726851,31.6112625059101,28.0068764537256,32.6578434560772,28.0068764537256,0,13.0,157.739454094293,11.3242726642839,0.073545073777911
177,7.01926055158137,0.219784502185924,27.1563211212346,38.3439053487395,38.3439053487395,17.630423410790602,0,31.0,159.564516129032,8.977256485182261,0.0840146139183004
178,6.12067660853652,0.209605225321984,9.194863862678119,17.5064899649926,23.2583084452156,8.506026575252019,9,21.0,154.973886328725,9.00003869285007,0.0770819892382887
179,6.1161384048498,0.0656279747666155,44.172073972163105,37.531462549344,44.542758699324295,37.531462549344,0,17.0,154.590132827324,9.866085485731551,0.0815579961282652
180,5.82461097620495,0.299109166705126,12.565102361467499,16.3393590948607,16.3393590948607,11.9557589948591,6,16.0,152.38608870967698,14.1470926369469,0.08606745634935
181,6.050401095444809,0.0801321016145007,41.588004465078,48.05589032368,48.05589032368,39.2516684146426,0,19.0,146.188172043011,12.865167674811302,0.0766292931058865
182,5.87556409456378,0.103333738322883,22.5651665470859,30.6740759624055,33.554673025405805,22.410756907300502,0,19.0,147.913662239089,10.648034821504801,0.0738411892924105
183,6.82428263317387,0.142462870602106,31.915331914192702,27.468433704306804,31.915331914192702,23.9511639507018,0,21.0,152.164362519201,10.0006895484256,0.0755208539870739
184,7.74852820974447,0.0563059378061362,26.952266205826696,27.8827745287446,28.011095370843602,26.051921186791,0,17.0,153.88112745098,12.3368071769313,0.0764905220688149
185,7.53922752937245,0.0384541146642975,44.633680124725,49.5340944903975,49.5340944903975,43.433155724312705,0,17.0,159.554134697357,8.26809789804166,0.0805200085153017
186,7.35121649931914,0.0533721866831222,28.414360104253802,26.298299265982298,29.6748348588362,26.298299265982298,0,13.0,156.619909502262,10.833130563598198,0.0738565576225532
187,6.1161384048498,0.0656279747666155,44.172073972163105,37.531462549344,44.542758699324295,37.531462549344,0,17.0,154.590132827324,9.866085485731551,0.0815579961282652
188,6.734138969036289,0.0644518085955326,50.159377299243005,41.702845347519705,50.7428756193011,40.4173887262452,0,17.0,146.794117647059,10.1568927208191,0.0741526731370527
189,7.26280607328805,0.0552717489920258,49.1989783990487,48.995130235514495,52.0571771124672,46.73440451713451,0,16.0,151.677083333333,16.6178143281467,0.0809999822898996
190,6.663654629989309,0.0775951315847157,41.09363021995849,42.3940013404362,42.3940013404362,35.86669407518,0,16.0,160.149894067797,12.4896970822175,0.0921174291480564
191,7.2323239185941395,0.045067564227716496,44.618865389327496,42.8076985898034,47.48284801156299,42.8076985898034,0,12.0,154.415865384615,15.1141377148135,0.0783660178436379
192,7.49631034786281,0.086584284840672,25.3004979868961,29.2777122289689,31.522668149078804,25.3004979868961,0,16.0,156.240927419355,12.767121535711901,0.0888355579840273
193,7.4145894842494,0.153211984541237,16.5887498057618,18.5562178486385,20.1345965656018,16.5887498057618,0,16.0,151.65029761904802,12.7899037433797,0.0819029333040156
194,5.82461097620495,0.299109166705126,12.565102361467499,16.3393590948607,16.3393590948607,11.9557589948591,6,16.0,152.38608870967698,14.1470926369469,0.08606745634935
195,5.76767286909606,0.139839509405997,30.4010947777403,36.791985075601204,43.63373719451611,30.4010947777403,0,16.0,144.590073529412,14.4378998720344,0.0786621333581375
196,7.37046782569288,0.0582924790251685,46.4554859783335,49.1086216273122,49.1086216273122,40.074986543581694,0,13.0,148.217948717949,13.8322127526779,0.0689278546001744
197,8.00250305891192,0.157413470034189,36.2623618835197,33.483260407744304,41.516978812096,33.091970529369505,0,19.0,150.04301075268802,11.4851965735763,0.0793973947405638
198,7.44623896282866,0.117675847109483,41.7167863464275,41.081628909415606,43.140261098316095,35.718312162942794,0,19.0,145.452380952381,11.507978781244098,0.0724647700605521
199,6.050401095444809,0.0801321016145007,41.588004465078,48.05589032368,48.05589032368,39.2516684146426,0,19.0,146.188172043011,12.865167674811302,0.0766292931058865
200,3.47080182690017,0.0546681549992374,36.4703883952238,42.58560376960591,42.58560376960591,35.5175990584721,0,13.0,146.625,10.8097756966871,0.0718795363317298
201,5.08073474472133,0.0567814819003496,23.7697286480094,16.763054614240197,23.7697286480094,16.763054614240197,0,35.0,180.935531135531,10.973800424582901,0.25027275483174
202,4.6135952183403095,0.120322191158834,10.8423056237558,4.133602670638759,10.877683867915199,3.74165738677394,30,30.0,203.66410256410302,13.8624516256371,0.238473003195421
203,7.872190708577441,0.0546632428200892,52.414427560727,38.250103624332,53.9404276097371,38.250103624332,0,21.0,168.869936034115,11.2169920885433,0.0834334109365118
204,11.319370281032901,0.188139500267702,27.2331991237469,30.932345720527202,37.0012498544947,25.678257611346698,0,24.0,168.84017412935302,9.58723431614551,0.0802587532951269
205,7.334239547742361,0.0874103831222305,43.459191709002894,39.3394053316372,47.0323179497546,38.006141291103,0,19.0,147.204656862745,13.118756512704598,0.0687737152329602
206,6.9095379479531,0.1114410531662,32.2134071508868,29.786855048123197,33.6706170495762,27.713449319371602,0,13.0,149.943438914027,11.6150798993714,0.0661397507866985
207,7.45172811917701,0.167648683471971,24.016232987892103,35.5093405419515,37.375260965283296,22.465375789548002,0,19.0,151.76850094876698,9.26806372026981,0.0766092909270878
208,6.933440238315639,0.134658355317841,25.2050935856559,29.831263942634397,34.3017309184378,22.068791893557,0,19.0,147.177871148459,9.29084592793763,0.0696766662470761
209,5.87556409456378,0.103333738322883,22.5651665470859,30.6740759624055,33.554673025405805,22.410756907300502,0,19.0,147.913662239089,10.648034821504801,0.0738411892924105
210,6.734138969036289,0.0644518085955326,50.159377299243005,41.702845347519705,50.7428756193011,40.4173887262452,0,17.0,146.794117647059,10.1568927208191,0.0741526731370527
211,5.76767286909606,0.139839509405997,30.4010947777403,36.791985075601204,43.63373719451611,30.4010947777403,0,16.0,144.590073529412,14.4378998720344,0.0786621333581375
212,10.095955237294302,0.0979527883323923,36.6255502732988,49.33393688590299,52.223891600854905,32.1776081282253,0,35.0,165.062406015038,12.917895040404598,0.107473168603636
213,9.239798499683669,0.0976877421039299,31.8207749362557,47.9512166312045,50.0641819122462,31.8207749362557,0,27.0,158.440476190476,11.2572000002669,0.122502920303623
214,9.36407221886189,0.149838418767841,13.854287269072401,36.3021432510306,38.2484710284166,13.1972143270087,2,21.0,168.24880952381,10.9224056363818,0.0810220330171977
215,4.6102944837768,0.099561831049904,45.10196750446071,45.600446773586796,45.727119620627604,31.057191188548398,0,33.0,162.214769647696,11.379058857384301,0.0961410540308652
216,3.15726250598347,0.24719703994388,33.4536944371536,35.5880230317055,35.5880230317055,27.376306282597298,0,35.0,160.537869062901,9.581952734145462,0.0946915678241747
217,2.53590730584756,0.0676034902581313,50.1962612561063,56.9029468413276,56.9029468413276,42.041694643433,0,28.0,158.134360290971,10.445303780487599,0.08807368636861
218,2.78836926810747,0.227457479052445,19.943585857802397,24.220081929105703,24.220081929105703,17.270520997567598,0,24.0,156.807146908678,9.15885708917164,0.0869538179322308
219,3.5747610164223396,0.14877385690429,40.2535471815629,41.50193754647471,46.5165095857409,40.2535471815629,0,23.0,161.660676080445,9.53414961092883,0.0894668387649226
220,4.27956460492643,0.169068477081302,33.060726679343,36.83764434377151,36.83764434377151,28.7124761224018,0,24.0,164.146929824561,10.259282020342901,0.105543657343814
221,4.14212194402606,0.147855447057626,35.7322290431326,38.7464744899789,38.7464744899789,31.0207182745012,0,24.0,157.525,8.59858698020525,0.120573409043801
222,5.087521281472339,0.0862535932737397,45.2544626586215,51.5205837436354,51.5205837436354,42.502893679455205,0,18.0,167.333333333333,8.26379261632015,0.0790925217573761
223,6.16110830613679,0.0996943239983433,34.3812407631966,52.020765478434804,53.2213860091069,32.3615173335253,0,24.0,156.077380952381,7.9053791817050705,0.0744057530528287
224,5.42105848147296,0.142801227149265,30.8518465977063,43.7459971442664,47.9037428301911,29.300525914509002,0,24.0,160.013888888889,6.63429755389347,0.0768711318891989
225,3.47080182690017,0.0546681549992374,36.4703883952238,42.58560376960591,42.58560376960591,35.5175990584721,0,13.0,146.625,10.8097756966871,0.0718795363317298
226,4.18119507779982,0.0560478788207527,32.8234516238027,48.6554450260444,51.177382355628794,32.8234516238027,0,17.0,153.36309523809499,5.65759245850195,0.0696516077366483
227,3.82653074842298,0.14126133461851,29.0399442976228,33.3135275318821,34.5088199649168,28.2256449255325,0,13.0,154.49166666666702,9.69948325563174,0.065560203365359
228,4.19499793745727,0.118527794537971,26.2106298762817,27.681128097503098,28.947323920422303,21.8284720541464,0,16.0,171.030332681018,11.1061791302181,0.083823033747699
229,10.278688142398599,0.129570411780887,25.085438560460897,45.6699218669779,45.6699218669779,25.085438560460897,0,49.0,161.27802425318,7.47979849504262,0.0771186942411299
230,13.070584323261302,0.205465501168636,31.040136557649397,35.3773232954636,35.9072494679469,12.5241283340644,3,45.0,156.244897959184,8.68132965614449,0.0760656793974557
231,6.89311407643247,0.138087714115488,15.099745139477301,17.6408388823134,23.68280746296,12.9391082865555,1,22.0,153.530612244898,6.43354293294137,0.0713115340812754
232,3.56305072336179,0.102539087364802,43.50034174978129,45.7379649793798,50.7875940891435,42.8676000370872,0,16.0,154.084183673469,11.619462131288,0.0758372295981882
233,3.30694061110348,0.0978138181352304,52.9261229025695,45.6336618330124,53.251443450377906,43.261341950332096,0,24.0,158.79591836734699,8.20926525572745,0.0744633678976349
234,2.72409961029346,0.0854653190622504,29.657846829978197,24.014620724767298,29.657846829978197,23.2918491410775,0,12.0,174.136645962733,13.6962999075143,0.121352859628948
235,3.5495546334551604,0.148120491341444,15.6783531898235,19.390707069807803,19.390707069807803,14.143030340297198,4,20.0,183.174715909091,11.6646170159333,0.0969539147391466
236,3.11749502897736,0.0958058591033006,48.6181956758831,45.747904847662895,50.7265685839313,45.747904847662895,0,15.0,188.16835016835,11.4711954493238,0.106777528788618
237,5.20952434841665,0.378075924470675,45.5213283587882,46.1564183173701,51.829824423305396,32.7468065635431,0,63.0,169.659090909091,10.906494963108802,0.0862259462739999
238,7.50293079813841,0.0969141730120808,25.3150391083674,48.499013469324396,51.243527204536505,23.754765466473398,0,60.0,173.561633281972,11.1620857535225,0.0877995513985423
239,7.1749735881794106,0.190191030739967,8.39863652584951,12.7007939989726,16.2814523305692,8.39863652584951,18,22.0,152.857142857143,7.316528010038089,0.0723103620541672
240,7.92297329173776,0.0696353190848,41.3315730447469,36.9842935675443,41.3315730447469,24.409036183671102,0,22.0,156.793650793651,6.0454463822265,0.0747757408905374
241,7.308077874417711,0.0774950899682437,30.469532288621803,47.7578513204428,47.7578513204428,27.572026627118102,0,22.0,150.146428571429,7.15521337980091,0.0699216313792543
242,4.18119507779982,0.0560478788207527,32.8234516238027,48.6554450260444,51.177382355628794,32.8234516238027,0,17.0,153.36309523809499,5.65759245850195,0.0696516077366483
243,6.89311407643247,0.138087714115488,15.099745139477301,17.6408388823134,23.68280746296,12.9391082865555,1,22.0,153.530612244898,6.43354293294137,0.0713115340812754
244,6.235877832594639,0.0718624126873085,44.237507483661204,40.8656423606104,44.237507483661204,37.4734949385571,0,16.0,151.271428571429,9.11063208396476,0.0634648123666976
245,2.8480679669762896,0.0394012883963527,32.806893256581695,35.4267921208436,36.6025637018599,32.7670751515647,0,16.0,151.455357142857,12.471411239625402,0.0704533799276235
246,5.92723866639324,0.146643736422374,37.4041920476171,34.6624912769979,37.4041920476171,28.0074748348525,0,20.0,156.01920122887898,8.620718447190571,0.0782889556217512
247,2.98825694396483,0.0482479415935447,26.7601927871063,31.223467650163805,31.9937153981635,26.7601927871063,0,10.0,151.428571428571,8.643500654858379,0.0713563309417395
248,6.82428263317387,0.142462870602106,31.915331914192702,27.468433704306804,31.915331914192702,23.9511639507018,0,21.0,152.164362519201,10.0006895484256,0.0755208539870739
249,4.66140498869236,0.293373602467966,18.3584682516377,15.593942539970698,26.331735375669798,14.508308551957901,1,16.0,149.934523809524,12.542365596981002,0.0732014017311686
250,9.07060857874294,0.231874186435519,48.402311342919,30.3513146596738,48.402311342919,26.9765701233431,0,27.0,168.517857142857,13.082180258162401,0.0927943329375912
251,4.84578567812984,0.0990431989949963,41.109609582188895,57.870545184921205,57.870545184921205,34.5398320783411,0,46.0,189.492907801418,10.8153701735049,0.207928573884359
252,4.2002784361126295,0.159918533173246,46.7204651203915,47.7842376183969,52.54004252415171,41.8342214430714,0,35.0,177.05580088317902,9.529380060517301,0.145000097701369
253,4.20214866087829,0.154279560496089,24.8684435984301,20.191898236116398,24.984750630661303,16.7455359694562,0,20.0,173.81862745098,11.000712536262698,0.151132117372281
254,4.84578567812984,0.0990431989949963,41.109609582188895,57.870545184921205,57.870545184921205,34.5398320783411,0,46.0,189.492907801418,10.8153701735049,0.207928573884359
255,2.79244354887494,0.0641621852651424,26.4764045897475,38.9619246396569,38.9619246396569,25.317977802344302,0,13.0,167.871794871795,11.1420367925684,0.187849406366624
256,2.5898119188125,0.120525560378191,18.072909194528698,20.2963178480101,20.2963178480101,14.2933674200633,1,20.0,170.133731617647,12.2624823595225,0.0922879848516186
257,2.38366927653478,0.036418655910977295,51.732356452948,42.29328708543171,53.7333488076204,42.29328708543171,0,20.0,165.810202205882,10.921491971161801,0.0898130430528887
258,2.9643303213393803,0.117421064012428,37.0761857809374,44.9870793642862,50.1996996796436,37.0761857809374,0,34.0,162.442555147059,10.3352830346671,0.0884068121382173
259,5.6601979784956695,0.0687226201287798,38.64473963481829,35.1780527066179,39.7090796220974,35.1780527066179,0,16.0,162.05526315789498,13.7123216458058,0.0993568619738633
260,5.36899886074196,0.0784815579971736,30.8587007442546,27.71626615075,30.8587007442546,26.5871992939609,0,13.0,155.433333333333,12.0516266056681,0.11438661367385
261,6.2701532753127,0.107256435230601,35.8454156578129,31.582391691114,35.8454156578129,28.278968348878102,0,16.0,153.985714285714,11.358418807167899,0.0682189576828779
262,7.13685156132515,0.195933162909077,18.582796700094498,24.5740705503551,24.5740705503551,18.037240466800398,0,16.0,157.922222222222,10.0873371793563,0.0706843365192481
263,6.52902069335294,0.325407922964415,26.4131465340679,18.9396763666409,26.8925114420639,18.9396763666409,0,16.0,151.275,11.197104176930699,0.065830227007965
264,3.82653074842298,0.14126133461851,29.0399442976228,33.3135275318821,34.5088199649168,28.2256449255325,0,13.0,154.49166666666702,9.69948325563174,0.065560203365359
265,6.235877832594639,0.0718624126873085,44.237507483661204,40.8656423606104,44.237507483661204,37.4734949385571,0,16.0,151.271428571429,9.11063208396476,0.0634648123666976
266,3.2349744360240797,0.179990298086009,35.5884265127709,46.7159940496068,46.7159940496068,29.3032868093777,0,33.0,161.576620121733,12.738893611988098,0.11598353201041
267,3.5693436902076,0.14280869670594,38.303232247489,49.321711829925,50.0739810428205,34.3137433893967,0,20.0,159.641812865497,11.446836174412198,0.0938057097327816
268,2.53590730584756,0.0676034902581313,50.1962612561063,56.9029468413276,56.9029468413276,42.041694643433,0,28.0,158.134360290971,10.445303780487599,0.08807368636861
269,4.10688408473981,0.0977070253223224,40.6229230620124,52.1633853029538,58.491941011290905,38.785953130087904,0,43.0,154.234190126479,9.226634406199551,0.0846184736341472
270,7.50293079813841,0.0969141730120808,25.3150391083674,48.499013469324396,51.243527204536505,23.754765466473398,0,60.0,173.561633281972,11.1620857535225,0.0877995513985423
271,4.20858487191431,0.256653483803146,51.571952863366604,44.5784176765299,51.8416597980816,39.6832815239595,0,52.0,170.037157757497,11.5600781303073,0.0898393965021654
272,3.69666179321261,0.128993401268891,43.343821183094505,40.0516777049491,46.999565407758894,28.9627057542821,0,29.0,160.24940673944,11.4524469206722,0.114863663574031
273,2.71043342347909,0.032206713529746,34.554532989273895,28.3465419149861,34.616081833372895,28.0481615303877,0,14.0,156.115253077975,8.30923898817906,0.0858212906968548
274,2.78836926810747,0.227457479052445,19.943585857802397,24.220081929105703,24.220081929105703,17.270520997567598,0,24.0,156.807146908678,9.15885708917164,0.0869538179322308
275,4.10688408473981,0.0977070253223224,40.6229230620124,52.1633853029538,58.491941011290905,38.785953130087904,0,43.0,154.234190126479,9.226634406199551,0.0846184736341472
276,2.13005606551543,0.0628179821154574,18.211546258685104,22.4159783864553,22.7921889621588,18.211546258685104,0,13.0,160.968782249742,8.68453150993624,0.0883343115295465
277,3.5747610164223396,0.14877385690429,40.2535471815629,41.50193754647471,46.5165095857409,40.2535471815629,0,23.0,161.660676080445,9.53414961092883,0.0894668387649226
278,3.56305072336179,0.102539087364802,43.50034174978129,45.7379649793798,50.7875940891435,42.8676000370872,0,16.0,154.084183673469,11.619462131288,0.0758372295981882
279,4.66140498869236,0.293373602467966,18.3584682516377,15.593942539970698,26.331735375669798,14.508308551957901,1,16.0,149.934523809524,12.542365596981002,0.0732014017311686
280,1.79975683134269,0.0799288767773576,39.1580502652538,47.491918364083006,47.491918364083006,38.2107685126552,0,10.0,169.833333333333,15.980394344709598,0.0962005389782351
281,6.7879840457923795,0.144396515708067,45.2139391807721,52.739921079285004,52.739921079285004,35.1518361049162,0,36.0,165.273275595422,9.795616347431881,0.0942770152628282
282,2.84126806566773,0.0518282797556878,38.3396112369123,41.256215681652996,41.5475358171744,37.4625711380454,0,14.0,163.088534107402,7.41953316330028,0.0923713908021986
283,4.2002784361126295,0.159918533173246,46.7204651203915,47.7842376183969,52.54004252415171,41.8342214430714,0,35.0,177.05580088317902,9.529380060517301,0.145000097701369
284,2.76177790623363,0.0877401581024774,45.796686759347295,48.1149178580841,53.7281104625539,45.796686759347295,0,13.0,155.434687953556,9.85604667958076,0.124920930183634
285,8.54275599233077,0.131930791854754,29.020958092789996,45.535093567446005,45.535093567446005,26.767041625932897,0,50.0,166.134615384615,11.304487339893699,0.0882657913776229
286,4.20858487191431,0.256653483803146,51.571952863366604,44.5784176765299,51.8416597980816,39.6832815239595,0,52.0,170.037157757497,11.5600781303073,0.0898393965021654
287,4.40992549430125,0.25500706175826,30.396424352418,20.4175717651722,42.0699221154538,18.6825112668759,0,20.0,158.122448979592,9.09225033282417,0.0754621958705267
288,4.05456950679939,0.0982693450001232,24.9130503811101,28.2607230150331,31.780412166954605,24.9130503811101,0,12.0,155.411734693878,8.93093570258698,0.0730734651956138
289,3.30694061110348,0.0978138181352304,52.9261229025695,45.6336618330124,53.251443450377906,43.261341950332096,0,24.0,158.79591836734699,8.20926525572745,0.0744633678976349
290,4.7079679440371605,0.153049954715356,48.4419591794775,35.1232939623332,50.637216463293704,35.120450373945,0,29.0,179.82697740113,11.781322741424699,0.104569964032847
291,5.18404172030018,0.143643562211665,50.8530231032767,46.2514055668949,51.43614891058189,36.953755496679705,0,40.0,177.027173913043,11.840730708464198,0.0974820036211768
292,3.3214848861235,0.135926782466696,51.2463428661509,52.3755517002808,54.94269349770679,45.9917050176324,0,32.0,176.43413978494598,12.4983293396312,0.100958560253261
293,9.07060857874294,0.231874186435519,48.402311342919,30.3513146596738,48.402311342919,26.9765701233431,0,27.0,168.517857142857,13.082180258162401,0.0927943329375912
294,1.79975683134269,0.0799288767773576,39.1580502652538,47.491918364083006,47.491918364083006,38.2107685126552,0,10.0,169.833333333333,15.980394344709598,0.0962005389782351
295,2.9083126167266697,0.114836012704774,48.8935574477905,39.3646582033199,52.847178051685106,39.3646582033199,0,43.0,180.11531007751898,14.0988769413004,0.149887015047869
296,4.1256540827595405,0.0941748599157653,55.3483430489434,45.609081989651,55.3483430489434,43.1500454770818,0,30.0,186.425,17.3865408908811,0.106535630973686
297,2.2886122597046,0.0913698654812584,23.465168821715803,25.3181827007089,25.3181827007089,22.9465824328547,0,11.0,165.662878787879,13.3297483544943,0.0930064858970565
298,4.5351477180935404,0.10148001188451,47.504176279873704,44.569560269490005,53.9049285707509,43.8765864889968,0,16.0,160.090036014406,11.235289257473,0.115780118158446
299,2.9643303213393803,0.117421064012428,37.0761857809374,44.9870793642862,50.1996996796436,37.0761857809374,0,34.0,162.442555147059,10.3352830346671,0.0884068121382173
300,4.65809473247983,0.191024526213858,40.9935696530696,48.059700183328,51.6393584631962,40.421417323475104,0,26.0,162.504956157072,9.11440133051945,0.0932177374373309
301,2.85752765152013,0.0898632473059771,38.828085963982794,45.53997408187801,51.0176658008282,37.3899019519489,0,28.0,178.27205610926498,10.7928881639995,0.142756196516063
302,2.9083126167266697,0.114836012704774,48.8935574477905,39.3646582033199,52.847178051685106,39.3646582033199,0,43.0,180.11531007751898,14.0988769413004,0.149887015047869
303,3.89805522758924,0.0876055520751973,18.819452308781603,21.2999529904456,21.2999529904456,15.022908158007601,0,18.0,130.478696741855,13.135435586111901,0.088988290494214
304,3.89805522758924,0.0876055520751973,18.819452308781603,21.2999529904456,21.2999529904456,15.022908158007601,0,18.0,130.478696741855,13.135435586111901,0.088988290494214
305,5.08073474472133,0.0567814819003496,23.7697286480094,16.763054614240197,23.7697286480094,16.763054614240197,0,35.0,180.935531135531,10.973800424582901,0.25027275483174
306,5.09134152453779,0.0631024327132048,19.805451250989897,17.689025887003602,19.805451250989897,17.378147196982802,0,30.0,164.47142857142902,14.086229906552699,0.17950624233223
307,2.09432408124686,0.0463544387915726,48.782599677084,39.42036584189009,48.782599677084,38.361531346248704,0,15.0,184.58174603174598,14.080552113580199,0.09940481244188
308,2.48316874506113,0.0289946814053787,44.8215675532308,47.7557646135077,47.7557646135077,42.5547742920371,0,14.0,174.44247311828,13.3646612246214,0.0917007210422888
309,4.1256540827595405,0.0941748599157653,55.3483430489434,45.609081989651,55.3483430489434,43.1500454770818,0,30.0,186.425,17.3865408908811,0.106535630973686
310,3.1141355436871803,0.208386771757589,44.2535089365987,41.110821185586,44.2535089365987,37.1033237008959,0,11.0,154.273386034256,8.65027005706759,0.0746950193335756
311,2.2886122597046,0.0913698654812584,23.465168821715803,25.3181827007089,25.3181827007089,22.9465824328547,0,11.0,165.662878787879,13.3297483544943,0.0930064858970565
312,4.6135952183403095,0.120322191158834,10.8423056237558,4.133602670638759,10.877683867915199,3.74165738677394,30,30.0,203.66410256410302,13.8624516256371,0.238473003195421
313,5.09134152453779,0.0631024327132048,19.805451250989897,17.689025887003602,19.805451250989897,17.378147196982802,0,30.0,164.47142857142902,14.086229906552699,0.17950624233223
314,2.79244354887494,0.0641621852651424,26.4764045897475,38.9619246396569,38.9619246396569,25.317977802344302,0,13.0,167.871794871795,11.1420367925684,0.187849406366624
315,2.76177790623363,0.0877401581024774,45.796686759347295,48.1149178580841,53.7281104625539,45.796686759347295,0,13.0,155.434687953556,9.85604667958076,0.124920930183634
316,3.4697382544396413,0.09643812125632532,46.73460874560704,51.816962748516254,52.28354338255533,46.73460874560704,0,10.0,167.95,14.724963705590156,0.1368083490644016
317,5.439844554793796,0.12459699101514822,12.781683583613322,13.767792016204385,25.72930739401433,11.91560613430571,9,36.0,176.17582742316785,12.803144746693471,0.15584400228686146
318,3.89140968576439,0.026179322919531144,46.45433074298091,49.44898590904839,49.664265542635746,46.45433074298091,0,14.0,164.1051587301587,11.225500917857044,0.1481620281580246
319,4.179764991591661,0.07931752814669084,36.65427585433053,41.20067030901893,48.458281455235614,36.265023410361465,0,24.0,166.29252136752137,10.792211215082009,0.14927058371838206
320,3.9907771228424167,0.059346282276317275,52.80081282305109,46.760745595301316,53.39460841988797,44.76761067483875,0,24.0,161.92909356725147,13.139222691869922,0.1616978735654686
321,5.28690670861223,0.05136094250411697,49.537811770947854,46.01478298976248,51.1525164323129,44.62579030197796,0,19.0,161.88055555555556,9.56169371858422,0.144040152382547
322,3.4697382544396413,0.09643812125632532,46.73460874560704,51.816962748516254,52.28354338255533,46.73460874560704,0,10.0,167.95,14.724963705590156,0.1368083490644016
323,1.8519781839183829,0.12249121571845245,15.558483930842677,16.557359888624617,17.20692910733813,14.777122255510305,1,10.0,184.44912280701755,16.258465473379708,0.10613029695992376
324,1.7382050350300786,0.030512326163953864,32.77619532227255,29.275907684269466,32.77619532227255,29.275907684269466,0,10.0,183.49607843137252,12.491927267771134,0.09392605968021893
325,1.7373146378028628,0.012120497227827877,43.98990013157752,47.37497392598885,47.37497392598885,43.98990013157752,0,10.0,184.10405405405402,13.098195228044348,0.08939705045409638
326,1.7075935630550416,0.02326233788732729,42.2215459989044,46.84882752123601,46.84882752123601,42.2215459989044,0,10.0,184.82777777777775,12.435191754050862,0.09583087689750057
327,2.5775250596143597,0.13970348182882728,32.88424975223534,37.27196628273236,38.22801701932128,32.88424975223534,0,10.0,181.52413793103452,12.064582624375053,0.09042863769964037
328,2.2233746083022297,0.04852278608243716,45.15812664042903,46.22548961015807,47.11243886345092,41.785717728434136,0,10.0,177.13333333333333,11.37162561112058,0.09092850837843904
329,1.8519781839183829,0.12249121571845245,15.558483930842677,16.557359888624617,17.20692910733813,14.777122255510305,1,10.0,184.44912280701755,16.258465473379708,0.10613029695992376
330,2.006554892409662,0.15803997386851742,37.62612205766151,14.193402441121664,37.62612205766151,12.25877250361391,14,52.0,168.3452012383901,11.141891521642895,0.10493529092214897
331,5.3227872032869605,0.15716739286137424,44.03190478459135,51.938318855535535,52.504921806285495,38.888650475005996,0,57.0,168.9531768610716,11.748159481916106,0.10040628169602643
332,3.7299853619275742,0.273522051397066,27.34824477625093,34.818639203125784,34.818639203125784,26.76374468875632,0,29.0,166.373260738052,10.71454687824681,0.10143786894157042
333,2.732576416500002,0.04010790015159035,51.62231371529501,48.131322912466324,52.33663353937445,43.78904511591689,0,12.0,161.98245614035088,10.021589864992334,0.1019377396203691
334,2.0804303076124184,0.05942949187395464,36.37698071117194,49.724762644373826,49.724762644373826,36.37698071117194,0,14.0,160.0062656641604,12.56775778206963,0.09387756208353107
335,4.552967479363703,0.10265277107357618,37.106447167113,43.24872888578621,43.24872888578621,31.73089811825969,0,34.0,163.46730462519938,12.374855310221314,0.10205716337692383
336,4.1240689862330875,0.15709881491980862,27.727252022373506,36.66141160395832,36.66141160395832,26.447152942725896,0,29.0,167.91912280701754,13.653206423605184,0.12005903018251685
337,3.9195773963301823,0.15572915553195707,48.82622246293481,39.695856927877934,48.82622246293481,39.695856927877934,0,20.0,163.373260738052,13.223665686291394,0.1470906782535472
338,5.439844554793796,0.12459699101514822,12.781683583613322,13.767792016204385,25.72930739401433,11.91560613430571,9,36.0,176.17582742316785,12.803144746693471,0.15584400228686146
339,5.268351111551038,0.1531714690584253,23.029444968916827,17.97376079122403,27.380875954762654,16.927456111745453,0,35.0,162.3294599018003,13.93818759491219,0.0973817063328695
340,5.988844852729333,0.2277150173317809,30.568664643886066,27.982320989265023,30.568664643886066,26.54611662246517,0,16.0,161.44680851063828,13.053469904964947,0.09295884962279136
341,6.193154676749543,0.24693552852874515,40.2586988236752,13.163753613532743,40.290901364168775,12.257931132806112,11,70.0,164.97796709753231,9.880377159431523,0.08738574753371617
342,2.4123360558227267,0.038746185042682665,36.911383432228824,40.65435807390536,40.65435807390536,35.44169491266405,0,18.0,165.70169082125602,9.217373685438037,0.09381957397712036
343,2.0670328226457624,0.03819510069152104,28.811764750361966,30.530907031923213,30.530907031923213,26.541124683161897,0,11.0,159.901185770751,12.184603371285428,0.0812974515644252
344,4.844674919624201,0.06442788249388448,54.49016359164385,35.512649948883336,54.49016359164385,35.512649948883336,0,29.0,162.3980509745127,8.846764555762226,0.08841733477926014
345,2.073143190913867,0.017025849297814064,44.032035869052464,48.00309505702591,48.00309505702591,44.032035869052464,0,10.0,157.52391304347827,11.929975200433526,0.07976941835367125
346,2.2834346771740632,0.14029617019260773,18.95391157018546,21.92895410550065,25.10074316040285,18.76984274249132,0,12.0,158.0072463768116,8.153807542507753,0.08891720545805884
347,2.8587901763434433,0.1186171151085769,30.126768282495128,24.59691200712565,31.094925049445948,24.59691200712565,0,14.0,156.03105590062114,10.699975459585048,0.0808570279212208
348,5.592504771224768,0.3262587393346055,19.924858845171283,21.110642943086567,31.99634494536009,15.524174696260026,0,48.0,161.49306197964847,11.370047978809607,0.1361879020240402
349,5.318374054539203,0.14761499932863278,31.780497164141412,31.590585746741056,37.969012363042616,28.03459281657683,0,42.0,163.94391304347823,11.7854241011206,0.10703849602020657
350,4.952352364801478,0.14280860228970682,37.44329045369811,31.964428718152043,39.373618646302226,31.964428718152043,0,30.0,159.3980509745127,11.35588336380681,0.13407014409123694
351,1.7382050350300786,0.030512326163953864,32.77619532227255,29.275907684269466,32.77619532227255,29.275907684269466,0,10.0,183.49607843137252,12.491927267771134,0.09392605968021893
352,2.006554892409662,0.15803997386851742,37.62612205766151,14.193402441121664,37.62612205766151,12.25877250361391,14,52.0,168.3452012383901,11.141891521642895,0.10493529092214897
353,4.367334285210431,0.17267936983869872,19.754049991256146,36.384216096653475,37.136106963730214,17.523341123233433,0,29.0,165.42021636240705,6.94800867263824,0.08923363166186557
354,2.557852836423584,0.028773822933812563,38.205472423462695,49.855312882227885,49.855312882227885,38.205472423462695,0,14.0,159.05322128851543,8.80121957646106,0.08167332480382622
355,3.2524131107333973,0.1233140831172272,39.578274983150074,36.552739089909394,42.39017183336861,34.167458675278425,0,38.0,158.10232843137254,8.677368874650105,0.08294582187760269
356,2.870028846880873,0.187943103561676,34.91995066955492,32.653304022752145,34.91995066955492,25.00212481389745,0,29.0,162.51426024955435,8.608317104612746,0.08985292609721901
357,3.0031353505448566,0.10902766640869807,46.24268146365151,38.45612660920948,46.24268146365151,31.42635740725809,0,24.0,166.96607843137258,9.886668217996618,0.10785479290281197
358,3.6819352801183927,0.03826568493366725,57.187770339846146,41.78623091669519,57.187770339846146,41.08627979589638,0,15.0,162.42021636240705,9.457127480682823,0.1348864409738424
359,1.7373146378028628,0.012120497227827877,43.98990013157752,47.37497392598885,47.37497392598885,43.98990013157752,0,10.0,184.10405405405402,13.098195228044348,0.08939705045409638
360,5.3227872032869605,0.15716739286137424,44.03190478459135,51.938318855535535,52.504921806285495,38.888650475005996,0,57.0,168.9531768610716,11.748159481916106,0.10040628169602643
361,6.193154676749543,0.24693552852874515,40.2586988236752,13.163753613532743,40.290901364168775,12.257931132806112,11,70.0,164.97796709753231,9.880377159431523,0.08738574753371617
362,2.6871718414963137,0.034720244994042936,27.28544652019479,33.49134652519702,33.563928478858344,27.28544652019479,0,18.0,169.33183183183183,7.92488576258726,0.09010686163360324
363,2.011886477136044,0.039757088558472126,29.913643207772328,31.354853892213487,31.354853892213487,27.55504038684185,0,11.0,163.53132678132678,10.892115448434653,0.07758473922090807
364,5.040808959609196,0.0935938660254165,47.17093589537815,25.8244421509534,47.17093589537815,25.104596274781777,0,29.0,166.02819198508854,7.554276632911449,0.08470462243574302
365,2.54737133900878,0.2385070877669432,13.4341239322518,14.312743687850599,14.909248646472756,12.241520567382475,12,12.0,161.63738738738738,6.861319619656974,0.08520449311454173
366,3.4389947088858532,0.07779082335326483,23.75508338425796,21.56157793308317,24.165852242114216,21.016563741806333,0,14.0,159.6611969111969,9.40748753673427,0.0771443155777037
367,5.10845995593171,0.1979531828741848,59.38215561064411,36.978989919697746,59.38215561064411,36.132206758382246,0,48.0,165.12320299022426,10.07756005595883,0.1324751896805231
368,5.777536396745335,0.2074643481427752,29.86966644344524,27.219881302653302,33.855246733940845,25.193679392322217,0,46.0,167.57405405405405,10.492936178269824,0.10332578367668946
369,4.73553520272409,0.06509372711142443,53.59304248842469,36.14742810280155,54.069865246517345,36.14742810280155,0,30.0,163.02819198508854,10.063395440956034,0.13035743174771985
370,3.70142140896562,0.12742163377694307,34.63538377297857,38.44235535901112,38.44235535901112,32.15432112324958,0,10.0,154.91516516516515,8.989172515442363,0.0762129763745491
371,3.89140968576439,0.026179322919531144,46.45433074298091,49.44898590904839,49.664265542635746,46.45433074298091,0,14.0,164.1051587301587,11.225500917857044,0.1481620281580246
372,1.7075935630550416,0.02326233788732729,42.2215459989044,46.84882752123601,46.84882752123601,42.2215459989044,0,10.0,184.82777777777775,12.435191754050862,0.09583087689750057
373,2.4123360558227267,0.038746185042682665,36.911383432228824,40.65435807390536,40.65435807390536,35.44169491266405,0,18.0,165.70169082125602,9.217373685438037,0.09381957397712036
374,2.6871718414963137,0.034720244994042936,27.28544652019479,33.49134652519702,33.563928478858344,27.28544652019479,0,18.0,169.33183183183183,7.92488576258726,0.09010686163360324
375,2.1960188353135317,0.042288754753866176,21.157868666757977,22.173861394794397,22.173861394794397,20.690727878523678,0,11.0,164.25505050505052,10.22911197444117,0.08401856566431225
376,2.519315118124037,0.080388466384959,38.973897993719476,42.78471149948001,42.78471149948001,38.9385081888309,0,12.0,162.3611111111111,6.19831614566349,0.0916383195579459
377,3.753958406865993,0.108004134355006,27.236531108827677,30.138174369796833,30.45216326522841,27.08018691577221,0,18.0,157.13888888888889,7.301683087369208,0.08690167548257594
378,4.508706450007878,0.0962101460454102,31.229745257897843,41.573780826619384,41.573780826619384,29.93196440962966,0,18.0,160.09920634920633,7.473517406643361,0.09139749924926796
379,2.0670328226457624,0.03819510069152104,28.811764750361966,30.530907031923213,30.530907031923213,26.541124683161897,0,11.0,159.901185770751,12.184603371285428,0.0812974515644252
380,2.011886477136044,0.039757088558472126,29.913643207772328,31.354853892213487,31.354853892213487,27.55504038684185,0,11.0,163.53132678132678,10.892115448434653,0.07758473922090807
381,2.1960188353135317,0.042288754753866176,21.157868666757977,22.173861394794397,22.173861394794397,20.690727878523678,0,11.0,164.25505050505052,10.22911197444117,0.08401856566431225
382,2.2176709360299705,0.033667535231887716,39.304087465501176,41.407193485475396,42.18071310058236,39.304087465501176,0,10.0,156.07727272727269,12.941713489436655,0.06996841004086315
383,2.648583049148504,0.06842163918945024,37.382383218489615,42.71237391797662,42.71237391797662,37.0165056122496,0,11.0,156.56060606060606,9.165545831510881,0.07911619714525073
384,3.1176080721623496,0.07521410052111754,33.98823775014666,33.823048630086014,37.93627777906835,32.93130792441999,0,11.0,151.33838383838383,10.268912773216599,0.07437955306988075
385,3.365642728768204,0.10743981699480587,25.27023094796052,32.723992327583495,32.723992327583495,24.82653567166653,0,11.0,154.2987012987013,10.440747092490751,0.07887537683657278
386,2.5775250596143597,0.13970348182882728,32.88424975223534,37.27196628273236,38.22801701932128,32.88424975223534,0,10.0,181.52413793103452,12.064582624375053,0.09042863769964037
387,3.7299853619275742,0.273522051397066,27.34824477625093,34.818639203125784,34.818639203125784,26.76374468875632,0,29.0,166.373260738052,10.71454687824681,0.10143786894157042
388,4.844674919624201,0.06442788249388448,54.49016359164385,35.512649948883336,54.49016359164385,35.512649948883336,0,29.0,162.3980509745127,8.846764555762226,0.08841733477926014
389,4.367334285210431,0.17267936983869872,19.754049991256146,36.384216096653475,37.136106963730214,17.523341123233433,0,29.0,165.42021636240705,6.94800867263824,0.08923363166186557
390,5.040808959609196,0.0935938660254165,47.17093589537815,25.8244421509534,47.17093589537815,25.104596274781777,0,29.0,166.02819198508854,7.554276632911449,0.08470462243574302
391,2.339265486172253,0.10361602021858048,34.94782079785752,15.870548396352556,34.94782079785752,15.661025430756691,0,12.0,159.05747126436782,5.827707015987682,0.08623608036008568
392,3.4048324935483287,0.10431009399152028,22.447771426502644,27.48959422656555,27.48959422656555,22.027320042196358,0,14.0,157.08128078817734,8.373874933064979,0.07817590282324766
393,2.283901023764636,0.02969469909575673,24.55463219313391,25.403395717349238,25.807668695101892,22.605593085040073,0,15.0,156.13038793103448,8.25002423125402,0.07944839989702412
394,2.073143190913867,0.017025849297814064,44.032035869052464,48.00309505702591,48.00309505702591,44.032035869052464,0,10.0,157.52391304347827,11.929975200433526,0.07976941835367125
395,2.2176709360299705,0.033667535231887716,39.304087465501176,41.407193485475396,42.18071310058236,39.304087465501176,0,10.0,156.07727272727269,12.941713489436655,0.06996841004086315
396,3.268112366278252,0.08309737494248101,43.8972954116549,48.643382485257845,48.643382485257845,41.659423617676616,0,10.0,151.92142857142858,10.186118921638847,0.07734734362581885
397,2.2233746083022297,0.04852278608243716,45.15812664042903,46.22548961015807,47.11243886345092,41.785717728434136,0,10.0,177.13333333333333,11.37162561112058,0.09092850837843904
398,2.732576416500002,0.04010790015159035,51.62231371529501,48.131322912466324,52.33663353937445,43.78904511591689,0,12.0,161.98245614035088,10.021589864992334,0.1019377396203691
399,2.2834346771740632,0.14029617019260773,18.95391157018546,21.92895410550065,25.10074316040285,18.76984274249132,0,12.0,158.0072463768116,8.153807542507753,0.08891720545805884
400,2.54737133900878,0.2385070877669432,13.4341239322518,14.312743687850599,14.909248646472756,12.241520567382475,12,12.0,161.63738738738738,6.861319619656974,0.08520449311454173
401,2.519315118124037,0.080388466384959,38.973897993719476,42.78471149948001,42.78471149948001,38.9385081888309,0,12.0,162.3611111111111,6.19831614566349,0.0916383195579459
402,2.648583049148504,0.06842163918945024,37.382383218489615,42.71237391797662,42.71237391797662,37.0165056122496,0,11.0,156.56060606060606,9.165545831510881,0.07911619714525073
403,2.339265486172253,0.10361602021858048,34.94782079785752,15.870548396352556,34.94782079785752,15.661025430756691,0,12.0,159.05747126436782,5.827707015987682,0.08623608036008568
404,3.753958406865993,0.108004134355006,27.236531108827677,30.138174369796833,30.45216326522841,27.08018691577221,0,18.0,157.13888888888889,7.301683087369208,0.08690167548257594
405,3.1176080721623496,0.07521410052111754,33.98823775014666,33.823048630086014,37.93627777906835,32.93130792441999,0,11.0,151.33838383838383,10.268912773216599,0.07437955306988075
406,7.844993677816918,0.143758198608463,22.374073248771744,22.084193930397475,25.24458239630676,13.752711239201744,5,28.0,147.1825396825397,7.513318205418793,0.08175848665483645
407,7.604645810751939,0.27226331753718885,30.02675439611718,55.79873442243557,59.97599870896785,26.87618806360764,0,45.0,143.98611111111111,8.474148096730037,0.07638072701814402
408,7.910312008570057,0.3832379613452703,26.465257896628856,45.79047149973767,45.79047149973767,23.80767186990584,0,45.0,147.34444444444443,8.046608595091897,0.07691005154453874
409,2.436444794148104,0.0376510926604256,40.88758493086861,14.657462923123752,40.88758493086861,14.657462923123752,1,12.0,146.59166666666667,8.911338034951493,0.07842811657928275
410,4.508706450007878,0.0962101460454102,31.229745257897843,41.573780826619384,41.573780826619384,29.93196440962966,0,18.0,160.09920634920633,7.473517406643361,0.09139749924926796
411,3.365642728768204,0.10743981699480587,25.27023094796052,32.723992327583495,32.723992327583495,24.82653567166653,0,11.0,154.2987012987013,10.440747092490751,0.07887537683657278
412,3.268112366278252,0.08309737494248101,43.8972954116549,48.643382485257845,48.643382485257845,41.659423617676616,0,10.0,151.92142857142858,10.186118921638847,0.07734734362581885
413,7.844993677816918,0.143758198608463,22.374073248771744,22.084193930397475,25.24458239630676,13.752711239201744,5,28.0,147.1825396825397,7.513318205418793,0.08175848665483645
414,2.436444794148104,0.0376510926604256,40.88758493086861,14.657462923123752,40.88758493086861,14.657462923123752,1,12.0,146.59166666666667,8.911338034951493,0.07842811657928275
415,7.604645810751939,0.27226331753718885,30.02675439611718,55.79873442243557,59.97599870896785,26.87618806360764,0,45.0,143.98611111111111,8.474148096730037,0.07638072701814402
416,6.383094622917037,0.2927937557997833,11.071537454365316,12.678989984468801,21.351972812085,9.601755353029652,18,41.0,147.10833333333338,9.179272805677293,0.07602811567453832
417,2.0804303076124184,0.05942949187395464,36.37698071117194,49.724762644373826,49.724762644373826,36.37698071117194,0,14.0,160.0062656641604,12.56775778206963,0.09387756208353107
418,2.8587901763434433,0.1186171151085769,30.126768282495128,24.59691200712565,31.094925049445948,24.59691200712565,0,14.0,156.03105590062114,10.699975459585048,0.0808570279212208
419,2.557852836423584,0.028773822933812563,38.205472423462695,49.855312882227885,49.855312882227885,38.205472423462695,0,14.0,159.05322128851543,8.80121957646106,0.08167332480382622
420,3.4389947088858532,0.07779082335326483,23.75508338425796,21.56157793308317,24.165852242114216,21.016563741806333,0,14.0,159.6611969111969,9.40748753673427,0.0771443155777037
421,3.4048324935483287,0.10431009399152028,22.447771426502644,27.48959422656555,27.48959422656555,22.027320042196358,0,14.0,157.08128078817734,8.373874933064979,0.07817590282324766
422,2.1239146429720943,0.07020063958908232,34.639500843207976,32.27886427791696,34.639500843207976,32.194270018260674,0,11.0,149.76339285714286,10.10323513507684,0.07188809303898479
423,4.179764991591661,0.07931752814669084,36.65427585433053,41.20067030901893,48.458281455235614,36.265023410361465,0,24.0,166.29252136752137,10.792211215082009,0.14927058371838206
424,5.268351111551038,0.1531714690584253,23.029444968916827,17.97376079122403,27.380875954762654,16.927456111745453,0,35.0,162.3294599018003,13.93818759491219,0.0973817063328695
425,10.808932357087944,0.3295133677786485,28.039779589976412,6.1525648100192525,28.039779589976412,5.019765294286564,24,47.0,151.5635024549918,11.042536373353489,0.08638543105431196
426,3.9907771228424167,0.059346282276317275,52.80081282305109,46.760745595301316,53.39460841988797,44.76761067483875,0,24.0,161.92909356725147,13.139222691869922,0.1616978735654686
427,11.302197521012564,0.27617306521836416,28.517984724157934,5.694898658911319,28.517984724157934,5.694898658911319,22,46.0,143.67076023391814,13.043748043590856,0.09800514627564166
428,3.2524131107333973,0.1233140831172272,39.578274983150074,36.552739089909394,42.39017183336861,34.167458675278425,0,38.0,158.10232843137254,8.677368874650105,0.08294582187760269
429,2.283901023764636,0.02969469909575673,24.55463219313391,25.403395717349238,25.807668695101892,22.605593085040073,0,15.0,156.13038793103448,8.25002423125402,0.07944839989702412
430,2.1239146429720943,0.07020063958908232,34.639500843207976,32.27886427791696,34.639500843207976,32.194270018260674,0,11.0,149.76339285714286,10.10323513507684,0.07188809303898479
431,5.921679513763559,0.1384587593440378,27.003054848202694,12.474371673906472,27.003054848202694,12.474371673906472,19,55.0,153.2244318181818,9.910332663228527,0.08006769433237756
432,6.206197436733441,0.06442280228889903,47.89836560500844,34.379120588220765,48.27136190337646,34.379120588220765,0,50.0,157.67624999999995,11.188683776612397,0.09806956113797057
433,4.31063688767077,0.05603340088702146,27.84152243951786,35.867160202547396,39.20927147443637,26.648118676015482,0,30.0,153.13038793103448,10.759143039298603,0.12510120920900095
434,7.910312008570057,0.3832379613452703,26.465257896628856,45.79047149973767,45.79047149973767,23.80767186990584,0,45.0,147.34444444444443,8.046608595091897,0.07691005154453874
435,6.383094622917037,0.2927937557997833,11.071537454365316,12.678989984468801,21.351972812085,9.601755353029652,18,41.0,147.10833333333338,9.179272805677293,0.07602811567453832
436,4.281417054555498,0.2846029022028553,26.495865984753745,8.48528137423857,26.495865984753745,8.48528137423857,9,28.0,168.33987119437936,11.846834465217517,0.18428236931507286
437,4.718815789640648,0.15337558333432344,34.12434673977986,35.157080217308945,39.44392362372661,23.97605527229158,0,38.0,154.52164775115594,10.871281147163018,0.12989879987128433
438,4.2010379941934985,0.11934360293253525,45.263709458514384,37.88947994604119,49.096657477206975,37.72968385534686,0,28.0,152.54344262295083,10.946610883332289,0.1281493109972368
439,5.593744158692403,0.08989112436695057,39.44104844177592,65.04121965708067,65.04121965708067,35.714295053361504,0,48.0,162.2617718869899,12.8819479977474,0.14380456966342384
440,7.224714218368801,0.3090653364672553,10.596522412045518,11.390077951530714,31.220619460783862,10.094921169196864,8,55.0,158.93318898855551,15.718249502784207,0.09510599570500454
441,4.319122123481511,0.12012220176406882,50.83615776773717,47.53958594476895,52.20153254455275,36.98123865605035,0,30.0,160.16676088185415,12.867783382744602,0.1416868117306206
442,5.28690670861223,0.05136094250411697,49.537811770947854,46.01478298976248,51.1525164323129,44.62579030197796,0,19.0,161.88055555555556,9.56169371858422,0.144040152382547
443,11.302197521012564,0.27617306521836416,28.517984724157934,5.694898658911319,28.517984724157934,5.694898658911319,22,46.0,143.67076023391814,13.043748043590856,0.09800514627564166
444,4.281417054555498,0.2846029022028553,26.495865984753745,8.48528137423857,26.495865984753745,8.48528137423857,9,28.0,168.33987119437936,11.846834465217517,0.18428236931507286
445,3.3923713520160423,0.05829040961481575,43.77793607031002,53.684850550129994,53.684850550129994,43.466444544869184,0,12.0,160.0746336996337,10.17149872175014,0.13236836385211778
446,5.592504771224768,0.3262587393346055,19.924858845171283,21.110642943086567,31.99634494536009,15.524174696260026,0,48.0,161.49306197964847,11.370047978809607,0.1361879020240402
447,5.10845995593171,0.1979531828741848,59.38215561064411,36.978989919697746,59.38215561064411,36.132206758382246,0,48.0,165.12320299022426,10.07756005595883,0.1324751896805231
448,5.593744158692403,0.08989112436695057,39.44104844177592,65.04121965708067,65.04121965708067,35.714295053361504,0,48.0,162.2617718869899,12.8819479977474,0.14380456966342384
449,5.756288058875161,0.055911676173324515,44.654227123532216,47.4236228055175,48.10405388322278,43.829214001622255,0,30.0,159.5432868672047,11.55306626033412,0.1791595862380439
450,4.552967479363703,0.10265277107357618,37.106447167113,43.24872888578621,43.24872888578621,31.73089811825969,0,34.0,163.46730462519938,12.374855310221314,0.10205716337692383
451,2.870028846880873,0.187943103561676,34.91995066955492,32.653304022752145,34.91995066955492,25.00212481389745,0,29.0,162.51426024955435,8.608317104612746,0.08985292609721901
452,5.921679513763559,0.1384587593440378,27.003054848202694,12.474371673906472,27.003054848202694,12.474371673906472,19,55.0,153.2244318181818,9.910332663228527,0.08006769433237756
453,6.404142145222088,0.09827967586986412,20.984389721349274,21.69721600993464,32.93307331641608,19.543078339699832,0,50.0,162.08818181818182,11.119632006575037,0.10497666535758683
454,3.962594652155461,0.16993497688971568,19.36887198508405,23.204061802329942,23.62318622597876,17.490360891016078,0,30.0,157.54231974921632,10.690091269261245,0.13200831342861724
455,7.224714218368801,0.3090653364672553,10.596522412045518,11.390077951530714,31.220619460783862,10.094921169196864,8,55.0,158.93318898855551,15.718249502784207,0.09510599570500454
456,4.1240689862330875,0.15709881491980862,27.727252022373506,36.66141160395832,36.66141160395832,26.447152942725896,0,29.0,167.91912280701754,13.653206423605184,0.12005903018251685
457,5.318374054539203,0.14761499932863278,31.780497164141412,31.590585746741056,37.969012363042616,28.03459281657683,0,42.0,163.94391304347823,11.7854241011206,0.10703849602020657
458,3.0031353505448566,0.10902766640869807,46.24268146365151,38.45612660920948,46.24268146365151,31.42635740725809,0,24.0,166.96607843137258,9.886668217996618,0.10785479290281197
459,5.777536396745335,0.2074643481427752,29.86966644344524,27.219881302653302,33.855246733940845,25.193679392322217,0,46.0,167.57405405405405,10.492936178269824,0.10332578367668946
460,6.206197436733441,0.06442280228889903,47.89836560500844,34.379120588220765,48.27136190337646,34.379120588220765,0,50.0,157.67624999999995,11.188683776612397,0.09806956113797057
461,6.404142145222088,0.09827967586986412,20.984389721349274,21.69721600993464,32.93307331641608,19.543078339699832,0,50.0,162.08818181818182,11.119632006575037,0.10497666535758683
462,3.5544468000324017,0.18252942633489336,23.021728866442675,14.597746030133813,23.50955525735188,14.597746030133813,2,30.0,161.99413793103446,11.968442382645113,0.15001018023421026
463,5.988844852729333,0.2277150173317809,30.568664643886066,27.982320989265023,30.568664643886066,26.54611662246517,0,16.0,161.44680851063828,13.053469904964947,0.09295884962279136
464,10.808932357087944,0.3295133677786485,28.039779589976412,6.1525648100192525,28.039779589976412,5.019765294286564,24,47.0,151.5635024549918,11.042536373353489,0.08638543105431196
465,3.9195773963301823,0.15572915553195707,48.82622246293481,39.695856927877934,48.82622246293481,39.695856927877934,0,20.0,163.373260738052,13.223665686291394,0.1470906782535472
466,4.952352364801478,0.14280860228970682,37.44329045369811,31.964428718152043,39.373618646302226,31.964428718152043,0,30.0,159.3980509745127,11.35588336380681,0.13407014409123694
467,3.6819352801183927,0.03826568493366725,57.187770339846146,41.78623091669519,57.187770339846146,41.08627979589638,0,15.0,162.42021636240705,9.457127480682823,0.1348864409738424
468,4.73553520272409,0.06509372711142443,53.59304248842469,36.14742810280155,54.069865246517345,36.14742810280155,0,30.0,163.02819198508854,10.063395440956034,0.13035743174771985
469,4.31063688767077,0.05603340088702146,27.84152243951786,35.867160202547396,39.20927147443637,26.648118676015482,0,30.0,153.13038793103448,10.759143039298603,0.12510120920900095
470,4.319122123481511,0.12012220176406882,50.83615776773717,47.53958594476895,52.20153254455275,36.98123865605035,0,30.0,160.16676088185415,12.867783382744602,0.1416868117306206
471,5.756288058875161,0.055911676173324515,44.654227123532216,47.4236228055175,48.10405388322278,43.829214001622255,0,30.0,159.5432868672047,11.55306626033412,0.1791595862380439
472,3.962594652155461,0.16993497688971568,19.36887198508405,23.204061802329942,23.62318622597876,17.490360891016078,0,30.0,157.54231974921632,10.690091269261245,0.13200831342861724
473,3.5544468000324017,0.18252942633489336,23.021728866442675,14.597746030133813,23.50955525735188,14.597746030133813,2,30.0,161.99413793103446,11.968442382645113,0.15001018023421026
474,4.718815789640648,0.15337558333432344,34.12434673977986,35.157080217308945,39.44392362372661,23.97605527229158,0,38.0,154.52164775115594,10.871281147163018,0.12989879987128433
475,3.3923713520160423,0.05829040961481575,43.77793607031002,53.684850550129994,53.684850550129994,43.466444544869184,0,12.0,160.0746336996337,10.17149872175014,0.13236836385211778
476,4.194227921669146,0.2372270921114797,13.99550282364896,15.603426185234134,19.801428285957005,9.84709660831703,19,30.0,144.27820512820512,9.271275139864914,0.07623530553428176
477,4.2010379941934985,0.11934360293253525,45.263709458514384,37.88947994604119,49.096657477206975,37.72968385534686,0,28.0,152.54344262295083,10.946610883332289,0.1281493109972368
478,4.194227921669146,0.2372270921114797,13.99550282364896,15.603426185234134,19.801428285957005,9.84709660831703,19,30.0,144.27820512820512,9.271275139864914,0.07623530553428176
479,3.70142140896562,0.12742163377694307,34.63538377297857,38.44235535901112,38.44235535901112,32.15432112324958,0,10.0,154.91516516516515,8.989172515442363,0.0762129763745491
480,5.6308643071016125,0.19496866323019496,60.51886276733536,38.4085228317176,74.58721971904401,20.66366375206002,0,44.0,233.34115087040615,13.135082457259884,0.12462749826146526
481,5.6308643071016125,0.19496866323019496,60.51886276733536,38.4085228317176,74.58721971904401,20.66366375206002,0,44.0,233.34115087040615,13.135082457259884,0.12462749826146526
482,4.826497255111309,0.3309969871504413,32.14125836981544,45.336566471561575,45.336566471561575,31.574317201500282,0,24.0,219.5530303030303,11.947840740077293,0.07806180921616332
483,2.2051949221085896,0.18202637353638146,66.37919580438243,36.760369927624005,66.37919580438243,22.721146330799193,0,21.0,212.68452380952382,10.405693529520072,0.07310051278889579
484,9.182341282819726,0.15048225401603196,28.25860196775012,24.26497678378784,47.25628999935189,18.094573291741934,0,39.0,222.34382284382286,10.19222618881584,0.07019584191086818
485,8.053041066405267,0.1702897990182244,41.725747021872046,34.633227184499326,47.816946332749474,22.346471690025183,0,39.0,206.32274247491642,11.954997859139466,0.06320091481273457
486,10.990138471073363,0.5538003494256694,16.522599160246727,29.98143860118057,29.98143860118057,9.834689795602868,6,38.0,207.70156695156697,11.046349886121213,0.0801156021025222
487,9.182341282819726,0.15048225401603196,28.25860196775012,24.26497678378784,47.25628999935189,18.094573291741934,0,39.0,222.34382284382286,10.19222618881584,0.07019584191086818
488,6.436860518286604,0.09125539636350044,35.966034754282646,55.3226983346695,55.3226983346695,35.966034754282646,0,16.0,218.32859848484853,12.108362122494118,0.06695517402869211
489,16.446359225885875,0.6478762903887636,23.736009882694322,43.72914814444401,45.07322396054214,10.199104074688108,4,54.0,208.3274410774411,12.139496470699713,0.08034901967741702
490,8.393968497047618,0.25147079262118666,20.370743131831276,27.983902546201172,31.888326397944144,20.312096577632047,0,24.0,214.15151515151518,11.691595807963068,0.11455241432610665
491,8.512354399877454,0.09820876011749033,52.34669123351953,22.028887814063253,52.34669123351953,18.64506879347046,0,16.0,213.69375,12.808327701770502,0.0627918038454866
492,11.219899331169039,0.19427094635361755,37.717176846110796,26.835063201954004,40.123825175148845,26.835063201954004,0,15.0,208.81666666666663,11.869710521070376,0.10693815418733044
493,6.436860518286604,0.09125539636350044,35.966034754282646,55.3226983346695,55.3226983346695,35.966034754282646,0,16.0,218.32859848484853,12.108362122494118,0.06695517402869211
494,8.512354399877454,0.09820876011749033,52.34669123351953,22.028887814063253,52.34669123351953,18.64506879347046,0,16.0,213.69375,12.808327701770502,0.0627918038454866
495,5.985757373753989,0.15922061454628333,19.604239256700737,31.29993004538717,33.257157757060774,11.130463462927377,4,15.0,209.51041666666669,12.514585157062845,0.11107832886903574
496,6.764687218667791,0.5312167253932211,20.560297473402226,16.876921656128527,20.560297473402226,10.196947303680377,7,15.0,208.81041666666667,11.992734290893777,0.10762743891346503
497,4.826497255111309,0.3309969871504413,32.14125836981544,45.336566471561575,45.336566471561575,31.574317201500282,0,24.0,219.5530303030303,11.947840740077293,0.07806180921616332
498,2.2051949221085896,0.18202637353638146,66.37919580438243,36.760369927624005,66.37919580438243,22.721146330799193,0,21.0,212.68452380952382,10.405693529520072,0.07310051278889579
499,8.053041066405267,0.1702897990182244,41.725747021872046,34.633227184499326,47.816946332749474,22.346471690025183,0,39.0,206.32274247491642,11.954997859139466,0.06320091481273457
500,16.61555907627777,0.3067050511334194,21.397646935139345,13.038404810405297,50.12644144473187,13.038404810405297,1,54.0,192.30636070853458,13.90226814102334,0.07335409257928344
501,10.990138471073363,0.5538003494256694,16.522599160246727,29.98143860118057,29.98143860118057,9.834689795602868,6,38.0,207.70156695156697,11.046349886121213,0.0801156021025222
502,16.446359225885875,0.6478762903887636,23.736009882694322,43.72914814444401,45.07322396054214,10.199104074688108,4,54.0,208.3274410774411,12.139496470699713,0.08034901967741702
503,16.61555907627777,0.3067050511334194,21.397646935139345,13.038404810405297,50.12644144473187,13.038404810405297,1,54.0,192.30636070853458,13.90226814102334,0.07335409257928344
504,8.393968497047618,0.25147079262118666,20.370743131831276,27.983902546201172,31.888326397944144,20.312096577632047,0,24.0,214.15151515151518,11.691595807963068,0.11455241432610665
505,5.985757373753989,0.15922061454628333,19.604239256700737,31.29993004538717,33.257157757060774,11.130463462927377,4,15.0,209.51041666666669,12.514585157062845,0.11107832886903574
506,9.072459633942929,0.10909679365087163,38.275318418009284,37.8549864614954,38.275318418009284,20.02498439450079,0,15.0,204.63333333333333,11.575967976362724,0.15522467921087954
507,11.219899331169039,0.19427094635361755,37.717176846110796,26.835063201954004,40.123825175148845,26.835063201954004,0,15.0,208.81666666666663,11.869710521070376,0.10693815418733044
508,6.764687218667791,0.5312167253932211,20.560297473402226,16.876921656128527,20.560297473402226,10.196947303680377,7,15.0,208.81041666666667,11.992734290893777,0.10762743891346503
509,9.072459633942929,0.10909679365087163,38.275318418009284,37.8549864614954,38.275318418009284,20.02498439450079,0,15.0,204.63333333333333,11.575967976362724,0.15522467921087954
510,6.259268312571469,0.21389521178788304,17.933643892432137,30.479501308256346,38.89730067755345,13.022538223119273,3,20.0,183.9841935483871,13.526246829737566,0.10578605605512656
511,7.3652288459146265,0.11767876497866785,30.118762051891146,40.36087214122113,42.20189569201838,28.454685740971232,0,15.0,180.35473684210527,12.236517997987663,0.11216377473950627
512,6.259268312571469,0.21389521178788304,17.933643892432137,30.479501308256346,38.89730067755345,13.022538223119273,3,20.0,183.9841935483871,13.526246829737566,0.10578605605512656
513,11.621933915222005,0.21292196394498272,60.460426741886046,7.6157731058639095,65.77707182259388,7.6157731058639095,4,58.0,178.41893039049236,12.45416649197907,0.08987329510785833
514,12.105178764044433,0.6022680074298455,17.973439770633806,6.685953561390566,18.10845427299917,4.062193337803282,15,22.0,196.9597402597403,10.652623854258684,0.045792745826239364
515,16.218928660078426,0.3174937539119494,61.90513620021261,19.301816472406138,61.90513620021261,16.637599581006533,0,43.0,205.04800664451827,10.352172808585257,0.05582957488380612
516,7.3652288459146265,0.11767876497866785,30.118762051891146,40.36087214122113,42.20189569201838,28.454685740971232,0,15.0,180.35473684210527,12.236517997987663,0.11216377473950627
517,11.621933915222005,0.21292196394498272,60.460426741886046,7.6157731058639095,65.77707182259388,7.6157731058639095,4,58.0,178.41893039049236,12.45416649197907,0.08987329510785833
518,10.825154372728989,0.18190287224302834,33.32343428032228,42.97903103668492,52.87633015229153,33.296278595154355,0,29.0,183.31519138755985,10.071455027808664,0.07352008760409283
519,7.889511143248852,0.17980078733850052,47.79218511703982,57.153231206113034,59.1089876978055,41.66376391452528,0,19.0,175.59170653907498,13.545349863972547,0.06798908509055249
520,5.738555671137536,0.20959425062099005,51.03900754726281,39.687022273721865,51.03900754726281,30.46582572049633,0,15.0,180.5671506352087,12.003510568825062,0.11611073251427168
521,5.795766480018764,0.04437609031869375,50.35871324805669,53.60037313302959,53.60037313302959,45.39823785126467,0,12.0,199.1712779973649,11.327458701404636,0.14864329591339015
522,5.544979248995876,0.08227111802619289,53.851648071345046,39.6232255123179,56.08029957123981,39.6232255123179,0,13.0,203.6677814938685,11.086478036773183,0.14902386697477155
523,9.711544290434071,0.204589658096742,23.427009030456748,22.09072203437452,36.71511950137164,18.60107523773827,0,23.0,227.15942028985503,11.368996106558994,0.17502578018717296
524,12.105178764044433,0.6022680074298455,17.973439770633806,6.685953561390566,18.10845427299917,4.062193337803282,15,22.0,196.9597402597403,10.652623854258684,0.045792745826239364
525,5.795766480018764,0.04437609031869375,50.35871324805669,53.60037313302959,53.60037313302959,45.39823785126467,0,12.0,199.1712779973649,11.327458701404636,0.14864329591339015
526,10.825154372728989,0.18190287224302834,33.32343428032228,42.97903103668492,52.87633015229153,33.296278595154355,0,29.0,183.31519138755985,10.071455027808664,0.07352008760409283
527,11.066098861638922,0.3324270091971609,15.401374418039598,14.606675059853272,25.05201314194252,14.606675059853272,1,34.0,184.11742424242425,12.452367231552042,0.04525815890240725
528,9.760868660752005,0.19587814747201332,44.258605599110545,34.54738191984832,46.09666977088544,34.41450794350002,0,30.0,189.09286833855802,10.910527936404554,0.09337980632612644
529,9.894697180292797,0.12300495109179466,42.402309365340926,33.24546616386897,53.6577293269832,33.24546616386897,0,24.0,188.1496212121212,11.280617672124164,0.08782841648280061
530,16.218928660078426,0.3174937539119494,61.90513620021261,19.301816472406138,61.90513620021261,16.637599581006533,0,43.0,205.04800664451827,10.352172808585257,0.05582957488380612
531,7.889511143248852,0.17980078733850052,47.79218511703982,57.153231206113034,59.1089876978055,41.66376391452528,0,19.0,175.59170653907498,13.545349863972547,0.06798908509055249
532,11.066098861638922,0.3324270091971609,15.401374418039598,14.606675059853272,25.05201314194252,14.606675059853272,1,34.0,184.11742424242425,12.452367231552042,0.04525815890240725
533,8.729424595409332,0.14442396325118392,33.0958389499306,26.96002346705185,33.0958389499306,20.673229561999875,0,30.0,181.36938349007318,14.384422772568435,0.08784880381258613
534,8.176050959229789,0.11636219624158102,38.383572905960285,39.71604379882044,57.22039400026323,37.43934478490152,0,24.0,180.4261363636364,14.754512508288048,0.0822974139692603
535,14.081311491950364,0.05245445477132425,31.144823004794873,35.4682957019364,38.01315561749642,29.0,0,17.0,160.703125,10.998423948893736,0.1542502706388069
536,13.435551016290471,0.015154724820436491,38.383085890043,47.1791859341648,47.1791859341648,36.811537563344594,0,12.0,163.528125,14.964349540052064,0.10337645109283244
537,5.544979248995876,0.08227111802619289,53.851648071345046,39.6232255123179,56.08029957123981,39.6232255123179,0,13.0,203.6677814938685,11.086478036773183,0.14902386697477155
538,6.103960462956271,0.13508266253061935,38.80721582386451,42.36744032862972,45.32107677449864,37.17526059088221,0,11.0,186.44164456233418,11.968311748080694,0.13277964873202142
539,5.738555671137536,0.20959425062099005,51.03900754726281,39.687022273721865,51.03900754726281,30.46582572049633,0,15.0,180.5671506352087,12.003510568825062,0.11611073251427168
540,9.760868660752005,0.19587814747201332,44.258605599110545,34.54738191984832,46.09666977088544,34.41450794350002,0,30.0,189.09286833855802,10.910527936404554,0.09337980632612644
541,8.729424595409332,0.14442396325118392,33.0958389499306,26.96002346705185,33.0958389499306,20.673229561999875,0,30.0,181.36938349007318,14.384422772568435,0.08784880381258613
542,6.103960462956271,0.13508266253061935,38.80721582386451,42.36744032862972,45.32107677449864,37.17526059088221,0,11.0,186.44164456233418,11.968311748080694,0.13277964873202142
543,7.418554277836172,0.14115300019687416,39.084409443570976,42.30839160261236,44.0347984874025,33.19638534539566,0,23.0,209.93328335832084,12.250829817866506,0.1587815619444228
544,7.976970497386526,0.11915251300778748,25.71181116891571,26.683328128252672,45.17742799230607,19.38970760342448,0,24.0,185.4015804597701,13.212673213140562,0.13041906139297949
545,7.150698020994161,0.16631417274916033,46.76845893006414,38.84584919911006,53.87932049138736,36.37306695894642,0,19.0,196.22796934865897,11.946654955770226,0.13878346081626175
546,4.954668688421247,0.2310112397840325,34.749157634756486,38.84584919911006,49.92961247980434,25.189047204735356,0,11.0,190.4501915708812,13.643602880567233,0.12072110141687503
547,9.711544290434071,0.204589658096742,23.427009030456748,22.09072203437452,36.71511950137164,18.60107523773827,0,23.0,227.15942028985503,11.368996106558994,0.17502578018717296
548,7.418554277836172,0.14115300019687416,39.084409443570976,42.30839160261236,44.0347984874025,33.19638534539566,0,23.0,209.93328335832084,12.250829817866506,0.1587815619444228
549,6.766028861461276,0.1757595739817545,33.20997952930704,16.031219541881402,33.20997952930704,15.811388300841895,0,14.0,219.8164251207729,11.354901296215779,0.16159457152437925
550,9.894697180292797,0.12300495109179466,42.402309365340926,33.24546616386897,53.6577293269832,33.24546616386897,0,24.0,188.1496212121212,11.280617672124164,0.08782841648280061
551,8.176050959229789,0.11636219624158102,38.383572905960285,39.71604379882044,57.22039400026323,37.43934478490152,0,24.0,180.4261363636364,14.754512508288048,0.0822974139692603
552,7.976970497386526,0.11915251300778748,25.71181116891571,26.683328128252672,45.17742799230607,19.38970760342448,0,24.0,185.4015804597701,13.212673213140562,0.13041906139297949
553,7.150698020994161,0.16631417274916033,46.76845893006414,38.84584919911006,53.87932049138736,36.37306695894642,0,19.0,196.22796934865897,11.946654955770226,0.13878346081626175
554,6.766028861461276,0.1757595739817545,33.20997952930704,16.031219541881402,33.20997952930704,15.811388300841895,0,14.0,219.8164251207729,11.354901296215779,0.16159457152437925
555,7.725319123217861,0.10968147448471856,39.05124837953327,26.0768096208106,39.11521443121589,24.738633753705958,0,11.0,218.55555555555557,11.040247906141131,0.15505469011514386
556,5.430446779706931,0.6710920597749913,13.325573366505711,9.486832980505136,16.333798410896236,9.219544457292887,3,11.0,200.3333333333333,12.747674358916509,0.12353411099683145
557,14.081311491950364,0.05245445477132425,31.144823004794873,35.4682957019364,38.01315561749642,29.0,0,17.0,160.703125,10.998423948893736,0.1542502706388069
558,13.754058875301073,0.07780317394784582,22.58883506032454,29.647552942862976,30.774137157561164,22.58883506032454,0,14.0,158.73214285714286,15.004557136181715,0.10176216636036174
559,13.907061136845007,0.14620977535145316,17.03241314564087,21.252238405360025,24.16586764325745,17.03241314564087,0,12.0,158.075,14.975039862737491,0.09463147254261273
560,13.754058875301073,0.07780317394784582,22.58883506032454,29.647552942862976,30.774137157561164,22.58883506032454,0,14.0,158.73214285714286,15.004557136181715,0.10176216636036174
561,15.127212691867971,0.10736756280297656,24.991426966794947,20.56785532614788,24.991426966794947,20.56785532614788,0,12.0,161.55714285714288,18.97048272734005,0.05088834681438728
562,13.435551016290471,0.015154724820436491,38.383085890043,47.1791859341648,47.1791859341648,36.811537563344594,0,12.0,163.528125,14.964349540052064,0.10337645109283244
563,13.907061136845007,0.14620977535145316,17.03241314564087,21.252238405360025,24.16586764325745,17.03241314564087,0,12.0,158.075,14.975039862737491,0.09463147254261273
564,15.127212691867971,0.10736756280297656,24.991426966794947,20.56785532614788,24.991426966794947,20.56785532614788,0,12.0,161.55714285714288,18.97048272734005,0.05088834681438728
565,7.725319123217861,0.10968147448471856,39.05124837953327,26.0768096208106,39.11521443121589,24.738633753705958,0,11.0,218.55555555555557,11.040247906141131,0.15505469011514386
566,6.948636797262296,0.15310506537711452,48.89098112237463,29.8328677803526,52.93038376225218,29.8328677803526,0,11.0,212.77777777777774,12.737195830938134,0.13699233071575712
567,4.954668688421247,0.2310112397840325,34.749157634756486,38.84584919911006,49.92961247980434,25.189047204735356,0,11.0,190.4501915708812,13.643602880567233,0.12072110141687503
568,5.430446779706931,0.6710920597749913,13.325573366505711,9.486832980505136,16.333798410896236,9.219544457292887,3,11.0,200.3333333333333,12.747674358916509,0.12353411099683145
569,6.948636797262296,0.15310506537711452,48.89098112237463,29.8328677803526,52.93038376225218,29.8328677803526,0,11.0,212.77777777777774,12.737195830938134,0.13699233071575712
