,center_stdev,normal_stdev,sl_f,sl_i,sl_max,sl_min,t_cong,t_overlap,intensity_normalized,diameter,contrast_normalized
3318,4.85277015814763,0.129645719233451,26.3592113481513,36.4536470779908,44.087366526404,26.3592113481513,7,7.0,0.121235403523753,10.010093596555699,0.503001577355101
804,4.90872974864526,0.0795397057463611,54.2431930675547,51.03182188258229,55.15805827813661,46.4051638523415,10,10.0,0.110831600391716,9.32923681738046,0.196769867789196
2831,4.385092518306241,0.0823178668755126,54.28195035194679,43.6261063500096,54.28195035194679,43.6261063500096,9,9.0,0.040802429559768094,8.93930980362185,0.396598761523086
2171,1.69871010332036,0.0585511258527643,60.719616331728496,55.568041957052095,60.749147281259205,53.610394427463206,7,7.0,0.0568559380272244,9.40212899062641,0.152660230314614
1054,1.95165358205116,0.139988516785557,31.0840405911622,36.333912970949896,38.6848357883787,31.0840405911622,5,6.0,0.0623335429281133,9.48967766541739,0.281126982850256
2282,2.21045801037156,0.12118714228781,59.3326350549231,53.411585533170395,59.4301248728127,53.411585533170395,5,5.0,0.099316437390256,9.38175604948255,0.352188938725193
259,1.29778817428569,0.0250640608269948,75.8051878594062,76.9748104894268,79.6529127631156,75.0336864613462,4,11.0,0.0507490318231158,11.1933608058674,0.439699944166141
315,1.4169315122084098,0.0109073950235827,6.0993539009008595,6.1844916851005,7.60096491698502,5.42535683700308,6,6.0,0.992903805892459,14.0608486394061,0.313272763393685
800,3.55928286056889,0.0541172632196634,80.04737016115591,71.2965325212927,80.0896591563057,71.2965325212927,3,6.0,0.21953079487627,8.16766056986843,0.493781243499318
1204,2.27043028182857,0.0586254793452101,69.2964645562817,70.73308254277929,78.8034620975079,69.2964645562817,9,13.0,0.104745903703823,10.1434732020974,0.26076689822495
3029,5.6188052946101,0.246550187695177,16.4579875593749,32.6179842037625,32.6179842037625,16.4579875593749,5,5.0,0.0611238485455349,7.60344516885911,0.454257882855232
209,4.19613643419313,0.0615251884878615,39.3896065164382,60.85320215721129,62.0003274484395,39.3896065164382,12,12.0,0.0669130255518761,10.7464773350441,0.39715015537783693
2846,3.06409033457017,0.0779867038452076,53.2634959423431,63.5119836856613,64.32231430642861,53.2634959423431,3,6.0,0.0405092064454155,8.27698962721542,0.549518940116934
2508,3.31527848431643,0.122870090814112,54.0092584655631,58.5234995535981,61.0737259384099,54.0092584655631,8,8.0,0.0716516632034053,8.201286512925,0.553370160185682
1205,2.75035283502711,0.0858894599895015,46.5928854801585,35.4780859834947,46.5928854801585,35.4780859834947,9,13.0,0.107287621114409,10.2485463568309,0.22520211589541
2701,4.19386464974552,0.0911652786176707,44.0316834340202,60.5766865847005,60.64607484388989,44.0316834340202,6,6.0,0.189998644821248,7.74153217075394,0.684737792803255
2578,2.71834951195341,0.109643889904832,58.6685605754905,77.987178433381,77.987178433381,58.6685605754905,9,9.0,0.0787890110836371,9.27915581408729,0.49315499043719
699,2.6969175643988,0.385719439310648,23.2547700658443,14.9509156679023,27.0812116656792,14.9509156679023,4,7.0,0.0872757940576022,10.8279183085396,0.186101050377114
3484,3.6944786054797696,0.104430245181328,85.2363433606793,89.7985916477779,89.7985916477779,82.7475143771817,6,6.0,0.0784369764262351,8.28791160608791,0.347896061455453
3369,3.79263295744854,0.051710639250962,72.0624728967859,90.3154717909382,90.3154717909382,72.0624728967859,13,13.0,0.0936958892018377,8.3243492866967,0.469127517048189
63,5.23548641671659,0.126825246685026,76.0591874792257,50.9641874827631,76.0591874792257,50.9641874827631,15,15.0,0.0601240993937444,9.09755166937687,0.664741395819241
1525,2.2295481313263,0.0777331555236584,77.2334124585985,83.31356702750179,83.31356702750179,77.2334124585985,5,9.0,0.124547173579102,10.0144867655459,0.428945038373624
379,2.47999821874724,0.130874570780751,32.3215284749792,42.6260654966598,42.6260654966598,32.3215284749792,9,9.0,0.0778629379308318,8.89478817885488,0.163509856675878
2375,2.11769137073255,0.0560783054709386,74.8713261160172,84.3807619159508,84.3807619159508,74.8713261160172,3,6.0,0.063964591533837,9.41894948483316,0.125354732600782
483,2.28885963565431,0.0454807282493804,50.570522880778206,45.643385534512994,50.570522880778206,41.4559637380315,6,6.0,0.0822957655859432,10.281469712678199,0.179453502431357
728,2.20055707406365,0.177103887946363,27.9842113415477,24.804086109897,31.383273207336696,24.804086109897,4,7.0,0.12240166505899,10.579320682430401,0.243777579365542
1543,2.02072594216369,0.024468119705345,85.90692637965809,88.4646822183859,88.4646822183859,80.8949936646267,6,7.0,0.108668613356343,10.5191426213383,0.414803435786137
3348,4.5961212910935405,0.0743122535716894,67.1023019967371,62.110504233434895,67.1023019967371,62.110504233434895,7,7.0,0.0677874234856462,8.72821259723816,0.34186286055526
1216,1.57622701739133,0.07840359999152,48.075053831059506,52.053471008893005,52.053471008893005,47.587962175848,5,5.0,0.109421576373564,11.285397907336801,0.165750330485374
352,1.49153238564569,0.0227950738256696,63.801880028073796,66.5870933981748,70.40563237791841,63.801880028073796,8,8.0,0.0115505425428669,6.722284255717679,0.384272008534029
1247,2.15530306384387,0.0175220390197487,68.0773320725198,63.4291792969871,70.2219158729101,63.4291792969871,7,7.0,0.0902248516435367,10.775336438285901,0.0624938127039927
1502,2.5207177334294797,0.148899930199328,33.0105241471019,38.746777846744095,38.746777846744095,29.9409518345405,5,5.0,0.147242308789633,7.53667235175013,0.661010722994823
2411,4.004946549189831,0.100900830352315,50.147844629769494,47.4166441352954,50.147844629769494,47.4166441352954,5,5.0,0.07007800334492,9.21114719122503,0.353102587957576
2547,3.16945611860774,0.0728458136551576,29.427877939124304,37.8359047230334,37.8359047230334,29.427877939124304,7,7.0,0.0778375660636317,8.30432024256702,0.576257952941208
2364,3.6873675222142,0.104779983313369,56.24300059916389,58.3480122266514,65.60238392420901,56.24300059916389,7,7.0,0.212854236180941,9.46713906216549,0.509787943021044
808,4.29278402910547,0.111667030522016,38.8143579814636,30.074418260648304,38.8143579814636,30.074418260648304,8,8.0,0.116144649894735,9.64934360969966,0.205988570789147
3315,3.43237668035715,0.271364592716253,61.400325732035,45.8625540337761,63.17949365542629,44.1636107984755,10,13.0,0.120639617713607,10.081691075778698,0.469337407382565
1684,3.27279246794452,0.0589904253287085,78.3473117653977,77.7620255606925,85.9087098793936,77.7620255606925,7,7.0,0.201620563166348,9.1557383453121,0.562178123979358
2142,2.09105175815271,0.0610527688246606,43.472308621089894,39.4359216355012,43.472308621089894,38.0865693425047,6,7.0,0.120969740303881,11.151633132174899,0.165520398341603
52,5.672732275358849,0.142445257611952,52.5326430142321,42.1448575208203,52.5326430142321,42.1448575208203,7,7.0,0.0936496761580089,9.281404630728401,0.452622754144535
49,2.77879292463901,0.0959763314803923,81.180636742033,69.2964645562817,81.180636742033,66.4830805543787,5,5.0,0.0902136004286175,8.3251392794858,0.580179249107875
1141,2.5317260838558195,0.0564114987762197,66.3544464550776,65.9735989372476,66.3544464550776,58.0560499560083,6,6.0,0.158147021985588,8.81474938905204,0.396767110068545
2990,2.83575648792814,0.0879421194220434,79.1169612750545,89.18315954022471,89.18315954022471,79.1169612750545,7,7.0,0.0662601414233741,9.334065265009919,0.381302801304119
2356,1.78037616207156,0.2183423367013,11.6309259425934,18.0189655728244,18.0189655728244,11.326386351731601,3,5.0,0.100676777234335,10.4836434042529,0.275652616045912
454,2.97028321988785,0.050802687848666,64.8813900292733,66.9180780605345,69.51189294875961,64.8813900292733,5,5.0,0.0678119473626324,8.52501157653168,0.178374321930697
2317,1.26612015573416,0.0337658217297644,60.29925372672529,64.3549150321779,67.2166953736936,60.29925372672529,7,7.0,0.121150144164817,8.81874522866695,0.463834948973728
2332,5.513079195292491,0.0373872484534093,74.02897527742371,71.50636057535509,74.02897527742371,57.973693107934196,12,12.0,0.150585819025503,11.834973384094699,0.426809729466282
3640,4.56301965892679,0.0617109081767336,70.69619425795179,77.3533948142861,77.7959698114411,70.69619425795179,5,8.0,0.0714945992635949,10.582301792012698,0.168156480269418
918,3.31173798805316,0.0595201247195385,53.6703336720966,49.8276413121932,53.6703336720966,49.4774118079179,3,6.0,0.0790607828149925,7.36078385390216,0.33401396590024
3585,8.01920174131811,0.0575208330137673,63.587045659430196,49.648766349225596,63.587045659430196,49.648766349225596,12,12.0,0.119411749083622,9.21402488614185,0.485755610590726
93,1.50554530541816,0.037127714367975295,61.8465843842649,62.60990336999411,66.1891229734917,61.8465843842649,6,6.0,0.057288793234128,7.401019885919629,0.74628138456577
3520,2.3844912553008903,0.0341205616857319,66.1914850607104,69.2962707359586,70.0620502654833,66.1914850607104,6,6.0,0.0841488180296681,9.787318128788199,0.393260151051469
1885,1.5090186346008603,0.0469696579933751,69.40077071250201,75.82804957570791,75.82804957570791,69.40077071250201,5,5.0,0.0742401977498965,8.21366958804408,0.359003209250764
255,1.83537275558292,0.0731521721180267,44.8808126270093,48.221668815402204,49.6078645828586,44.8808126270093,8,8.0,0.0609744228853417,9.82859450954383,0.486169316400828
556,3.61565180543832,0.23183050717575,9.245139772300499,15.033296378372901,15.033296378372901,8.64604383192111,6,6.0,0.115804753052423,10.1243279314861,0.283452724552527
3704,2.07469416389798,0.101380867832597,24.525201030517,26.7463659920018,27.8156036591268,19.546147772906398,6,6.0,0.108587362972095,8.55072693489927,0.486791035488879
2127,2.82217643167773,0.0798992158101953,34.2990098269659,48.1579152380572,48.1579152380572,32.4737748642059,9,9.0,0.0755178524910468,7.87016476843938,0.301750730320576
2968,1.99332947793331,0.0485712423574855,58.694122363316794,74.22382991492991,74.22382991492991,55.9732078766261,5,5.0,0.0670454611224263,8.55790139457547,0.396246830961027
3583,4.245694276536891,0.114399916718608,49.0044695491759,58.8441273377636,62.649820430708296,44.547883337610905,10,10.0,0.120876974414431,8.5250143405743,0.472171298316358
491,2.77765315762002,0.047250265712351,56.94927013509211,48.1857932738308,56.94927013509211,43.3955312689974,7,7.0,0.101921811003371,10.5163793036317,0.250995424496753
1415,2.5484319678001,0.0972207096034879,52.086466572421706,49.010203019371396,52.086466572421706,43.9317652729776,12,15.0,0.0237315155764498,10.008990735762499,0.350734717412137
3173,2.7704273871281,0.112316488366951,61.13100686231171,69.166950954976,69.166950954976,61.13100686231171,5,5.0,0.121333668024033,10.1264242955685,0.49204372118129797
3069,2.52087475454167,0.153711733824325,47.1173844601647,39.1464672462443,47.1173844601647,38.0500659104559,6,6.0,0.0382701391650026,8.4449103566616,0.39619355712915
1290,3.43466768595132,0.194057543857862,30.8970650242316,31.486666955578798,34.0537245472544,25.315586305011703,8,8.0,0.130259303499208,10.052717340698699,0.317962696371303
1048,3.2844536904531605,0.0485050332505131,74.05904711354191,76.35143000410142,77.8090295255074,63.9252068883329,6,8.0,0.0919744533192134,8.98348918235611,0.258266448802458
1752,4.88355040905683,0.147782471807996,85.2147366020577,100.658829735758,100.658829735758,79.9302326291526,13,13.0,0.120750176068495,6.96415763054827,0.658885532421653
102,2.11724111219965,0.0371494152827292,74.18270372531201,77.3033370300389,77.5047310469636,71.1932402829985,15,15.0,0.0492342012391275,8.59907366115579,0.438399387594924
557,3.18939642707684,0.0433608355966215,66.1765439472007,64.77653896280661,66.4560687646848,62.3698645180507,6,6.0,0.115748785698305,10.216704798377698,0.38047279017502095
189,2.66126068103365,0.0554145181763784,70.8744277492595,55.5834335745621,70.8744277492595,54.72856313572821,9,9.0,0.212744781455807,7.5798171343306695,0.767626175367683
3283,2.70401302493966,0.05297217839693889,94.19651487748091,86.70870652181931,95.5782565743837,81.98278310990109,11,11.0,0.0953477789841902,9.00471492648737,0.466567123931653
1113,1.80387843690099,0.0397074901824478,57.756829537947,59.4026636309453,62.195558731332,57.756829537947,8,8.0,0.0873078077072016,10.0213445433047,0.0958433008018888
3014,1.72240142436851,0.0376294688009434,67.47592163134941,66.4003012041361,67.47592163134941,56.72741841473129,6,6.0,0.0648820563745566,8.11204180365041,0.503763804378268
1352,2.2088793331989502,0.0550760363646783,48.9000542113936,46.8521498416542,48.9000542113936,40.6497236246285,7,7.0,0.119911649798117,7.701563343137639,0.387743246884551
2665,1.17260393995586,0.032368887460017,52.8015151297763,47.63402145525821,53.150729063673204,47.63402145525821,5,5.0,0.0617258537581928,8.45186057546782,0.61424700330726
2539,2.43470281097669,0.103110770511125,35.5105618091294,45.6070170039655,45.6070170039655,35.5105618091294,10,10.0,0.0861064882374977,7.66247426403229,0.616184200976972
1157,2.20422618128588,0.0671464253213701,48.2383303207374,46.8270417866092,49.06345581756829,42.6434572247394,8,8.0,0.143457822955297,8.73655629126787,0.457333568773737
2744,2.1172113828940002,0.102498998074373,30.0166620396073,33.734255586866,34.440455889204806,30.0166620396073,5,5.0,0.0917392349670454,7.90622568176143,0.639719407945256
1372,1.61399169280619,0.0418746547385777,67.3662684780032,66.9323629996678,71.7787005649967,66.3195937803479,7,7.0,0.105458166017411,8.329898297635209,0.200949921959516
618,5.700492900589629,0.343587823013271,7.639120784311451,25.7257381561511,25.7257381561511,7.639120784311451,6,6.0,0.111428332494926,9.90805487151875,0.260293456281029
3008,2.29673681557117,0.0279370642786985,86.3481325796916,73.7563556583431,86.3481325796916,72.780491891715,3,6.0,0.0741692169309437,7.080823958283241,0.581041900163086
554,3.9204389299607296,0.04195341302800489,53.600373133029606,55.1768277154691,55.1768277154691,51.612594572279605,5,5.0,0.0798534762393524,8.346417246506599,0.315743989427448
2135,1.02469507659596,0.0925608201033492,37.2155881318568,33.8378486313773,39.2045915678253,33.8378486313773,5,5.0,0.0814331221011381,8.42230167972194,0.53036202729611
2786,1.7799133830810903,0.039239757650150094,87.74597844428891,78.3542341237598,88.4933689706528,77.5913370815335,6,6.0,0.0654341828028326,7.31209368552353,0.497377762035805
1188,2.30791146136937,0.0810540400097305,59.4725001847007,55.7756169638285,68.9447522293311,50.5686951945004,9,9.0,0.132065967849696,9.936178852489359,0.418584482563129
2986,1.59340056662695,0.0335959222101724,61.00794871563561,62.59761857610889,68.609717799989,61.00794871563561,5,5.0,0.0626869367926868,9.36482038989857,0.216172775560003
2041,3.01902053380464,0.113226776357628,62.817195098157704,63.6365630801114,67.56773148510321,57.4891294072192,9,9.0,0.106562144286655,8.14079960095703,0.400546145831752
2458,6.3592744020926,0.089539735605887,54.67871260737579,92.8751456406394,92.8751456406394,49.9879077104677,10,10.0,0.10920642005654,7.63286844965901,0.72122965772601
111,2.14095431802497,0.0296526362136209,63.3730759336882,69.57066100107299,69.57066100107299,63.3730759336882,7,7.0,0.0372387448821438,9.28421765920386,0.370289841601428
431,2.03416586823903,0.0945697434186478,51.099912894623394,63.5520095822001,63.5520095822001,51.099912894623394,5,6.0,0.103853923997568,9.82205801281132,0.204034840809808
851,1.19691059690534,0.0294411933318061,50.1634861651973,46.3629247077254,50.2991577505687,46.3629247077254,5,5.0,0.0719628756821367,8.18468391449903,0.105568234911572
1353,2.97098995307164,0.0641977521407387,88.38229644316071,65.8609881969349,88.38229644316071,58.669254174386396,10,10.0,0.136775703866994,8.40886564962403,0.496427944895069
582,2.96832677063483,0.0999101582464466,53.7109326652856,47.459197187739896,54.289094984254,47.459197187739896,7,7.0,0.103866383396639,10.705518236484501,0.274575673420139
108,2.77979913849931,0.0279011547335895,77.17412288214099,88.4816365128946,88.4816365128946,76.3239935783757,7,7.0,0.0734752080726393,7.96912156785129,0.546049327418085
1795,3.53702484223971,0.0879716981239873,66.5540280630443,54.5743310669878,66.5540280630443,54.5743310669878,8,8.0,0.196561315262534,8.40183056717429,0.785929916837895
878,3.12489182224048,0.0456476224178267,56.5147415973236,58.258644230805395,59.726760698290995,56.5147415973236,6,6.0,0.101217741688567,9.293088428236288,0.260845239683456
460,3.5496987725706695,0.328631544673178,8.95096461283843,8.94427190999916,13.9760514772884,7.14142842854285,6,6.0,0.112597024127833,10.5167151135022,0.196806664476526
66,2.46152582288348,0.0682447492505057,69.065186599328,75.62017101756491,75.62017101756491,67.2334405201624,9,12.0,0.0640671182099855,8.79248267435568,0.577603790522387
866,2.00321844477057,0.050769705981443,58.3506809894595,56.93234149822,60.579003754182395,56.93234149822,3,7.0,0.100607217808503,12.1569190754795,0.269141003459004
3653,2.5164345114587303,0.0811743104575439,33.0641823386192,26.195894985778104,33.5743071575748,26.195894985778104,5,5.0,0.0962736873846111,8.28643740757147,0.284322944364418
1737,1.20732208967454,0.016316980020633,75.4193526192222,75.5314214422094,77.64455194744441,75.4193526192222,4,5.0,0.0638422628884077,8.76630505118952,0.20995505324505
158,4.15278392972386,0.0252913030813934,85.8894638474359,82.41266447892909,85.8894638474359,78.4365408872062,5,5.0,0.0992364973527908,8.85786226005681,0.356438820346467
193,3.12631674474237,0.146480377455075,46.2674343741179,22.8854222361941,46.2674343741179,16.4396213346415,11,11.0,0.217204079327348,6.95169565834075,0.796003473903184
270,2.23277147285989,0.0846729750909806,11.3782149002685,17.9769369054711,17.9769369054711,11.3782149002685,3,6.0,0.0717166031015961,9.634846062531471,0.141866646824814
439,3.82258711387847,0.0757679493541353,11.5514076991328,12.649110640673499,15.5457196134304,8.977191612378538,7,7.0,0.117076744430359,10.4036620760895,0.35484112666624
495,2.7363564641008504,0.337735773899982,21.944111717497,15.0849570857759,21.944111717497,8.67107248325596,9,9.0,0.0823220435912576,8.95997669986148,0.148953141839011
503,1.79875241933756,0.077594297097359,10.865242236357501,15.5595965865575,17.824729248260397,10.865242236357501,4,6.0,0.042198456999249505,8.91769530428756,0.2126081942019
588,2.53891029343339,0.401992461554585,25.4672410693249,11.6619037896906,25.4672410693249,10.6931090179928,10,10.0,0.161465258572025,10.1540979706403,0.321435365867139
623,2.82495981654921,0.350897593203022,12.6175788814308,9.05538513813742,18.900634327131698,6.5290554350361,8,8.0,0.125838577223563,9.735549546758492,0.19213151454357
637,4.02603854591037,0.639665872418417,28.205403978799897,11.909028681277599,28.205403978799897,9.58556793089541,11,11.0,0.101734405166097,9.82184893445993,0.274150512526606
668,3.5515114292172902,0.204102424476656,25.3177066167592,17.1211061821075,28.0693571602528,9.43131271913457,7,12.0,0.0878874372847486,10.143189717171301,0.258838401432145
762,2.97690142110465,0.139199294956722,44.713030272341605,55.8032257132148,55.946402922797496,41.6642041988051,7,11.0,0.122082477908231,10.112669207671999,0.31837115830296
817,4.41823386383079,0.270354879837334,26.705547126406397,16.643549651668803,26.705547126406397,10.3825441411059,10,10.0,0.089279175046237,8.603542970411969,0.209690180862864
852,3.08693044620762,0.1557115140516,13.472180016071599,14.213990263714098,14.837071504898,11.0938194281691,7,7.0,0.0795123225078094,11.531800889730198,0.204713304358364
965,2.05878010376062,0.040043612537068,52.947302114054004,54.5819161459184,58.1627230709196,52.0609243290221,6,6.0,0.0823320111105148,10.0329464922488,0.253463111950219
990,2.30619147402385,0.0535759060241018,57.6282675915248,66.0488922730019,66.0488922730019,57.6282675915248,5,5.0,0.123229422226394,9.66674441038557,0.37747911840760306
1002,3.8575320223907,0.287166175378607,27.8567765543682,24.4715996044001,27.8567765543682,11.0248947150841,11,11.0,0.13400165391123,10.1581304630928,0.396053158101664
1030,2.42058510578803,0.166187789975633,11.461490612736599,18.873337470786602,18.873337470786602,11.461490612736599,2,5.0,0.0745344661025125,11.3200722298706,0.087001860814309
1037,3.44146068905823,0.0724740524048903,60.1414998150196,51.3123016046747,60.1414998150196,50.5767343148384,11,11.0,0.129960895742933,8.96488823907591,0.42760945785877
1083,1.57282999225189,0.135291521566288,37.5040388593266,35.4020081492,37.5040388593266,35.0437703491107,6,6.0,0.0966097273313594,7.85713353717696,0.254249101241302
1110,2.25681419641025,0.0999780177485998,38.1945476826846,41.1885493744711,44.8853084030978,35.5191250578594,9,9.0,0.120312378290059,10.5469077500334,0.358606441542375
1133,3.62510420743247,0.333924832778255,25.0599281722833,11.5186279041729,25.0599281722833,10.2041775863691,10,10.0,0.163292393406276,9.549895856569359,0.420118868040821
1164,1.58602177921092,0.0166916317121462,82.47531366133221,83.1404549643143,87.5570582135262,82.47531366133221,5,5.0,0.092245615149915,9.724759000157471,0.341939364353126
1224,2.41420022777676,0.0506914052914715,28.2295368541882,33.745184915689,33.745184915689,24.6775584995067,5,9.0,0.120838916613631,11.0808963941607,0.160680189805225
1314,2.08723000555239,0.357343322091695,25.4851996711145,6.50945083480407,25.4851996711145,6.50945083480407,11,11.0,0.130877454445539,9.914630208164109,0.281706821278995
1365,2.02011553212626,0.131430258864906,32.6480995189535,22.510518238967098,32.6480995189535,21.7155111615749,6,6.0,0.118620402985252,7.68599241048481,0.328094383219387
1370,2.44076236520134,0.0601889408415774,57.1973614783686,57.513618556762104,60.2924507744648,50.6680534126728,5,8.0,0.0779940259113658,8.049546776457,0.272823979161385
1389,5.56694903049463,0.0603721683789913,58.78793212795421,72.8242175997691,78.88575641739159,52.012734569817,13,13.0,0.210041722880045,7.490628611120419,0.788764703948031
1465,2.3104315392233796,0.342439387600985,25.6320112359526,17.383877890569,25.6320112359526,9.22748933262716,11,14.0,0.0836785323483512,8.78240433279365,0.377769535563692
1505,3.8640625926191,0.331100815437022,30.6104557300279,7.07106781186548,30.6104557300279,7.07106781186548,9,15.0,0.12491415951539,9.75074500921473,0.334337668627074
1588,5.71122516567733,0.067265636209211,84.4842043675504,54.6370023779334,84.4842043675504,54.6370023779334,9,9.0,0.162847958799816,7.7575915667511,0.686408000925433
1679,3.7957625401472797,0.0910399632260561,58.6230759170591,45.351993813730004,58.6230759170591,45.351993813730004,6,6.0,0.12074773646588,7.18621077925336,0.397247792418838
1703,2.17020760850512,0.0820243927191194,45.024999634973895,44.8585486460402,45.7631887051136,43.01198227315821,3,7.0,0.0660079329815631,8.65047433570755,0.18705966730196
1721,3.51943022536275,0.118097539453676,24.563269522182104,17.101025860420698,24.563269522182104,13.7950269426332,6,9.0,0.0793746028399976,8.56527937462631,0.229541560687733
1810,3.6388521874879696,0.292886546938805,39.8246155034798,21.4709105535839,39.8246155034798,14.691964280265,12,12.0,0.25023940368863,9.7671487973877,0.747163720627227
1826,2.05656772889805,0.046696031774582494,63.5137780328017,63.431090687411604,63.5137780328017,59.648973168027,6,6.0,0.148625075552041,10.353934986907001,0.487756294738402
1897,2.22506724269882,0.164175870556481,23.9554581589857,22.2665235452424,23.9554581589857,21.3828048108615,5,5.0,0.109997383580864,8.901966880758632,0.308496536123598
1928,2.35330427785142,0.243180726011122,10.3436897887981,11.7878258601577,15.409320286236902,9.12448473170443,8,8.0,0.117939840984221,9.67718121040252,0.309132174380694
1989,2.54092429213159,0.0665883637610749,28.4329184214109,36.9091861351236,36.9091861351236,28.4329184214109,8,8.0,0.118958897848139,8.72644249367087,0.43857810454071694
2025,2.63168862182393,0.205046241838847,19.375933683313,9.97075622111727,19.375933683313,7.45109794934389,9,9.0,0.11729478391411,10.412601362918698,0.387418168955876
2032,2.23547746718449,0.0774509908035397,32.3021034194617,33.7615012126786,36.798146155336795,31.8539643933244,3,6.0,0.0693038971050322,8.890074572992669,0.252909370642284
2040,3.1285893791682007,0.0694305258800504,83.53089490811129,94.04786015641191,94.04786015641191,81.44082110991909,8,8.0,0.122475062246247,9.187031120049571,0.395987337939442
2106,4.36971765486415,0.310047794470253,26.248809496813397,11.2822571570651,26.248809496813397,9.486832980505142,13,13.0,0.100706679792107,9.920911826983788,0.515839068373298
2148,5.23765702665196,0.407855662104542,14.8136614661721,13.342685793860399,19.6408117067937,13.342685793860399,8,8.0,0.0815496432250167,8.14220912231698,0.30933592471552
2192,3.8427228126147903,0.187588520566825,10.644414639327099,9.97213269805244,16.5857174718846,9.97213269805244,4,8.0,0.0996301877123292,10.606922248774,0.267087660824723
2207,1.85881881758428,0.218293065080617,22.0907220343745,14.317821063276401,22.0907220343745,10.0498756211209,9,9.0,0.0992873654590892,9.82122635978534,0.497514225344407
2242,4.01816161369576,0.24586275689001,23.3714432580334,27.2184754778192,35.724928835187704,23.3714432580334,7,7.0,0.253099068972848,8.32768551618377,0.763107396268375
2301,2.79056903578509,0.104462235883373,23.9774760183578,14.6317937585463,23.9774760183578,9.95943985427764,11,11.0,0.0990150023089178,9.23808960804837,0.393668699139011
2313,4.65898237331816,0.164930816188854,23.609780168908202,12.9188283311356,23.609780168908202,12.9188283311356,6,6.0,0.16292532905419,11.992914492351101,0.420000081514536
2362,3.47375832690557,0.297343946368351,13.9588645507284,15.164289998392,15.164289998392,9.763077679322029,9,9.0,0.0862184142483981,10.952417669226199,0.103686072417917
2390,1.66021669745276,0.224788992490264,10.9708633746785,7.31570696985704,13.732159262039799,7.31570696985704,6,6.0,0.0810724791316504,11.593289262381699,0.0834531359867819
2428,2.3979157616563596,0.041938388026236,26.832815729997503,26.0768096208106,30.5286750449475,26.0768096208106,3,6.0,0.062413585128209,8.84031991429243,0.425090963313404
2465,3.31500654568698,0.307009939476025,23.500074174684702,13.3025069438113,23.500074174684702,9.30614485899726,10,10.0,0.145338442908576,9.647965199834061,0.381162290182815
2480,6.6300776969898,0.326895116751663,33.1209903233584,15.2315462117278,33.1209903233584,11.5423386960585,9,18.0,0.0837455865688087,8.79441947246946,0.508804290165695
2514,7.32307478115379,0.361293371997724,55.822973780942704,40.641845420521896,55.822973780942704,23.198098966775603,10,10.0,0.222961186648399,8.276844901789191,0.872329114289701
2534,2.62469823378801,0.726968313743047,21.9544984001002,8.06225774829855,22.803508501982797,7.07106781186548,10,10.0,0.108286978187208,10.0524850749777,0.38400366191186
2623,2.23407072168125,0.05126127804155169,43.1856457633784,29.916274045321003,43.1856457633784,29.916274045321003,6,6.0,0.137831460380646,8.20730203742154,0.579115763163705
2681,4.97454160337983,0.0396007141261188,39.6610640301039,47.6116765247863,50.7740090991444,39.6610640301039,7,7.0,0.0736670653926074,7.962149699717551,0.628354735498995
2699,4.40260534127907,0.279603699383227,21.8294641789288,10.929817437750499,21.8294641789288,8.76610960504494,7,9.0,0.100984109078099,12.3821399224177,0.299271633143213
2711,5.509514688333679,0.45367644409865,61.317540906850205,33.3739143263232,61.317540906850205,26.0117735272575,7,11.0,0.192331044327433,7.0669759082579695,0.77897513439369
2768,4.0956053673903,0.165806084226911,23.830059104432802,33.7740964069545,34.51901878904761,23.830059104432802,5,5.0,0.22957718933751,7.36911085672273,0.837901297429663
2774,4.2666892155151,0.164965866916671,55.979108527662,35.6023780727851,55.979108527662,24.3770782038676,6,6.0,0.162405170925121,8.79577116353953,0.752820685619225
3073,1.48493748593507,0.177060517180999,11.82633073813,17.572426876182803,20.9841723690383,11.82633073813,3,6.0,0.0611238485455349,10.0231479836348,0.0516692565692468
3074,1.84882228296341,0.0713516703777114,18.1635119423685,24.483351817181,26.2483313753084,15.4401515541788,7,7.0,0.0281630746382011,6.58494243761646,0.257523435702986
3099,3.5068535510245002,0.263693815247835,48.158144776796895,25.298221281346997,48.158144776796895,22.0675095649337,12,12.0,0.216955905206745,7.53918176101431,0.857232475944298
3110,2.06571176896326,0.129171712763346,37.0443811566627,25.605712598609,37.0443811566627,17.969405482049602,7,7.0,0.160271215665966,7.24721980759539,0.797604626708539
3122,5.10043339095608,0.737443741569858,21.574800202382196,12.1894333651052,25.760971754411997,12.1894333651052,9,9.0,0.132510687076461,7.5482721144000005,0.789332684226233
3143,2.80276186660745,0.085212654051817,29.541358491489703,27.8503151107545,30.1488061652576,27.8503151107545,5,6.0,0.0124610951761762,7.7426667908702,0.442983059842884
3149,4.95510277978417,0.300298257995407,38.029555369476206,19.4076150249312,38.029555369476206,14.267130170850502,11,11.0,0.04788002218373089,9.69238180341077,0.295013859647891
3188,2.02425763915822,0.0393975548917258,79.5064209421639,84.64170977443109,87.15160648685249,79.5064209421639,6,6.0,0.0524894849889848,7.80711209764228,0.215822352980941
3196,2.07790410141681,0.194623758624568,17.5759437978933,15.3122829322308,29.3922249991823,15.3122829322308,6,6.0,0.237046032744553,6.944557472259969,0.954396346336856
3365,2.2152868664096,0.0817085514933517,39.1735858578592,29.9951357063624,39.860513069566395,29.9951357063624,7,7.0,0.072668954259716,7.50710112757231,0.38624451943092
3434,3.5323370404124503,0.376028302905744,26.9171983527601,9.8262753419152,26.9171983527601,9.8262753419152,12,12.0,0.0874607528374016,9.30871690285776,0.353492835129223
3466,2.88788902995627,0.25350234592648,10.7917377450754,15.9922898367911,16.617905063208102,9.61642463815142,6,6.0,0.0707493006645906,9.07791167615258,0.405637301025859
3587,5.55349175194358,0.433627824443742,37.57658845611191,12.7618142213651,37.57658845611191,11.159235865129599,13,13.0,0.135912524144861,9.635476596549259,0.569029037976987
3623,7.18453111465974,0.0859269338308877,48.7197261589344,54.18050845749121,59.510465298908,48.7197261589344,6,9.0,0.0940216458539253,10.104520941810199,0.293567306300989
3642,4.19854822534539,0.288981119448482,12.423902393989598,13.293365078794,17.8297204459108,12.423902393989598,7,7.0,0.0867874922184835,10.7953175167835,0.191355219879761
3646,3.6821888150525295,0.0273243790305388,64.0091065380215,65.59876584497371,68.4728912370152,64.0091065380215,5,5.0,0.0692292539778675,11.260176392750699,0.187445689829601
3655,2.1877438099060202,0.51872614210332,11.231480418922699,15.0460758798304,20.549659914843602,11.231480418922699,7,7.0,0.105866683283937,10.822396640385199,0.390994243721997
3675,2.90197369975034,0.338577582718493,11.0440314751402,10.6066359726101,15.7347295773631,7.67113064949689,7,7.0,0.0665312277425662,8.77426561278293,0.238872411162267
3689,1.5707079478602701,0.0836285804733907,10.239212428142999,19.3433438687821,21.1952284786635,10.239212428142999,5,5.0,0.0527178317937862,6.60965947102388,0.0459807204467075
3700,5.63974721042725,0.38903459098461,23.6967146315603,9.4225663131503,23.6967146315603,9.4225663131503,10,10.0,0.0846591385403984,8.331300174121269,0.288232373991461
3711,1.2870195646948,0.128662960240112,10.79695050377,16.3795138695544,17.4371435266804,8.88204181278231,5,5.0,0.0616376288563378,10.9682278739604,0.155661594008575
3716,4.16552308644106,0.39541670498304304,49.235165037822505,22.732514250817104,49.235165037822505,16.8869415895417,12,12.0,0.12965507412936,8.95664616151314,0.644162628360225
3739,4.6267586548025195,0.618330820192774,26.096268640768,15.4400941742488,26.096268640768,12.7726618880935,9,9.0,0.0650628309283576,8.33067312014049,0.235459820222938
3742,3.32746170536147,0.15322655303705,55.5128047662934,25.4037211610085,55.5128047662934,22.8513309991503,12,12.0,0.119532814363412,6.685139342329499,0.568115186217302
