,True_Label
3318,0
804,0
2831,0
2171,0
1054,0
2282,0
259,0
315,0
800,0
1204,0
3029,0
209,0
2846,0
2508,0
1205,0
2701,0
2578,0
699,0
3484,0
3369,0
63,0
1525,0
379,0
2375,0
483,0
728,0
1543,0
3348,0
1216,0
352,0
1247,0
1502,0
2411,0
2547,0
2364,0
808,0
3315,0
1684,0
2142,0
52,0
49,0
1141,0
2990,0
2356,0
454,0
2317,0
2332,0
3640,0
918,0
3585,0
93,0
3520,0
1885,0
255,0
556,0
3704,0
2127,0
2968,0
3583,0
491,0
1415,0
3173,0
3069,0
1290,0
1048,0
1752,0
102,0
557,0
189,0
3283,0
1113,0
3014,0
1352,0
2665,0
2539,0
1157,0
2744,0
1372,0
618,0
3008,0
554,0
2135,0
2786,0
1188,0
2986,0
2041,0
2458,0
111,0
431,0
851,0
1353,0
582,0
108,0
1795,0
878,0
460,0
66,0
866,0
3653,0
1737,0
158,1
193,1
270,1
439,1
495,1
503,1
588,1
623,1
637,1
668,1
762,1
817,1
852,1
965,1
990,1
1002,1
1030,1
1037,1
1083,1
1110,1
1133,1
1164,1
1224,1
1314,1
1365,1
1370,1
1389,1
1465,1
1505,1
1588,1
1679,1
1703,1
1721,1
1810,1
1826,1
1897,1
1928,1
1989,1
2025,1
2032,1
2040,1
2106,1
2148,1
2192,1
2207,1
2242,1
2301,1
2313,1
2362,1
2390,1
2428,1
2465,1
2480,1
2514,1
2534,1
2623,1
2681,1
2699,1
2711,1
2768,1
2774,1
3073,1
3074,1
3099,1
3110,1
3122,1
3143,1
3149,1
3188,1
3196,1
3365,1
3434,1
3466,1
3587,1
3623,1
3642,1
3646,1
3655,1
3675,1
3689,1
3700,1
3711,1
3716,1
3739,1
3742,1
