,center_stdev,normal_stdev,sl_f,sl_i,sl_max,sl_min,t_cong,t_overlap,intensity,diameter,contrast,centID_i,centID_j,Predicted_Label,True_Label
0,9.300568630379372,0.3205111656725186,37.80000246291378,6.79468968243387,39.21887316160479,4.672526964540979,29,42.0,263.3071428571429,17.36591794546937,0.06664946087663387,1,69,1,1
1,7.577485718479905,0.2669548336679685,23.75397845713732,42.8597524769993,48.76653592028335,22.031216592678266,2,43.0,277.17619047619047,22.43966464218453,0.08180529039071338,1,241,0,0
2,5.129357025158376,0.2287016068595622,42.03116836926819,20.94158411253867,42.03116836926819,12.731965398919506,14,37.0,281.62033462033463,21.95895408564552,0.0868209273132706,7,241,1,1
3,5.1398433495361955,0.20929636393185,37.350007048820146,24.04524388337213,37.350007048820146,10.966330095719865,13,31.0,269.46599825632086,24.033575670467833,0.07588116179436072,13,24,1,1
4,5.56050732836175,0.40769778755289054,18.314658598754754,19.49617574162621,20.40059876577759,13.326753932483662,23,23.0,253.3930669800235,17.876019954542137,0.06935019938205512,13,80,1,0
5,6.026562698638619,0.19082449786175368,44.106965159745634,9.906627745380428,44.315988967680596,4.889255368635795,29,58.0,258.26095850379903,18.960272968493012,0.0758869539482129,16,50,1,1
6,8.494174331997295,0.29068853627782704,34.26065578374295,24.805356384157502,34.94748815150538,18.50345244924776,7,50.0,243.63363754889176,22.713742250240564,0.07255373771785141,16,459,1,0
7,8.583658621180627,0.3465425608998987,21.3321486996618,20.201920002037774,26.456607174549273,16.922164892361867,33,48.0,241.45815677966098,23.096942301054675,0.07510973226141797,16,582,1,0
8,7.084401249441575,0.42409793998559786,20.629685080946203,50.04830322005114,50.04830322005114,14.350522532465837,3,15.0,138.53958333333333,22.7496121377407,0.15243060126503555,18,125,0,0
9,5.529722884376646,0.18917582511759326,31.157812244395643,50.46917801942438,50.46917801942438,21.295681104552077,2,12.0,140.46666666666667,23.193723015859586,0.16758477652964482,18,173,0,0
10,5.1398433495361955,0.20929636393185,37.350007048820146,24.04524388337213,37.350007048820146,10.966330095719865,13,31.0,269.46599825632086,24.033575670467833,0.07588116179436072,24,13,1,1
11,5.963079857066079,0.14155537320060324,14.52061996182689,15.731692797433402,24.86318369121348,12.372054141380591,20,31.0,250.41296409007916,25.270415402946227,0.0684107024305286,24,25,1,0
12,5.963079857066079,0.14155537320060324,14.52061996182689,15.731692797433402,24.86318369121348,12.372054141380591,20,31.0,250.41296409007916,25.270415402946227,0.0684107024305286,25,24,1,0
13,7.536159960898182,0.2256969445730031,38.60646145881858,18.429418305818807,38.60646145881858,9.192524636328963,19,54.0,224.313550600343,22.83553181374101,0.057098091971587786,25,40,1,1
14,4.919524639416351,0.3141584409672801,24.209375112954334,20.88831150475428,27.085655206961302,17.392788393396803,11,29.0,252.4461206896552,15.83912276694343,0.07357473456702793,26,42,1,0
15,4.662796459920061,0.245272351799535,26.336418693051737,21.064627209137686,26.5853468052878,5.975474136253171,15,33.0,241.32386363636363,17.18755754263706,0.07247339380574146,26,54,1,1
16,5.136098323549427,0.26945782183484185,23.34486556222734,27.294347409366573,29.327424279519576,12.78380880991519,10,33.0,255.62797619047618,15.22347744821218,0.06736176310511029,26,69,1,0
17,9.772394588922634,0.3316447128409296,33.846029881974985,6.746230028228678,33.846029881974985,6.746230028228678,18,30.0,264.28921568627453,22.564998545106807,0.08722250599654507,29,840,1,1
18,4.697380030227773,0.09985406106357517,39.66324640460892,23.49875581488454,40.36075765835236,11.830298529629125,14,29.0,249.7747497219132,15.761675333816598,0.0707744547821384,31,42,1,1
19,5.565004453619876,0.8149000360402882,10.971486222933958,15.90237305941844,17.406392632464527,10.971486222933958,7,13.0,140.59166666666667,23.190095505634797,0.11623990999401823,33,112,0,0
20,5.446116869079087,0.1242828377969038,21.459362052662566,49.01709314754155,61.155572392492,21.459362052662566,1,10.0,140.95,23.15736463822669,0.11934686117520282,33,157,0,0
21,6.225037985746785,0.17405953580562308,22.877878979911443,16.022111160727555,33.8589290992731,16.022111160727555,4,11.0,142.3909090909091,21.14173886465728,0.1539069361739981,33,235,0,0
22,7.536159960898182,0.2256969445730031,38.60646145881858,18.429418305818807,38.60646145881858,9.192524636328963,19,54.0,224.313550600343,22.83553181374101,0.057098091971587786,40,25,1,1
23,5.098383973743057,0.08577412392435385,38.460560199084576,13.334298599511467,38.460560199084576,12.76491692317853,11,22.0,243.3310276679842,16.832209297338785,0.0671337979833503,41,80,1,1
24,3.654564404358227,0.3357456342803359,23.65335713442861,38.910178339768365,40.4106447340725,20.15192927050061,3,16.0,231.1448863636364,20.82419700078454,0.06600996429207903,41,128,0,0
25,4.919524639416351,0.3141584409672801,24.209375112954334,20.88831150475428,27.085655206961302,17.392788393396803,11,29.0,252.4461206896552,15.83912276694343,0.07357473456702793,42,26,1,0
26,4.697380030227773,0.09985406106357517,39.66324640460892,23.49875581488454,40.36075765835236,11.830298529629125,14,29.0,249.7747497219132,15.761675333816598,0.0707744547821384,42,31,1,1
27,6.6972168860011925,0.14749154610217866,18.84926577467528,21.359721118768046,25.56853750602615,16.235414889241074,23,29.0,255.69909688013138,15.347745042789144,0.06842588193351115,42,69,1,0
28,13.280494836310066,0.5227925997273327,10.948809903622246,24.800094074345907,25.890712040614204,10.948809903622246,42,60.0,237.57323688969257,22.877150335779646,0.07362252926270615,44,121,1,0
29,12.870008483718369,0.3190629591610815,34.86566372466278,9.030574870412103,34.86566372466278,9.018107385134874,39,47.0,269.6836734693877,19.34806785703541,0.08135658727064851,44,772,1,1
30,5.919549205706807,0.3824166930646768,12.752640062202687,11.599451483437619,23.531589956875745,11.599451483437619,25,26.0,257.387537993921,18.870362367194122,0.07738443879675183,44,1336,1,0
31,6.026562698638619,0.19082449786175368,44.106965159745634,9.906627745380428,44.315988967680596,4.889255368635795,29,58.0,258.26095850379903,18.960272968493012,0.0758869539482129,50,16,1,1
32,4.8415795699911275,0.41916259482433255,17.172025726357212,25.742527313126754,28.238310262511764,14.323973541460516,36,49.0,240.16578249336868,21.48676365209444,0.07260255962150114,50,459,0,0
33,14.295780585125925,0.18517488674444516,35.18295831046679,5.6259879196219815,35.18295831046679,5.6259879196219815,30,68.0,223.61025641025643,18.28901077547917,0.061716036864592684,53,554,1,1
34,4.662796459920061,0.245272351799535,26.336418693051737,21.064627209137686,26.5853468052878,5.975474136253171,15,33.0,241.32386363636363,17.18755754263706,0.07247339380574146,54,26,1,1
35,5.9738396789667645,0.1972761100581187,29.121350492779413,24.81017652706163,31.617718068502523,19.85359882154913,9,33.0,244.57683982683983,16.696179818482776,0.06732454117222468,54,69,1,0
36,3.822088418138199,0.14730741874522926,10.316115952396137,28.125540239239623,28.616599333299163,10.316115952396137,7,23.0,226.18251748251748,18.558058755617445,0.06633765162165146,54,554,0,0
37,2.450065647646623,0.5665724231864591,20.417605723331373,14.044569756287038,20.417605723331373,7.156445011954461,15,15.0,219.39791666666667,19.43651114968061,0.05967759323190256,61,128,0,0
38,2.991305337548672,0.07014549278813696,41.06237028848006,14.087827444883535,41.14809398358308,13.561104001602954,4,18.0,221.86944444444444,22.204367521940387,0.05889343374655934,64,72,1,1
39,9.300568630379372,0.3205111656725186,37.80000246291378,6.79468968243387,39.21887316160479,4.672526964540979,29,42.0,263.3071428571429,17.36591794546937,0.06664946087663387,69,1,1,1
40,5.136098323549427,0.26945782183484185,23.34486556222734,27.294347409366573,29.327424279519576,12.78380880991519,10,33.0,255.62797619047618,15.22347744821218,0.06736176310511029,69,26,1,0
41,6.6972168860011925,0.14749154610217866,18.84926577467528,21.359721118768046,25.56853750602615,16.235414889241074,23,29.0,255.69909688013138,15.347745042789144,0.06842588193351115,69,42,1,0
42,5.9738396789667645,0.1972761100581187,29.121350492779413,24.81017652706163,31.617718068502523,19.85359882154913,9,33.0,244.57683982683983,16.696179818482776,0.06732454117222468,69,54,1,0
43,5.2498398601533705,0.09998855649979413,26.51926186116137,14.945752224399705,26.51926186116137,13.187428071886306,15,16.0,169.50551470588238,21.081291404491946,0.057593355126908184,71,109,1,0
44,2.991305337548672,0.07014549278813696,41.06237028848006,14.087827444883535,41.14809398358308,13.561104001602954,4,18.0,221.86944444444444,22.204367521940387,0.05889343374655934,72,64,1,1
45,5.537513168273891,0.2652553129074746,13.391666044969721,21.29220684574661,38.71649740293441,10.243079545476984,7,10.0,141.2833333333334,24.926122715789127,0.12596077949408768,77,92,0,0
46,8.96051643331118,0.4984040832411794,33.856132953733955,20.36719997071516,33.856132953733955,8.769346476944532,13,15.0,137.07083333333333,21.538389651014587,0.16638973572830038,77,232,1,0
47,7.3359761873309015,0.4012884008202011,38.25364965849953,33.85460492801559,39.62681833311839,17.547574653929715,2,11.0,140.53030303030303,21.10821161892604,0.14940316068483336,79,83,0,0
48,5.339306331509877,0.2404460221617848,20.005827039913513,12.759372676093852,29.21507347668284,12.759372676093852,4,10.0,139.01666666666665,24.216339676142784,0.15135895983583034,79,192,0,0
49,5.56050732836175,0.40769778755289054,18.314658598754754,19.49617574162621,20.40059876577759,13.326753932483662,23,23.0,253.3930669800235,17.876019954542137,0.06935019938205512,80,13,1,0
50,5.098383973743057,0.08577412392435385,38.460560199084576,13.334298599511467,38.460560199084576,12.76491692317853,11,22.0,243.3310276679842,16.832209297338785,0.0671337979833503,80,41,1,1
51,7.3359761873309015,0.4012884008202011,38.25364965849953,33.85460492801559,39.62681833311839,17.547574653929715,2,11.0,140.53030303030303,21.10821161892604,0.14940316068483336,83,79,0,0
52,14.730415844265346,0.19869416409641852,46.658201854835895,13.0,58.371522198758186,13.0,1,12.0,140.47902097902096,21.994175062617053,0.16586106252071914,83,143,0,0
53,5.537513168273891,0.2652553129074746,13.391666044969721,21.29220684574661,38.71649740293441,10.243079545476984,7,10.0,141.2833333333334,24.926122715789127,0.12596077949408768,92,77,0,0
54,4.638102937535842,0.1685822276641991,36.87154283712049,27.242187739902967,48.68604717485655,17.168149379894434,2,10.0,140.76538461538462,23.422480946634924,0.157195214108867,92,181,0,0
55,4.834848089467725,0.2650361656188096,19.78835105543877,37.42293101806661,48.334083910772115,19.784802996937863,2,10.0,139.0875,21.404277864514608,0.15688211567200727,92,232,0,0
56,5.759157690113335,0.2574014166381653,27.873121725718924,19.68376751094632,40.712493746403155,12.313662310908216,3,13.0,138.84166666666667,23.183733674594087,0.15650367125544354,93,122,1,0
57,6.304393959089746,0.749458449083727,25.77661561025702,19.34053487994851,36.68654430639026,10.762685445690886,8,13.0,140.17892156862746,22.449823198018226,0.12530546817341465,101,158,0,0
58,6.156140415387586,0.5381781266146812,21.46515947730884,15.626200159691008,29.70263690167657,11.283034255279475,6,13.0,138.32371794871796,22.65450950300027,0.15746806016862158,101,181,0,0
59,7.628090591876277,0.222630093394308,31.839866264891434,24.97778384750384,36.44777730734707,19.757660903301872,2,13.0,139.1698717948718,22.709245334261137,0.15710844690563802,101,185,0,0
60,3.9539429668648483,0.2506022902876487,12.193716804539864,9.769072378078953,12.193716804539864,9.190240807833764,10,10.0,215.9494382022472,20.99034914179621,0.06840293397463729,104,1523,0,0
61,3.519915226762085,0.11099506034822264,33.41922822977245,8.898912542786128,33.846721530519055,8.511173616063395,8,24.0,223.79034729315632,20.33172178386437,0.08208135147435436,104,2113,1,1
62,5.2498398601533705,0.09998855649979413,26.51926186116137,14.945752224399705,26.51926186116137,13.187428071886306,15,16.0,169.50551470588238,21.081291404491946,0.057593355126908184,109,71,1,0
63,5.565004453619876,0.8149000360402882,10.971486222933958,15.90237305941844,17.406392632464527,10.971486222933958,7,13.0,140.59166666666667,23.190095505634797,0.11623990999401823,112,33,0,0
64,4.398510766023565,0.26521791074077244,40.96411066750132,13.501595611952704,40.96411066750132,13.501595611952704,3,13.0,138.2202380952381,23.622683647872318,0.15093347800229226,112,184,1,0
65,13.280494836310066,0.5227925997273327,10.948809903622246,24.800094074345907,25.890712040614204,10.948809903622246,42,60.0,237.57323688969257,22.877150335779646,0.07362252926270615,121,44,1,0
66,11.848532578118064,0.2612045829612511,31.112838812461163,26.671585466902272,33.218741161252254,16.297265548920727,16,49.0,243.9711960733661,23.10584561803532,0.07658676459372453,121,772,1,0
67,6.067232503039938,0.2486539145619459,23.616620289181977,44.782611460420796,44.782611460420796,18.84418801278019,4,42.0,218.90657022302597,25.017475671886594,0.07761521844347609,121,893,0,0
68,5.6797461492952905,0.21128926037410733,37.43327178435123,9.734859982899076,39.81466433396579,9.734859982899076,24,45.0,231.67506059789932,22.628140128194037,0.07261461611982782,121,1336,1,1
69,4.095186139724121,0.5660456298704919,10.192491150723155,10.653047688327105,13.930009359178223,9.588780346482524,14,23.0,198.0785278949836,20.70427214343294,0.12857426676513928,121,1966,0,0
70,5.759157690113335,0.2574014166381653,27.873121725718924,19.68376751094632,40.712493746403155,12.313662310908216,3,13.0,138.84166666666667,23.183733674594087,0.15650367125544354,122,93,1,0
71,4.204981722361982,0.4722054133988476,22.051640608451414,34.288785616053595,35.44682799791131,14.500826476325088,5,13.0,140.67892156862746,23.03893380297873,0.15164758518654087,122,158,0,0
72,6.6562392075889045,0.4062296782856139,10.0,19.90274147295394,21.472663234299905,10.0,7,12.0,139.6698717948718,23.29835593922165,0.18345056391876424,122,185,0,0
73,7.084401249441575,0.42409793998559786,20.629685080946203,50.04830322005114,50.04830322005114,14.350522532465837,3,15.0,138.53958333333333,22.7496121377407,0.15243060126503555,125,18,0,0
74,7.6455192447778435,0.3137873289248131,16.89983195913079,13.380265146370986,31.749340863566562,13.380265146370986,6,12.0,136.7244318181818,22.781126691549602,0.13572376598408548,125,136,0,0
75,7.845555517676793,0.4342930179691321,24.413184840095145,19.20576127691937,28.55380625167335,12.536513713158396,9,12.0,140.73958333333331,22.533559605904326,0.16528271647877624,125,173,0,0
76,3.654564404358227,0.3357456342803359,23.65335713442861,38.910178339768365,40.4106447340725,20.15192927050061,3,16.0,231.1448863636364,20.82419700078454,0.06600996429207903,128,41,0,0
77,2.450065647646623,0.5665724231864591,20.417605723331373,14.044569756287038,20.417605723331373,7.156445011954461,15,15.0,219.39791666666667,19.43651114968061,0.05967759323190256,128,61,0,0
78,7.6455192447778435,0.3137873289248131,16.89983195913079,13.380265146370986,31.749340863566562,13.380265146370986,6,12.0,136.7244318181818,22.781126691549602,0.13572376598408548,136,125,0,0
79,4.5724084410064725,0.08722255080452784,37.99027426447892,32.32998894109486,42.93122226272279,20.444512896137,2,11.0,138.36363636363637,23.219700704477297,0.15995984706856836,136,167,0,0
80,3.8955210038045847,0.519787065007029,12.202683727886615,14.770252025908125,24.04369101829237,8.30220412297602,8,12.0,137.35664335664336,20.98823436341563,0.16242469650054606,136,220,0,0
81,4.581037899075368,0.13495138391861475,42.04136211758821,24.708607090720648,42.28430899219339,15.121507679925607,16,28.0,224.02649769585256,25.276392685519408,0.08436655590638265,139,189,1,1
82,6.0171475731486055,0.26239482868971503,23.76351886058231,26.407660964091306,30.187842915026145,18.757513336673945,14,32.0,257.7288786482335,25.45476275813241,0.08549514417870899,139,241,1,0
83,14.730415844265346,0.19869416409641852,46.658201854835895,13.0,58.371522198758186,13.0,1,12.0,140.47902097902096,21.994175062617053,0.16586106252071914,143,83,0,0
84,12.596385839535936,0.5778629850707665,13.558720673707324,43.28161775254807,43.28161775254807,5.791390661180191,8,13.0,142.9153846153846,25.391113734218568,0.13992745332204942,143,283,0,0
85,10.49477994756163,0.5111628478487129,20.882519986503564,41.0,41.0,15.061690386447381,4,13.0,139.61538461538458,24.06046329017002,0.16401374224734072,143,304,0,0
86,5.651291631322778,0.203731649835112,42.2763706907996,38.862979388026645,51.55961603630806,13.27158118010583,2,10.0,137.80384615384614,23.75652022695641,0.16072527346001322,148,157,0,0
87,6.469997877002407,0.486139382718801,38.33785597320446,10.5535494101446,38.33785597320446,9.0,9,12.0,138.57051282051282,23.286560442002745,0.18505441075355852,148,190,1,0
88,5.446116869079087,0.1242828377969038,21.459362052662566,49.01709314754155,61.155572392492,21.459362052662566,1,10.0,140.95,23.15736463822669,0.11934686117520282,157,33,0,0
89,5.651291631322778,0.203731649835112,42.2763706907996,38.862979388026645,51.55961603630806,13.27158118010583,2,10.0,137.80384615384614,23.75652022695641,0.16072527346001322,157,148,0,0
90,6.304393959089746,0.749458449083727,25.77661561025702,19.34053487994851,36.68654430639026,10.762685445690886,8,13.0,140.17892156862746,22.449823198018226,0.12530546817341465,158,101,0,0
91,4.204981722361982,0.4722054133988476,22.051640608451414,34.288785616053595,35.44682799791131,14.500826476325088,5,13.0,140.67892156862746,23.03893380297873,0.15164758518654087,158,122,0,0
92,5.933411409712432,0.6089241722284259,28.232402350852798,5.757235261598577,37.62277298532271,5.757235261598577,6,13.0,140.0859728506787,21.848264658998637,0.1657746767847325,158,181,0,0
93,6.1744156050494015,0.7390855521259424,9.943193481254694,27.0,27.0,7.796213488042403,9,13.0,140.9321266968326,21.9030004902595,0.16541506352174895,158,185,0,0
94,4.5724084410064725,0.08722255080452784,37.99027426447892,32.32998894109486,42.93122226272279,20.444512896137,2,11.0,138.36363636363637,23.219700704477297,0.15995984706856836,167,136,0,0
95,4.736505582023527,0.2785487429103312,20.427546409281387,46.36891022884987,47.01192745312622,9.676755750360169,3,11.0,143.34545454545454,24.1110893142688,0.16120944796643133,167,283,0,0
96,5.6367132318865965,0.30503607265204513,9.721086439390888,15.0,24.2252007739072,9.721086439390888,7,11.0,140.04545454545456,22.78043887022025,0.18529573689172266,167,304,0,0
97,5.529722884376646,0.18917582511759326,31.157812244395643,50.46917801942438,50.46917801942438,21.295681104552077,2,12.0,140.46666666666667,23.193723015859586,0.16758477652964482,173,18,0,0
98,7.845555517676793,0.4342930179691321,24.413184840095145,19.20576127691937,28.55380625167335,12.536513713158396,9,12.0,140.73958333333331,22.533559605904326,0.16528271647877624,173,125,0,0
99,4.638102937535842,0.1685822276641991,36.87154283712049,27.242187739902967,48.68604717485655,17.168149379894434,2,10.0,140.76538461538462,23.422480946634924,0.157195214108867,181,92,0,0
100,6.156140415387586,0.5381781266146812,21.46515947730884,15.626200159691008,29.70263690167657,11.283034255279475,6,13.0,138.32371794871796,22.65450950300027,0.15746806016862158,181,101,0,0
101,5.933411409712432,0.6089241722284259,28.232402350852798,5.757235261598577,37.62277298532271,5.757235261598577,6,13.0,140.0859728506787,21.848264658998637,0.1657746767847325,181,158,0,0
102,5.69121797368528,0.23246412692852145,27.0,29.083678948679232,42.18905654444267,13.595091428235946,4,13.0,139.0769230769231,22.107686795241552,0.19757765551695589,181,185,0,0
103,4.398510766023565,0.26521791074077244,40.96411066750132,13.501595611952704,40.96411066750132,13.501595611952704,3,13.0,138.2202380952381,23.622683647872318,0.15093347800229226,184,112,1,0
104,5.557088583733601,0.1921874923358461,31.420208447118696,19.57011351076317,37.336309405188935,19.57011351076317,1,11.0,140.01948051948048,21.5743270068948,0.18860050418227212,184,235,0,0
105,7.628090591876277,0.222630093394308,31.839866264891434,24.97778384750384,36.44777730734707,19.757660903301872,2,13.0,139.1698717948718,22.709245334261137,0.15710844690563802,185,101,0,0
106,6.6562392075889045,0.4062296782856139,10.0,19.90274147295394,21.472663234299905,10.0,7,12.0,139.6698717948718,23.29835593922165,0.18345056391876424,185,122,0,0
107,6.1744156050494015,0.7390855521259424,9.943193481254694,27.0,27.0,7.796213488042403,9,13.0,140.9321266968326,21.9030004902595,0.16541506352174895,185,158,0,0
108,5.69121797368528,0.23246412692852145,27.0,29.083678948679232,42.18905654444267,13.595091428235946,4,13.0,139.0769230769231,22.107686795241552,0.19757765551695589,185,181,0,0
109,4.581037899075368,0.13495138391861475,42.04136211758821,24.708607090720648,42.28430899219339,15.121507679925607,16,28.0,224.02649769585256,25.276392685519408,0.08436655590638265,189,139,1,1
110,6.469997877002407,0.486139382718801,38.33785597320446,10.5535494101446,38.33785597320446,9.0,9,12.0,138.57051282051282,23.286560442002745,0.18505441075355852,190,148,1,0
111,5.339306331509877,0.2404460221617848,20.005827039913513,12.759372676093852,29.21507347668284,12.759372676093852,4,10.0,139.01666666666665,24.216339676142784,0.15135895983583034,192,79,0,0
112,3.8955210038045847,0.519787065007029,12.202683727886615,14.770252025908125,24.04369101829237,8.30220412297602,8,12.0,137.35664335664336,20.98823436341563,0.16242469650054606,220,136,0,0
113,8.96051643331118,0.4984040832411794,33.856132953733955,20.36719997071516,33.856132953733955,8.769346476944532,13,15.0,137.07083333333333,21.538389651014587,0.16638973572830038,232,77,1,0
114,4.834848089467725,0.2650361656188096,19.78835105543877,37.42293101806661,48.334083910772115,19.784802996937863,2,10.0,139.0875,21.404277864514608,0.15688211567200727,232,92,0,0
115,6.225037985746785,0.17405953580562308,22.877878979911443,16.022111160727555,33.8589290992731,16.022111160727555,4,11.0,142.3909090909091,21.14173886465728,0.1539069361739981,235,33,0,0
116,5.557088583733601,0.1921874923358461,31.420208447118696,19.57011351076317,37.336309405188935,19.57011351076317,1,11.0,140.01948051948048,21.5743270068948,0.18860050418227212,235,184,0,0
117,7.577485718479905,0.2669548336679685,23.75397845713732,42.8597524769993,48.76653592028335,22.031216592678266,2,43.0,277.17619047619047,22.43966464218453,0.08180529039071338,241,1,0,0
118,5.129357025158376,0.2287016068595622,42.03116836926819,20.94158411253867,42.03116836926819,12.731965398919506,14,37.0,281.62033462033463,21.95895408564552,0.0868209273132706,241,7,1,1
119,6.0171475731486055,0.26239482868971503,23.76351886058231,26.407660964091306,30.187842915026145,18.757513336673945,14,32.0,257.7288786482335,25.45476275813241,0.08549514417870899,241,139,1,0
120,12.596385839535936,0.5778629850707665,13.558720673707324,43.28161775254807,43.28161775254807,5.791390661180191,8,13.0,142.9153846153846,25.391113734218568,0.13992745332204942,283,143,0,0
121,4.736505582023527,0.2785487429103312,20.427546409281387,46.36891022884987,47.01192745312622,9.676755750360169,3,11.0,143.34545454545454,24.1110893142688,0.16120944796643133,283,167,0,0
122,7.287634574151506,0.6268157561525867,21.165985686467984,32.74411527667249,36.07359240078053,10.263746511387872,9,16.0,141.3,23.924931430848197,0.1479044814750212,283,304,0,0
123,1.7620783659223291,0.2425828016382033,37.2578842856553,7.378807985321281,37.2578842856553,7.378807985321281,41,58.0,216.9174334140436,25.185108509573194,0.06461928091349319,295,717,1,1
124,2.8742462405080014,0.16381375310462118,13.190210953342573,50.12689970954964,50.12689970954964,13.190210953342573,7,31.0,221.65017421602784,23.0042728205133,0.0643109144680612,295,1456,0,0
125,10.49477994756163,0.5111628478487129,20.882519986503564,41.0,41.0,15.061690386447381,4,13.0,139.61538461538458,24.06046329017002,0.16401374224734072,304,143,0,0
126,5.6367132318865965,0.30503607265204513,9.721086439390888,15.0,24.2252007739072,9.721086439390888,7,11.0,140.04545454545456,22.78043887022025,0.18529573689172266,304,167,0,0
127,7.287634574151506,0.6268157561525867,21.165985686467984,32.74411527667249,36.07359240078053,10.263746511387872,9,16.0,141.3,23.924931430848197,0.1479044814750212,304,283,0,0
128,5.899047809194978,0.1885143739857816,43.218657967749415,7.426800707138307,43.218657967749415,7.426800707138307,28,41.0,232.23471433344469,22.22477799964122,0.06821934480523482,452,1456,1,0
129,8.494174331997295,0.29068853627782704,34.26065578374295,24.805356384157502,34.94748815150538,18.50345244924776,7,50.0,243.63363754889176,22.713742250240564,0.07255373771785141,459,16,1,0
130,4.8415795699911275,0.41916259482433255,17.172025726357212,25.742527313126754,28.238310262511764,14.323973541460516,36,49.0,240.16578249336868,21.48676365209444,0.07260255962150114,459,50,0,0
131,6.376873659012187,0.23937746450055405,42.14754612793074,12.67029184740078,42.14754612793074,12.67029184740078,21,49.0,223.3629807692308,25.62343298465609,0.07182533793470625,459,582,1,1
132,14.295780585125925,0.18517488674444516,35.18295831046679,5.6259879196219815,35.18295831046679,5.6259879196219815,30,68.0,223.61025641025643,18.28901077547917,0.061716036864592684,554,53,1,1
133,3.822088418138199,0.14730741874522926,10.316115952396137,28.125540239239623,28.616599333299163,10.316115952396137,7,23.0,226.18251748251748,18.558058755617445,0.06633765162165146,554,54,0,0
134,8.583658621180627,0.3465425608998987,21.3321486996618,20.201920002037774,26.456607174549273,16.922164892361867,33,48.0,241.45815677966098,23.096942301054675,0.07510973226141797,582,16,1,0
135,6.376873659012187,0.23937746450055405,42.14754612793074,12.67029184740078,42.14754612793074,12.67029184740078,21,49.0,223.3629807692308,25.62343298465609,0.07182533793470625,582,459,1,1
136,4.081762361304868,0.5102738454374535,17.703917193557988,24.55242418073812,26.34465146459291,14.87916311705883,20,32.0,203.06468023255815,18.672399570428173,0.14509543767871694,582,1090,0,0
137,1.7620783659223291,0.2425828016382033,37.2578842856553,7.378807985321281,37.2578842856553,7.378807985321281,41,58.0,216.9174334140436,25.185108509573194,0.06461928091349319,717,295,1,1
138,3.5241561608845258,0.30485128869999073,21.593180081730427,21.022357990287198,23.608225867446922,14.268692490361971,26,29.0,201.30314769975783,19.36727610714839,0.12789886950741286,717,1532,1,0
139,7.309266846716612,0.5098828174863496,38.610928969329535,18.52341776899476,39.01098178887709,11.31949662973161,19,42.0,221.74149659863946,24.705282308085817,0.08320550462269755,721,893,1,1
140,9.00836299851802,0.4836829508399251,19.13548986760816,48.97040814044471,48.97040814044471,18.57715740115853,20,41.0,201.04003139717426,19.874623277196537,0.1475717738115797,721,984,0,0
141,12.870008483718369,0.3190629591610815,34.86566372466278,9.030574870412103,34.86566372466278,9.018107385134874,39,47.0,269.6836734693877,19.34806785703541,0.08135658727064851,772,44,1,1
142,11.848532578118064,0.2612045829612511,31.112838812461163,26.671585466902272,33.218741161252254,16.297265548920727,16,49.0,243.9711960733661,23.10584561803532,0.07658676459372453,772,121,1,0
143,7.970305595723504,0.2444917688680085,32.49157545319835,37.716343938820245,37.716343938820245,22.052304380421248,1,30.0,265.1241496598639,21.25490930631927,0.0818118863959883,772,840,0,0
144,3.7306092807471662,0.2007042054647336,17.078263239535893,16.59281989863957,17.675114309267492,15.886699919452562,15,15.0,160.76274509803918,16.936904191088132,0.052103509671488746,777,778,0,0
145,3.7306092807471662,0.2007042054647336,17.078263239535893,16.59281989863957,17.675114309267492,15.886699919452562,15,15.0,160.76274509803918,16.936904191088132,0.052103509671488746,778,777,0,0
146,9.772394588922634,0.3316447128409296,33.846029881974985,6.746230028228678,33.846029881974985,6.746230028228678,18,30.0,264.28921568627453,22.564998545106807,0.08722250599654507,840,29,1,1
147,7.970305595723504,0.2444917688680085,32.49157545319835,37.716343938820245,37.716343938820245,22.052304380421248,1,30.0,265.1241496598639,21.25490930631927,0.0818118863959883,840,772,0,0
148,6.067232503039938,0.2486539145619459,23.616620289181977,44.782611460420796,44.782611460420796,18.84418801278019,4,42.0,218.90657022302597,25.017475671886594,0.07761521844347609,893,121,0,0
149,7.309266846716612,0.5098828174863496,38.610928969329535,18.52341776899476,39.01098178887709,11.31949662973161,19,42.0,221.74149659863946,24.705282308085817,0.08320550462269755,893,721,1,1
150,3.9670266663115314,0.1863991022329915,33.4890823673146,18.612919130997366,36.32209648110752,17.865625485108964,11,36.0,205.44712070874863,17.36909467618988,0.15109363659016556,893,1090,1,0
151,4.88955593085956,0.16664045644256295,17.568349413577813,36.725796154917674,39.59236470938574,17.12865386180063,6,27.0,238.7208713272543,21.01068770330106,0.08137712797752175,893,1336,0,0
152,9.00836299851802,0.4836829508399251,19.13548986760816,48.97040814044471,48.97040814044471,18.57715740115853,20,41.0,201.04003139717426,19.874623277196537,0.1475717738115797,984,721,0,0
153,6.1944620145031815,0.06175810250198545,23.706539182259394,21.840329667841555,25.079872407968914,20.248456731316587,20,76.0,181.02472527472526,13.884745762800131,0.2058384189370208,984,1378,0,0
154,3.6294172998318768,0.257922763032347,26.726067912474342,21.136250281317817,27.733165662729746,20.54287826873711,19,41.0,198.93326186009116,18.13576106599802,0.13732119296409345,984,2435,0,0
155,4.5294941022582105,0.310661810207647,19.689440455549484,36.986090084093426,38.26170402813785,16.731834571513915,30,47.0,220.31364636830526,16.202556762545367,0.15321026979376648,1002,1336,0,0
156,4.081762361304868,0.5102738454374535,17.703917193557988,24.55242418073812,26.34465146459291,14.87916311705883,20,32.0,203.06468023255815,18.672399570428173,0.14509543767871694,1090,582,0,0
157,3.9670266663115314,0.1863991022329915,33.4890823673146,18.612919130997366,36.32209648110752,17.865625485108964,11,36.0,205.44712070874863,17.36909467618988,0.15109363659016556,1090,893,1,0
158,6.0402722995953635,0.03912435639454308,21.37755832643195,21.840329667841555,23.769728648009423,19.6468827043885,16,53.0,182.30426356589143,14.457330598909365,0.1903696205256497,1090,1955,0,0
159,6.092286761288627,0.05199145906348003,23.769728648009423,21.640350923665924,24.698178070456933,20.8806130178211,13,48.0,183.99176356589143,13.587560195556016,0.1921181806149099,1090,2198,0,0
160,6.084060604630546,0.2495942933544124,42.343187740070725,18.446291114178926,42.343187740070725,14.490962633497084,30,54.0,219.58075480543837,19.67583154000378,0.06759774206740014,1177,1768,1,1
161,5.919549205706807,0.3824166930646768,12.752640062202687,11.599451483437619,23.531589956875745,11.599451483437619,25,26.0,257.387537993921,18.870362367194122,0.07738443879675183,1336,44,1,0
162,5.6797461492952905,0.21128926037410733,37.43327178435123,9.734859982899076,39.81466433396579,9.734859982899076,24,45.0,231.67506059789932,22.628140128194037,0.07261461611982782,1336,121,1,1
163,4.88955593085956,0.16664045644256295,17.568349413577813,36.725796154917674,39.59236470938574,17.12865386180063,6,27.0,238.7208713272543,21.01068770330106,0.08137712797752175,1336,893,0,0
164,4.5294941022582105,0.310661810207647,19.689440455549484,36.986090084093426,38.26170402813785,16.731834571513915,30,47.0,220.31364636830526,16.202556762545367,0.15321026979376648,1336,1002,0,0
165,3.1280524249848938,0.1178246510072708,30.54230334363489,26.43957612761961,33.6029302382356,17.449832161069168,4,25.0,217.89282899921199,16.69748417484741,0.13233617629918493,1336,1966,1,1
166,2.2604699882312693,0.34122153134792843,30.256519186404,6.246176586081736,32.871039827983665,5.3686928840857835,40,52.0,237.05392156862743,23.03646512679168,0.06526750211620816,1358,2072,1,1
167,6.1944620145031815,0.06175810250198545,23.706539182259394,21.840329667841555,25.079872407968914,20.248456731316587,20,76.0,181.02472527472526,13.884745762800131,0.2058384189370208,1378,984,0,0
168,2.8742462405080014,0.16381375310462118,13.190210953342573,50.12689970954964,50.12689970954964,13.190210953342573,7,31.0,221.65017421602784,23.0042728205133,0.0643109144680612,1456,295,0,0
169,5.899047809194978,0.1885143739857816,43.218657967749415,7.426800707138307,43.218657967749415,7.426800707138307,28,41.0,232.23471433344469,22.22477799964122,0.06821934480523482,1456,452,1,0
170,3.9539429668648483,0.2506022902876487,12.193716804539864,9.769072378078953,12.193716804539864,9.190240807833764,10,10.0,215.9494382022472,20.99034914179621,0.06840293397463729,1523,104,0,0
171,3.5241561608845258,0.30485128869999073,21.593180081730427,21.022357990287198,23.608225867446922,14.268692490361971,26,29.0,201.30314769975783,19.36727610714839,0.12789886950741286,1532,717,1,0
172,2.7709547614478254,0.23324732199412476,21.380959829157387,28.481179065605435,30.5718810740416,19.741432349254094,7,24.0,200.9282106782107,17.551705127248432,0.12166886404912107,1598,2113,0,0
173,5.783132623916908,0.03737991069709826,28.0178514522438,23.432711915097308,28.0178514522438,22.09072203437452,2,48.0,181.6081349206349,13.470523213508224,0.1647223784545041,1598,2198,0,0
174,1.1299815187910731,0.14574266050865686,17.604132290257517,17.055013468915096,17.89343947985166,15.532831719927895,15,15.0,160.68787878787882,21.10009927321815,0.05122789470634579,1660,2267,0,0
175,4.040713141216883,0.11368552786735005,36.39144109250973,13.038404810405297,36.39144109250973,13.038404810405297,5,10.0,194.35,19.556831370690247,0.1617140483462597,1737,1866,1,1
176,6.084060604630546,0.2495942933544124,42.343187740070725,18.446291114178926,42.343187740070725,14.490962633497084,30,54.0,219.58075480543837,19.67583154000378,0.06759774206740014,1768,1177,1,1
177,4.040713141216883,0.11368552786735005,36.39144109250973,13.038404810405297,36.39144109250973,13.038404810405297,5,10.0,194.35,19.556831370690247,0.1617140483462597,1866,1737,1,1
178,6.0402722995953635,0.03912435639454308,21.37755832643195,21.840329667841555,23.769728648009423,19.6468827043885,16,53.0,182.30426356589143,14.457330598909365,0.1903696205256497,1955,1090,0,0
179,4.095186139724121,0.5660456298704919,10.192491150723155,10.653047688327105,13.930009359178223,9.588780346482524,14,23.0,198.0785278949836,20.70427214343294,0.12857426676513928,1966,121,0,0
180,3.1280524249848938,0.1178246510072708,30.54230334363489,26.43957612761961,33.6029302382356,17.449832161069168,4,25.0,217.89282899921199,16.69748417484741,0.13233617629918493,1966,1336,1,1
181,2.2604699882312693,0.34122153134792843,30.256519186404,6.246176586081736,32.871039827983665,5.3686928840857835,40,52.0,237.05392156862743,23.03646512679168,0.06526750211620816,2072,1358,1,1
182,3.519915226762085,0.11099506034822264,33.41922822977245,8.898912542786128,33.846721530519055,8.511173616063395,8,24.0,223.79034729315632,20.33172178386437,0.08208135147435436,2113,104,1,1
183,2.7709547614478254,0.23324732199412476,21.380959829157387,28.481179065605435,30.5718810740416,19.741432349254094,7,24.0,200.9282106782107,17.551705127248432,0.12166886404912107,2113,1598,0,0
184,6.092286761288627,0.05199145906348003,23.769728648009423,21.640350923665924,24.698178070456933,20.8806130178211,13,48.0,183.99176356589143,13.587560195556016,0.1921181806149099,2198,1090,0,0
185,5.783132623916908,0.03737991069709826,28.0178514522438,23.432711915097308,28.0178514522438,22.09072203437452,2,48.0,181.6081349206349,13.470523213508224,0.1647223784545041,2198,1598,0,0
186,1.1299815187910731,0.14574266050865686,17.604132290257517,17.055013468915096,17.89343947985166,15.532831719927895,15,15.0,160.68787878787882,21.10009927321815,0.05122789470634579,2267,1660,0,0
187,3.6294172998318768,0.257922763032347,26.726067912474342,21.136250281317817,27.733165662729746,20.54287826873711,19,41.0,198.93326186009116,18.13576106599802,0.13732119296409345,2435,984,0,0
188,4.396102169977518,0.3649309453735258,68.71622266905878,19.63033212506344,68.71622266905878,14.438682526918805,3,13.0,141.05279503105592,21.965449423184246,0.15933397712643546,2650,2917,1,0
189,5.4879550977370855,0.22246671648347274,38.3275357934736,28.56069652446034,51.71073389539158,19.49828584319739,2,30.0,138.02419354838707,19.262999312353987,0.23694598710754544,2661,2717,0,0
190,11.25344897971674,0.27349200912735633,66.94952732154164,13.288801792564723,73.92563831310488,13.288801792564723,2,27.0,141.7541935483871,19.246689464912837,0.23431783772537595,2661,2793,1,0
191,6.021868107722371,0.2293220408379148,44.113490000225546,29.35679080272757,44.113490000225546,17.835280433060767,2,18.0,139.50948766603418,20.80826842949994,0.21596042221627013,2661,2953,0,0
192,4.597477162412186,0.17007438430179544,34.00930923684444,12.303777425189452,34.00930923684444,10.391733471769564,7,15.0,139.27419354838707,17.957285096321698,0.26561753102816776,2661,3021,1,0
193,5.206752185622059,0.18272182017185765,20.0,23.28089345364563,43.01162633521314,17.029386365926403,2,13.0,137.94086021505376,18.4019406480127,0.24169322290850714,2661,3027,0,0
194,6.543254902929593,0.4791910148709676,10.689029681618443,33.865257256278674,45.54880339510597,10.689029681618443,3,10.0,150.69482758620688,22.71270772810393,0.15554782917140125,2665,2702,0,0
195,6.780832317780849,0.3227676196765528,45.270697495055245,13.0,46.32141099679086,13.0,1,11.0,149.19482758620688,21.416831551216085,0.1829514143795062,2665,2740,0,0
196,7.695470700437834,0.2684017100860282,52.318289509741646,37.88629705522657,59.452391743760145,17.66236245050769,2,19.0,146.42816091954026,23.033237691633396,0.16919703420657733,2665,2755,0,0
197,7.502260613834456,0.8141780809527129,24.0,14.725854664031402,24.0,9.19903553044877,6,14.0,151.63649425287355,23.01140789346685,0.1646558310895406,2665,2803,0,0
198,3.814278017000504,0.5305564434474381,60.55776482256067,15.46585621708133,60.55776482256067,11.528540301912244,4,14.0,149.5233990147783,22.670028378463826,0.16298067782359682,2665,2813,1,0
199,4.548315460853064,0.21586205792066707,35.73211858214061,15.05060914907643,52.00381104654434,15.05060914907643,3,21.0,148.9198275862069,19.94775025609881,0.19674926048767025,2665,2864,1,0
200,5.716804327474985,1.00372610631012,13.987122523412676,14.0,24.978492120624622,9.906372731491807,11,18.0,149.86982758620692,22.299592767251806,0.1762151987105957,2665,2933,0,0
201,3.13358380392564,0.33967421337212034,17.503002554800087,38.60051813123757,39.21734310225516,11.855182636186335,4,11.0,149.21982758620692,21.58027640498651,0.17167620224257132,2665,3117,0,0
202,8.236922100244637,0.21167610639702725,29.291860492042986,39.17863280996148,39.17863280996148,18.61804165860132,3,10.0,149.08214285714286,22.508425939666072,0.15105877421834202,2684,2702,0,0
203,8.529559226759508,0.4593682376845558,17.825475982935398,37.271513123234676,42.215192682501566,8.0,9,19.0,144.81547619047618,22.82895590319554,0.16470797925351816,2684,2755,0,0
204,5.662141958190713,0.16636234955248144,11.0,49.11859810137825,51.03801989171274,11.0,1,13.0,142.55032467532467,19.714958022652297,0.19371176821520575,2684,2766,0,0
205,7.249829900269481,0.46278161387143396,41.59326868617085,30.88233816306077,42.5440947723653,21.63785590327489,1,14.0,150.02380952380952,22.80712610502898,0.1601667761364814,2684,2803,0,0
206,8.58991579508737,0.39282664474830653,13.480471759761985,40.311288741492746,43.231240825368225,10.804639323614062,4,22.0,147.30714285714288,19.743468467660943,0.19226020553461104,2684,2864,0,0
207,8.601583703514452,0.3528031148203975,15.393038678456184,39.97499218261337,52.13800452290888,7.031200154151352,5,20.0,148.25714285714287,22.09531097881395,0.1717261437575365,2684,2933,0,0
208,8.72124142422509,0.6738927323701265,18.17194683842505,14.0,27.43070069569217,9.854427233995443,7,16.0,146.39880952380952,23.03345129485079,0.16117479144320396,2684,3048,0,0
209,6.543254902929593,0.4791910148709676,10.689029681618443,33.865257256278674,45.54880339510597,10.689029681618443,3,10.0,150.69482758620688,22.71270772810393,0.15554782917140125,2702,2665,0,0
210,8.236922100244637,0.21167610639702725,29.291860492042986,39.17863280996148,39.17863280996148,18.61804165860132,3,10.0,149.08214285714286,22.508425939666072,0.15105877421834202,2702,2684,0,0
211,5.4879550977370855,0.22246671648347274,38.3275357934736,28.56069652446034,51.71073389539158,19.49828584319739,2,30.0,138.02419354838707,19.262999312353987,0.23694598710754544,2717,2661,0,0
212,10.425984665163947,0.7436923390217367,46.747804275262524,8.602812851529475,48.83100529264257,8.602812851529475,4,27.0,141.23000000000005,22.472345003433976,0.17626071115077466,2717,2793,1,0
213,5.167026354657629,0.16676772789955496,11.0,34.776523694513976,39.294279102900866,11.0,5,11.0,138.5681818181818,24.13420907061437,0.1624279594708824,2717,2857,0,0
214,5.551089776864831,0.2935062692241477,27.416839204964088,45.02222265663778,45.02222265663778,14.43649310827543,4,15.0,138.75,21.182940634842844,0.2075604044535665,2717,3021,0,0
215,7.8409217453665025,0.4389247972395144,27.416839204964088,22.0,27.416839204964088,10.652025061211653,6,14.0,138.17857142857144,21.844742824900656,0.22357127471807675,2717,3042,1,0
216,7.092922136366244,0.4001475634688359,29.107605969897147,30.745594937260513,39.21734310225516,11.811320404774687,5,18.0,140.27391304347827,21.248099966890813,0.183313837816546,2719,2790,0,0
217,6.219549680977521,0.7264705558856557,21.068744338494216,55.8926703156387,55.8926703156387,19.84555382202284,2,18.0,143.07999999999996,22.23609652927241,0.17104713594750198,2719,2793,0,0
218,4.5345107987418665,0.7355578838598403,23.149423244193745,8.280509550515964,23.149423244193745,8.280509550515964,10,11.0,140.4181818181818,23.897960596452798,0.1572143842676097,2719,2857,0,0
219,7.8334205803033266,0.7766183912726672,27.351724520389126,11.58675377463509,27.351724520389126,10.147018717787084,6,10.0,138.65555555555557,22.012595917168646,0.1684330973651605,2719,2959,0,0
220,6.780832317780849,0.3227676196765528,45.270697495055245,13.0,46.32141099679086,13.0,1,11.0,149.19482758620688,21.416831551216085,0.1829514143795062,2740,2665,0,0
221,7.695470700437834,0.2684017100860282,52.318289509741646,37.88629705522657,59.452391743760145,17.66236245050769,2,19.0,146.42816091954026,23.033237691633396,0.16919703420657733,2755,2665,0,0
222,8.529559226759508,0.4593682376845558,17.825475982935398,37.271513123234676,42.215192682501566,8.0,9,19.0,144.81547619047618,22.82895590319554,0.16470797925351816,2755,2684,0,0
223,4.443600511939514,0.6353445779669751,9.654039837811725,11.112497229138038,17.70411767709094,9.654039837811725,5,13.0,141.90151515151513,21.243409306790973,0.18394312859446216,2755,2766,0,0
224,6.240528963310303,0.21264433290048268,31.62648106102973,28.457125928223416,59.03388857258178,17.701098241691092,2,19.0,143.28333333333333,24.01784898996246,0.16253445850720438,2755,2772,0,0
225,7.45753947222893,0.4862178414992409,10.323920048436175,32.196397888452786,32.196397888452786,10.323920048436175,10,14.0,147.26190476190476,23.994197874164648,0.148722983249794,2755,2813,0,0
226,7.034785139621165,0.14204133309946348,19.61468034471007,40.70231222248289,51.883182193821725,19.61468034471007,1,15.0,144.61666666666667,22.181944880886725,0.1755096520707272,2755,2816,0,0
227,6.452660941292568,0.2404899595836779,22.712848405036713,27.67482096165932,33.75535718147741,21.008752806303338,1,14.0,146.65833333333333,21.271919751799626,0.18249156591386745,2755,2864,0,0
228,5.662141958190713,0.16636234955248144,11.0,49.11859810137825,51.03801989171274,11.0,1,13.0,142.55032467532467,19.714958022652297,0.19371176821520575,2766,2684,0,0
229,4.443600511939514,0.6353445779669751,9.654039837811725,11.112497229138038,17.70411767709094,9.654039837811725,5,13.0,141.90151515151513,21.243409306790973,0.18394312859446216,2766,2755,0,0
230,5.693402327359875,0.11453808593058692,50.24937810560446,17.691250836401952,50.24937810560446,17.691250836401952,1,13.0,141.01818181818183,20.90385110941921,0.19153824746889206,2766,2772,0,0
231,5.918265340284753,0.3822669598471857,21.5343959724588,41.14608122288197,41.14608122288197,11.96439141688304,3,11.0,144.99675324675326,20.880199993621407,0.17772677221148164,2766,2813,0,0
232,4.864097927215937,0.15340417919278798,29.782895617885185,28.71771813312305,42.0,18.0,1,12.0,142.35151515151512,19.06794700034348,0.2045134410324148,2766,2816,0,0
233,6.240528963310303,0.21264433290048268,31.62648106102973,28.457125928223416,59.03388857258178,17.701098241691092,2,19.0,143.28333333333333,24.01784898996246,0.16253445850720438,2772,2755,0,0
234,5.693402327359875,0.11453808593058692,50.24937810560446,17.691250836401952,50.24937810560446,17.691250836401952,1,13.0,141.01818181818183,20.90385110941921,0.19153824746889206,2772,2766,0,0
235,5.9547958870710715,0.2885879890125408,74.32429050503076,3.0165828638706778,74.32429050503076,3.0165828638706778,4,18.0,143.27692307692308,25.05694551924402,0.1464134207762568,2772,2799,1,0
236,4.241956170163997,0.34266731880008505,15.152222033452961,49.91720807580994,49.91720807580994,15.152222033452961,1,14.0,146.37857142857143,23.65463967679289,0.15631810212422387,2772,2813,0,0
237,7.866679580713778,0.2177958286110539,17.0236074873364,22.474351205459445,37.8549864614954,17.0236074873364,2,15.0,143.73333333333338,21.842386683514967,0.18310477094515706,2772,2816,0,0
238,5.567094369774722,0.15769579195825226,17.605540105579625,53.284471801022406,56.304759623677455,17.605540105579625,1,14.0,145.775,20.932361554427867,0.19008668478829727,2772,2864,0,0
239,7.092922136366244,0.4001475634688359,29.107605969897147,30.745594937260513,39.21734310225516,11.811320404774687,5,18.0,140.27391304347827,21.248099966890813,0.183313837816546,2790,2719,0,0
240,14.075298585419715,0.4304927599267633,40.311288741492746,39.70427496739964,40.718546143004666,21.72861204527948,1,23.0,142.15391304347827,21.468038593611226,0.1858992636376492,2790,2793,0,0
241,4.744115921515605,0.28209533739260323,32.74136971471402,25.16453082248795,32.74136971471402,21.257962019583076,1,11.0,139.49209486166006,23.12990266079161,0.1720665119577569,2790,2857,0,0
242,8.79803634517681,0.2723430527198625,12.471694386141438,32.38928811799845,38.89730067755345,12.471694386141438,3,10.0,137.72946859903382,21.244537981507452,0.1832852250553077,2790,2959,0,0
243,11.25344897971674,0.27349200912735633,66.94952732154164,13.288801792564723,73.92563831310488,13.288801792564723,2,27.0,141.7541935483871,19.246689464912837,0.23431783772537595,2793,2661,1,0
244,10.425984665163947,0.7436923390217367,46.747804275262524,8.602812851529475,48.83100529264257,8.602812851529475,4,27.0,141.23000000000005,22.472345003433976,0.17626071115077466,2793,2717,1,0
245,6.219549680977521,0.7264705558856557,21.068744338494216,55.8926703156387,55.8926703156387,19.84555382202284,2,18.0,143.07999999999996,22.23609652927241,0.17104713594750198,2793,2719,0,0
246,14.075298585419715,0.4304927599267633,40.311288741492746,39.70427496739964,40.718546143004666,21.72861204527948,1,23.0,142.15391304347827,21.468038593611226,0.1858992636376492,2793,2790,0,0
247,5.2595973161691205,0.4208664237179389,25.455880414553253,34.272461328480766,34.272461328480766,5.610501206846869,3,11.0,142.29818181818183,24.117899223173215,0.1597998100887129,2793,2857,0,0
248,4.6046025155823225,0.44983751104178027,20.43903713591839,15.935847909135742,23.45471663720781,11.72201954799864,5,12.0,145.82999999999996,23.78548780207344,0.14493260416895415,2793,3113,0,0
249,7.522453932279205,0.19722831428817986,23.213436412549893,43.04648650006177,45.221676218380054,14.838666882292946,3,10.0,142.23000000000005,23.523562409389896,0.1569126649790242,2793,3129,0,0
250,5.9547958870710715,0.2885879890125408,74.32429050503076,3.0165828638706778,74.32429050503076,3.0165828638706778,4,18.0,143.27692307692308,25.05694551924402,0.1464134207762568,2799,2772,1,0
251,5.427413670928596,0.4909569587121208,53.292025159333996,21.18168078061349,53.292025159333996,21.18168078061349,1,15.0,144.6102564102564,23.22104141016829,0.1593886143397796,2799,2816,0,0
252,10.806607484124763,0.9126241892266904,55.08648434034949,34.56095640733327,55.08648434034949,8.058161915892775,8,20.0,144.43406593406593,24.135481171204976,0.13444567595558252,2799,2917,0,0
253,5.703918371740134,0.2168378900839939,42.64303002618071,27.65863337187866,42.64303002618071,18.31357257067335,3,13.0,143.9102564102564,23.686973152803997,0.16033915198248164,2799,3039,0,0
254,3.4349305115157187,0.4623982131326725,25.586602105071115,19.13732567014157,25.586602105071115,11.21254002309933,6,12.0,144.94055944055944,25.537390263984484,0.13948661393916328,2799,3112,0,0
255,7.502260613834456,0.8141780809527129,24.0,14.725854664031402,24.0,9.19903553044877,6,14.0,151.63649425287355,23.01140789346685,0.1646558310895406,2803,2665,0,0
256,7.249829900269481,0.46278161387143396,41.59326868617085,30.88233816306077,42.5440947723653,21.63785590327489,1,14.0,150.02380952380952,22.80712610502898,0.1601667761364814,2803,2684,0,0
257,6.546683315713271,0.3209771655435987,37.0048446970582,15.033477939265964,43.25454505577037,6.2510104851928086,3,14.0,152.4702380952381,23.97236807599809,0.1441817801327573,2803,2813,0,0
258,6.1100766950266685,0.46904217798556797,18.741487137866994,14.811113313242068,26.0,9.975682311311552,3,11.0,151.86666666666667,21.250089953633076,0.17795036279683069,2803,2864,0,0
259,3.814278017000504,0.5305564434474381,60.55776482256067,15.46585621708133,60.55776482256067,11.528540301912244,4,14.0,149.5233990147783,22.670028378463826,0.16298067782359682,2813,2665,1,0
260,7.45753947222893,0.4862178414992409,10.323920048436175,32.196397888452786,32.196397888452786,10.323920048436175,10,14.0,147.26190476190476,23.994197874164648,0.148722983249794,2813,2755,0,0
261,5.918265340284753,0.3822669598471857,21.5343959724588,41.14608122288197,41.14608122288197,11.96439141688304,3,11.0,144.99675324675326,20.880199993621407,0.17772677221148164,2813,2766,0,0
262,4.241956170163997,0.34266731880008505,15.152222033452961,49.91720807580994,49.91720807580994,15.152222033452961,1,14.0,146.37857142857143,23.65463967679289,0.15631810212422387,2813,2772,0,0
263,6.546683315713271,0.3209771655435987,37.0048446970582,15.033477939265964,43.25454505577037,6.2510104851928086,3,14.0,152.4702380952381,23.97236807599809,0.1441817801327573,2813,2803,0,0
264,6.19207996238484,0.12012056822607887,17.680170184732823,53.75872022286245,63.49112340616309,16.738914604476108,4,14.0,147.71190476190475,21.818735567717155,0.16929329568774665,2813,2816,0,0
265,6.248981401179893,0.27459088736495885,19.15748097948572,14.232347419494419,27.43054728224858,14.232347419494419,4,11.0,149.75357142857143,20.908710438630052,0.17627520953088688,2813,2864,0,0
266,7.034785139621165,0.14204133309946348,19.61468034471007,40.70231222248289,51.883182193821725,19.61468034471007,1,15.0,144.61666666666667,22.181944880886725,0.1755096520707272,2816,2755,0,0
267,4.864097927215937,0.15340417919278798,29.782895617885185,28.71771813312305,42.0,18.0,1,12.0,142.35151515151512,19.06794700034348,0.2045134410324148,2816,2766,0,0
268,7.866679580713778,0.2177958286110539,17.0236074873364,22.474351205459445,37.8549864614954,17.0236074873364,2,15.0,143.73333333333338,21.842386683514967,0.18310477094515706,2816,2772,0,0
269,5.427413670928596,0.4909569587121208,53.292025159333996,21.18168078061349,53.292025159333996,21.18168078061349,1,15.0,144.6102564102564,23.22104141016829,0.1593886143397796,2816,2799,0,0
270,6.19207996238484,0.12012056822607887,17.680170184732823,53.75872022286245,63.49112340616309,16.738914604476108,4,14.0,147.71190476190475,21.818735567717155,0.16929329568774665,2816,2813,0,0
271,5.167026354657629,0.16676772789955496,11.0,34.776523694513976,39.294279102900866,11.0,5,11.0,138.5681818181818,24.13420907061437,0.1624279594708824,2857,2717,0,0
272,4.5345107987418665,0.7355578838598403,23.149423244193745,8.280509550515964,23.149423244193745,8.280509550515964,10,11.0,140.4181818181818,23.897960596452798,0.1572143842676097,2857,2719,0,0
273,4.744115921515605,0.28209533739260323,32.74136971471402,25.16453082248795,32.74136971471402,21.257962019583076,1,11.0,139.49209486166006,23.12990266079161,0.1720665119577569,2857,2790,0,0
274,5.2595973161691205,0.4208664237179389,25.455880414553253,34.272461328480766,34.272461328480766,5.610501206846869,3,11.0,142.29818181818183,24.117899223173215,0.1597998100887129,2857,2793,0,0
275,4.548315460853064,0.21586205792066707,35.73211858214061,15.05060914907643,52.00381104654434,15.05060914907643,3,21.0,148.9198275862069,19.94775025609881,0.19674926048767025,2864,2665,1,0
276,8.58991579508737,0.39282664474830653,13.480471759761985,40.311288741492746,43.231240825368225,10.804639323614062,4,22.0,147.30714285714288,19.743468467660943,0.19226020553461104,2864,2684,0,0
277,6.452660941292568,0.2404899595836779,22.712848405036713,27.67482096165932,33.75535718147741,21.008752806303338,1,14.0,146.65833333333333,21.271919751799626,0.18249156591386745,2864,2755,0,0
278,5.567094369774722,0.15769579195825226,17.605540105579625,53.284471801022406,56.304759623677455,17.605540105579625,1,14.0,145.775,20.932361554427867,0.19008668478829727,2864,2772,0,0
279,6.1100766950266685,0.46904217798556797,18.741487137866994,14.811113313242068,26.0,9.975682311311552,3,11.0,151.86666666666667,21.250089953633076,0.17795036279683069,2864,2803,0,0
280,6.248981401179893,0.27459088736495885,19.15748097948572,14.232347419494419,27.43054728224858,14.232347419494419,4,11.0,149.75357142857143,20.908710438630052,0.17627520953088688,2864,2813,0,0
281,6.408635305184816,0.2196406394851424,20.47507374078462,30.645066992828628,52.15307470658473,20.47507374078462,1,19.0,150.10000000000005,20.53827482741804,0.18950973041788574,2864,2933,0,0
282,7.151509639693309,0.30790195427019496,26.74545006305985,44.87857177242301,46.26931172601478,15.798196684513377,3,11.0,145.62045454545455,20.992373429130367,0.1872359211844776,2864,3040,0,0
283,9.743148024504443,0.23516315490018966,51.21637033905861,18.93829790599102,56.37388499500519,14.467917240729651,2,18.0,137.94736842105266,22.35533260243421,0.16456712295337803,2900,2938,1,0
284,3.8220046498579414,0.9558347462596244,17.511469709150397,15.126479921520104,20.791937986574684,0.0,10,12.0,139.42105263157896,26.351115620791504,0.13310025541859696,2900,2987,0,0
285,5.116612080851038,0.8819020854030135,40.47306243275993,11.583161033029294,40.47306243275993,11.583161033029294,6,13.0,139.46271929824562,23.338040461590534,0.13902725626557494,2900,3014,0,0
286,4.396102169977518,0.3649309453735258,68.71622266905878,19.63033212506344,68.71622266905878,14.438682526918805,3,13.0,141.05279503105592,21.965449423184246,0.15933397712643546,2917,2650,1,0
287,10.806607484124763,0.9126241892266904,55.08648434034949,34.56095640733327,55.08648434034949,8.058161915892775,8,20.0,144.43406593406593,24.135481171204976,0.13444567595558252,2917,2799,0,0
288,12.838706414815604,0.5868502553257304,28.414593572086783,17.627328746585622,34.122440873054245,11.544001863705663,5,13.0,144.19047619047618,21.386854078111625,0.1720875637671848,2917,3039,0,0
289,13.9179790908471,0.16685252545977386,14.89359674504118,31.237348871613026,45.65561920048084,14.89359674504118,1,11.0,143.40259740259742,22.816838319254156,0.15531106895714025,2917,3040,0,0
290,9.167310134439347,0.4758954386556197,57.07535264539019,8.407102473788889,57.9074078895944,8.407102473788889,5,12.0,145.22077922077918,23.23727118929212,0.15123502572386646,2917,3112,1,0
291,5.716804327474985,1.00372610631012,13.987122523412676,14.0,24.978492120624622,9.906372731491807,11,18.0,149.86982758620692,22.299592767251806,0.1762151987105957,2933,2665,0,0
292,8.601583703514452,0.3528031148203975,15.393038678456184,39.97499218261337,52.13800452290888,7.031200154151352,5,20.0,148.25714285714287,22.09531097881395,0.1717261437575365,2933,2684,0,0
293,6.408635305184816,0.2196406394851424,20.47507374078462,30.645066992828628,52.15307470658473,20.47507374078462,1,19.0,150.10000000000005,20.53827482741804,0.18950973041788574,2933,2864,0,0
294,6.383424178660403,0.24140339273577704,10.732542435542051,38.73908297130796,38.73908297130796,10.732542435542051,6,16.0,149.19166666666666,23.828257654607874,0.15842431632647871,2933,3048,0,0
295,6.3604405408650875,0.29062005723660883,14.569055512155918,30.776351599231766,37.483329627982634,14.569055512155918,2,13.0,150.4,22.17080097630573,0.1644366721727869,2933,3117,0,0
296,9.743148024504443,0.23516315490018966,51.21637033905861,18.93829790599102,56.37388499500519,14.467917240729651,2,18.0,137.94736842105266,22.35533260243421,0.16456712295337803,2938,2900,1,0
297,6.124343696041389,0.258618275776967,43.11441159883812,44.654227123532216,50.85772934095928,16.452372373437463,1,12.0,137.5263157894737,22.78351582208669,0.17504010886159907,2938,2987,0,0
298,7.0935422035912925,0.4651554435405477,25.54387885865654,14.035668847618199,26.39909962224544,10.957180424490986,8,14.0,141.67647058823533,22.98024582132836,0.1482388075781313,2943,2975,1,0
299,4.371467983201723,0.3147184655045695,25.28999241373804,42.05948168962618,42.05948168962618,9.334259385572189,2,10.0,139.05555555555554,22.299428988347543,0.17142958275175793,2943,3016,0,0
300,6.021868107722371,0.2293220408379148,44.113490000225546,29.35679080272757,44.113490000225546,17.835280433060767,2,18.0,139.50948766603418,20.80826842949994,0.21596042221627013,2953,2661,0,0
301,6.903002693546301,0.4339412896771011,31.739767628953587,17.265100942505622,31.739767628953587,14.450008604524086,4,12.0,140.23529411764707,22.728209751988803,0.1865748395622912,2953,3021,0,0
302,5.970851317423902,0.472570331616953,37.65634076752546,15.905973720586864,40.718546143004666,15.36714371129946,4,12.0,138.90196078431373,23.17286530367981,0.1626505314426306,2953,3027,0,0
303,7.760398696841003,0.4731963278807812,24.770067933701416,22.096137296962063,32.9979215195676,16.031219541881402,4,11.0,139.6638655462185,23.39001194204661,0.20258570982680146,2953,3042,1,0
304,6.044459685339294,0.26210603263719673,9.72165985323893,44.41846462902562,44.41846462902562,9.72165985323893,3,16.0,142.00980392156862,23.203903880217233,0.16307764349494094,2956,2975,0,0
305,6.22492470415105,0.3263596562568604,27.66612968511021,21.35236134577811,46.46876687522076,11.827530467802436,3,16.0,141.80555555555554,23.569918534388165,0.1547300253162416,2956,2977,1,0
306,7.8334205803033266,0.7766183912726672,27.351724520389126,11.58675377463509,27.351724520389126,10.147018717787084,6,10.0,138.65555555555557,22.012595917168646,0.1684330973651605,2959,2719,0,0
307,8.79803634517681,0.2723430527198625,12.471694386141438,32.38928811799845,38.89730067755345,12.471694386141438,3,10.0,137.72946859903382,21.244537981507452,0.1832852250553077,2959,2790,0,0
308,4.726168910303448,0.1722316546448686,20.0,32.0,32.0,8.0,8,13.0,137.41628959276017,18.366765252305946,0.22621958055011565,2964,3031,0,0
309,5.0692831749158564,0.4123088366102543,12.995682726009774,22.414231523429045,30.28305418870709,7.373008001416662,4,10.0,141.0970588235294,21.73974758338995,0.17844061693604701,2964,3143,0,0
310,5.224007030982398,0.3571143262972101,14.97648616490669,16.707052757519325,18.817339256531717,10.484271744161171,13,13.0,137.2761904761905,22.76758114317982,0.15297123114362793,2973,3006,0,0
311,4.277052870812146,0.2049418976381054,32.86255233329945,30.319439399171337,32.86255233329945,19.892150726603592,2,11.0,136.67857142857144,22.11252655730077,0.16270920042680787,2973,3034,0,0
312,6.299625082784188,0.2290749094440277,19.054901069121147,40.03401222868722,45.26467924117785,13.399656812160798,5,10.0,139.18131868131866,24.183046165904337,0.12088966287866565,2973,3121,0,0
313,7.0935422035912925,0.4651554435405477,25.54387885865654,14.035668847618199,26.39909962224544,10.957180424490986,8,14.0,141.67647058823533,22.98024582132836,0.1482388075781313,2975,2943,1,0
314,6.044459685339294,0.26210603263719673,9.72165985323893,44.41846462902562,44.41846462902562,9.72165985323893,3,16.0,142.00980392156862,23.203903880217233,0.16307764349494094,2975,2956,0,0
315,4.4966916335299585,0.5418654939597801,20.615153621922353,21.83129152658681,24.65606524766411,12.101712467662376,5,10.0,140.73202614379085,22.66885368678902,0.1568689914312757,2975,3016,0,0
316,4.707032201308997,0.35858889356408585,35.915229489178586,19.38651948564104,39.21734310225516,10.173856358699306,3,12.0,143.83031674208144,22.492463729341026,0.15994066721302985,2975,3120,1,0
317,6.22492470415105,0.3263596562568604,27.66612968511021,21.35236134577811,46.46876687522076,11.827530467802436,3,16.0,141.80555555555554,23.569918534388165,0.1547300253162416,2977,2956,1,0
318,5.738019091659706,0.345548418313786,37.60161027614033,27.029285225432435,40.01533290876816,22.02318473148001,1,10.0,140.17222222222222,24.175165276679646,0.12788893170908278,2977,3137,0,0
319,7.872339753992728,0.9840755105055548,28.40475586149223,26.5913003656546,28.65637620557891,6.052442415650248,3,10.0,143.58333333333334,24.099786135495105,0.13682190149267104,2977,3146,1,0
320,5.581565335674402,0.33938984887755186,19.25754542064273,20.690161484917688,30.613641403977038,14.34696489053804,2,10.0,139.30555555555554,22.789145767816123,0.1642478163480593,2977,3220,0,0
321,5.307295350317282,0.3830765918226579,29.5040499715827,13.240981542048187,34.756276601867164,12.76463856641433,4,13.0,140.125,24.82972691919325,0.12705543739406655,2978,3029,1,0
322,4.413207889428281,0.1917964243399446,23.92775595333819,11.219084624212083,30.124289936780794,11.219084624212083,4,11.0,140.58928571428572,23.79235171643896,0.15962891282532282,2978,3035,0,0
323,6.586521823611583,0.3476633771293149,23.0,35.73285275572201,35.73285275572201,5.0,9,14.0,141.359243697479,22.22254733189743,0.1961452130304957,2985,3041,0,0
324,3.8220046498579414,0.9558347462596244,17.511469709150397,15.126479921520104,20.791937986574684,0.0,10,12.0,139.42105263157896,26.351115620791504,0.13310025541859696,2987,2900,0,0
325,6.124343696041389,0.258618275776967,43.11441159883812,44.654227123532216,50.85772934095928,16.452372373437463,1,12.0,137.5263157894737,22.78351582208669,0.17504010886159907,2987,2938,0,0
326,5.224007030982398,0.3571143262972101,14.97648616490669,16.707052757519325,18.817339256531717,10.484271744161171,13,13.0,137.2761904761905,22.76758114317982,0.15297123114362793,3006,2973,0,0
327,3.3772248934554656,0.1124722984972277,39.20534420142727,31.402031810409788,44.654227123532216,19.254755600742854,1,13.0,135.66904761904763,20.962780473155952,0.19919228312980594,3006,3034,0,0
328,5.900395501618682,0.29725719682875884,29.17003388842257,44.49658397772952,44.49658397772952,21.414066320522046,1,12.0,138.17179487179487,23.033300081759513,0.1573727455816637,3006,3121,0,0
329,6.313253594237762,0.2264550370166689,22.70719937757814,15.945366902064347,27.99479985034627,15.945366902064347,2,10.0,138.1,21.63611324787964,0.16934101438187749,3011,3028,0,0
330,5.116612080851038,0.8819020854030135,40.47306243275993,11.583161033029294,40.47306243275993,11.583161033029294,6,13.0,139.46271929824562,23.338040461590534,0.13902725626557494,3014,2900,0,0
331,6.049735415743686,0.5518476170784623,30.547568625724487,35.0,35.32617970035411,13.25036061253417,3,13.0,138.50833333333333,20.205841845941393,0.18189546194711134,3014,3015,0,0
332,6.049735415743686,0.5518476170784623,30.547568625724487,35.0,35.32617970035411,13.25036061253417,3,13.0,138.50833333333333,20.205841845941393,0.18189546194711134,3015,3014,0,0
333,5.602221877155949,0.12544871133755245,52.0,14.790373021940699,55.0,14.790373021940699,1,14.0,140.00238095238097,20.36832788115853,0.2063499896167718,3015,3041,0,0
334,7.38401848605285,0.4734793777892709,27.260597471822987,27.0,27.260597471822987,11.0,2,10.0,137.68888888888893,21.233436028881304,0.19982235987837432,3015,3166,0,0
335,4.371467983201723,0.3147184655045695,25.28999241373804,42.05948168962618,42.05948168962618,9.334259385572189,2,10.0,139.05555555555554,22.299428988347543,0.17142958275175793,3016,2943,0,0
336,4.4966916335299585,0.5418654939597801,20.615153621922353,21.83129152658681,24.65606524766411,12.101712467662376,5,10.0,140.73202614379085,22.66885368678902,0.1568689914312757,3016,2975,0,0
337,4.597477162412186,0.17007438430179544,34.00930923684444,12.303777425189452,34.00930923684444,10.391733471769564,7,15.0,139.27419354838707,17.957285096321698,0.26561753102816776,3021,2661,1,0
338,5.551089776864831,0.2935062692241477,27.416839204964088,45.02222265663778,45.02222265663778,14.43649310827543,4,15.0,138.75,21.182940634842844,0.2075604044535665,3021,2717,0,0
339,6.903002693546301,0.4339412896771011,31.739767628953587,17.265100942505622,31.739767628953587,14.450008604524086,4,12.0,140.23529411764707,22.728209751988803,0.1865748395622912,3021,2953,0,0
340,5.1931569271543845,0.26959031647621545,25.413018053291783,15.281795130503735,41.23683094155772,15.281795130503735,1,13.0,138.66666666666669,20.321881970501565,0.2123076402545282,3021,3027,0,0
341,5.536936413678663,0.4755867458393408,0.0,29.40077606280753,30.16898686990819,0.0,9,14.0,139.42857142857144,20.53902860886837,0.2522428186386991,3021,3042,0,0
342,4.5447366018598965,0.2637027854749873,43.988631517659776,20.175297327003733,48.52131931381964,20.175297327003733,1,11.0,137.7030303030303,23.981860409796077,0.1639169114231835,3024,3133,0,0
343,6.462376176765621,0.345703843598242,13.366290586936007,17.531705508027052,25.260746156169855,10.18962948563431,9,12.0,140.31666666666666,24.39981316400955,0.12426286454310526,3024,3141,0,0
344,5.206752185622059,0.18272182017185765,20.0,23.28089345364563,43.01162633521314,17.029386365926403,2,13.0,137.94086021505376,18.4019406480127,0.24169322290850714,3027,2661,0,0
345,5.970851317423902,0.472570331616953,37.65634076752546,15.905973720586864,40.718546143004666,15.36714371129946,4,12.0,138.90196078431373,23.17286530367981,0.1626505314426306,3027,2953,0,0
346,5.1931569271543845,0.26959031647621545,25.413018053291783,15.281795130503735,41.23683094155772,15.281795130503735,1,13.0,138.66666666666669,20.321881970501565,0.2123076402545282,3027,3021,0,0
347,6.313253594237762,0.2264550370166689,22.70719937757814,15.945366902064347,27.99479985034627,15.945366902064347,2,10.0,138.1,21.63611324787964,0.16934101438187749,3028,3011,0,0
348,7.389065383369012,0.33571784150188244,14.0,19.96966999101713,22.558281471071922,13.318706695295555,4,10.0,139.6,21.863132104619627,0.17970912650580187,3028,3180,0,0
349,5.307295350317282,0.3830765918226579,29.5040499715827,13.240981542048187,34.756276601867164,12.76463856641433,4,13.0,140.125,24.82972691919325,0.12705543739406655,3029,2978,1,0
350,5.244579723698094,0.5256035573834559,24.027712506337327,27.142066309658517,38.73138319294749,21.745062848784517,1,14.0,139.96428571428572,23.532404547624093,0.16740832252799862,3029,3035,0,0
351,4.726168910303448,0.1722316546448686,20.0,32.0,32.0,8.0,8,13.0,137.41628959276017,18.366765252305946,0.22621958055011565,3031,2964,0,0
352,4.100653502686903,0.6345652394535632,14.61038536421857,19.06571948281572,20.32412964457536,8.0,5,11.0,139.21923076923076,21.96258525438586,0.18318494809513647,3031,3143,0,0
353,7.355883700825589,0.33096339595395385,33.73867332700396,38.0,38.0,12.536614111577322,7,13.0,137.82142857142856,22.204703934553923,0.19774500209419965,3032,3119,0,0
354,6.9839708855562455,0.5119639814072452,26.382549432808837,20.51881038925288,29.0,9.848857801796104,5,10.0,136.9714285714286,23.751253103159737,0.1834068907427122,3032,3144,0,0
355,6.122289807942446,0.2825929618046619,31.162447715458068,37.34568440924643,44.83223725946147,20.74538532829811,1,11.0,139.73051948051952,24.52134602533154,0.15650266342781033,3032,3145,0,0
356,6.704931134764544,0.4247411110713116,16.883491820873132,20.15192751113663,24.941842133103442,11.961869394841859,6,10.0,138.07142857142856,23.512642521731873,0.15729398349645066,3032,3148,0,0
357,4.277052870812146,0.2049418976381054,32.86255233329945,30.319439399171337,32.86255233329945,19.892150726603592,2,11.0,136.67857142857144,22.11252655730077,0.16270920042680787,3034,2973,0,0
358,3.3772248934554656,0.1124722984972277,39.20534420142727,31.402031810409788,44.654227123532216,19.254755600742854,1,13.0,135.66904761904763,20.962780473155952,0.19919228312980594,3034,3006,0,0
359,5.839561926405734,0.2217030877303396,23.225732165498428,14.08454950395314,23.225732165498428,12.0,9,10.0,136.8357142857143,19.587738759408023,0.21490622388086103,3034,3181,0,0
360,4.413207889428281,0.1917964243399446,23.92775595333819,11.219084624212083,30.124289936780794,11.219084624212083,4,11.0,140.58928571428572,23.79235171643896,0.15962891282532282,3035,2978,0,0
361,5.244579723698094,0.5256035573834559,24.027712506337327,27.142066309658517,38.73138319294749,21.745062848784517,1,14.0,139.96428571428572,23.532404547624093,0.16740832252799862,3035,3029,0,0
362,5.703918371740134,0.2168378900839939,42.64303002618071,27.65863337187866,42.64303002618071,18.31357257067335,3,13.0,143.9102564102564,23.686973152803997,0.16033915198248164,3039,2799,0,0
363,12.838706414815604,0.5868502553257304,28.414593572086783,17.627328746585622,34.122440873054245,11.544001863705663,5,13.0,144.19047619047618,21.386854078111625,0.1720875637671848,3039,2917,0,0
364,7.585111891568644,0.1570983859014298,47.01746855389104,18.0,48.703160995209686,18.0,2,11.0,142.87878787878788,22.36833030085317,0.1812045449840394,3039,3040,0,0
365,5.351345396478556,0.3554175961410239,33.0,11.867798687729252,33.0,6.442761581334675,6,12.0,144.6969696969697,22.788763170891137,0.17712850175076555,3039,3112,1,0
366,7.151509639693309,0.30790195427019496,26.74545006305985,44.87857177242301,46.26931172601478,15.798196684513377,3,11.0,145.62045454545455,20.992373429130367,0.1872359211844776,3040,2864,0,0
367,13.9179790908471,0.16685252545977386,14.89359674504118,31.237348871613026,45.65561920048084,14.89359674504118,1,11.0,143.40259740259742,22.816838319254156,0.15531106895714025,3040,2917,0,0
368,7.585111891568644,0.1570983859014298,47.01746855389104,18.0,48.703160995209686,18.0,2,11.0,142.87878787878788,22.36833030085317,0.1812045449840394,3040,3039,0,0
369,6.586521823611583,0.3476633771293149,23.0,35.73285275572201,35.73285275572201,5.0,9,14.0,141.359243697479,22.22254733189743,0.1961452130304957,3041,2985,0,0
370,5.602221877155949,0.12544871133755245,52.0,14.790373021940699,55.0,14.790373021940699,1,14.0,140.00238095238097,20.36832788115853,0.2063499896167718,3041,3015,0,0
371,5.213968679360251,0.2395768584509559,29.6563473512311,20.328180403916566,47.63402145525821,20.081161986775477,2,11.0,142.48571428571432,23.206844088973106,0.16987114142058132,3041,3143,0,0
372,7.8409217453665025,0.4389247972395144,27.416839204964088,22.0,27.416839204964088,10.652025061211653,6,14.0,138.17857142857144,21.844742824900656,0.22357127471807675,3042,2717,1,0
373,7.760398696841003,0.4731963278807812,24.770067933701416,22.096137296962063,32.9979215195676,16.031219541881402,4,11.0,139.6638655462185,23.39001194204661,0.20258570982680146,3042,2953,1,0
374,5.536936413678663,0.4755867458393408,0.0,29.40077606280753,30.16898686990819,0.0,9,14.0,139.42857142857144,20.53902860886837,0.2522428186386991,3042,3021,0,0
375,8.72124142422509,0.6738927323701265,18.17194683842505,14.0,27.43070069569217,9.854427233995443,7,16.0,146.39880952380952,23.03345129485079,0.16117479144320396,3048,2684,0,0
376,6.383424178660403,0.24140339273577704,10.732542435542051,38.73908297130796,38.73908297130796,10.732542435542051,6,16.0,149.19166666666666,23.828257654607874,0.15842431632647871,3048,2933,0,0
377,6.200796499602305,0.16287951163197284,15.623052939966554,33.0,38.378126328007056,15.623052939966554,1,13.0,148.54166666666669,23.10894129234258,0.15388531985845433,3048,3117,0,0
378,3.4349305115157187,0.4623982131326725,25.586602105071115,19.13732567014157,25.586602105071115,11.21254002309933,6,12.0,144.94055944055944,25.537390263984484,0.13948661393916328,3112,2799,0,0
379,9.167310134439347,0.4758954386556197,57.07535264539019,8.407102473788889,57.9074078895944,8.407102473788889,5,12.0,145.22077922077918,23.23727118929212,0.15123502572386646,3112,2917,1,0
380,5.351345396478556,0.3554175961410239,33.0,11.867798687729252,33.0,6.442761581334675,6,12.0,144.6969696969697,22.788763170891137,0.17712850175076555,3112,3039,1,0
381,4.6046025155823225,0.44983751104178027,20.43903713591839,15.935847909135742,23.45471663720781,11.72201954799864,5,12.0,145.82999999999996,23.78548780207344,0.14493260416895415,3113,2793,0,0
382,3.13358380392564,0.33967421337212034,17.503002554800087,38.60051813123757,39.21734310225516,11.855182636186335,4,11.0,149.21982758620692,21.58027640498651,0.17167620224257132,3117,2665,0,0
383,6.3604405408650875,0.29062005723660883,14.569055512155918,30.776351599231766,37.483329627982634,14.569055512155918,2,13.0,150.4,22.17080097630573,0.1644366721727869,3117,2933,0,0
384,6.200796499602305,0.16287951163197284,15.623052939966554,33.0,38.378126328007056,15.623052939966554,1,13.0,148.54166666666669,23.10894129234258,0.15388531985845433,3117,3048,0,0
385,7.355883700825589,0.33096339595395385,33.73867332700396,38.0,38.0,12.536614111577322,7,13.0,137.82142857142856,22.204703934553923,0.19774500209419965,3119,3032,0,0
386,5.5549475004325055,0.3686173685851526,22.17063051612705,23.752285008387872,29.389818740512055,13.893708488399248,6,11.0,140.9090909090909,23.352332991950647,0.15954186609706225,3119,3145,1,0
387,6.1325075640909015,0.12698886517770755,28.555134485474163,19.321878781230293,29.93866495532444,18.60008323862129,3,10.0,139.25,22.343629488350974,0.16033318616570258,3119,3148,0,0
388,4.707032201308997,0.35858889356408585,35.915229489178586,19.38651948564104,39.21734310225516,10.173856358699306,3,12.0,143.83031674208144,22.492463729341026,0.15994066721302985,3120,2975,1,0
389,6.97686431810044,0.2026658843837472,17.619213943278872,38.078865529319536,38.078865529319536,17.619213943278872,1,10.0,144.70384615384614,20.23071965696833,0.1925114562585754,3120,3162,0,0
390,6.299625082784188,0.2290749094440277,19.054901069121147,40.03401222868722,45.26467924117785,13.399656812160798,5,10.0,139.18131868131866,24.183046165904337,0.12088966287866565,3121,2973,0,0
391,5.900395501618682,0.29725719682875884,29.17003388842257,44.49658397772952,44.49658397772952,21.414066320522046,1,12.0,138.17179487179487,23.033300081759513,0.1573727455816637,3121,3006,0,0
392,5.975546273415642,0.12014487748835467,26.053412553210467,22.068922015530184,51.29515381030448,22.068922015530184,1,11.0,141.44755244755243,25.058870093606142,0.1217953523736872,3121,3145,0,0
393,6.756190176994166,0.3812746879958669,14.935552636851751,13.772983382843318,25.88160127797575,13.168617618546028,8,10.0,136.98846153846156,22.90326752700196,0.16822795072267774,3121,3172,0,0
394,7.522453932279205,0.19722831428817986,23.213436412549893,43.04648650006177,45.221676218380054,14.838666882292946,3,10.0,142.23000000000005,23.523562409389896,0.1569126649790242,3129,2793,0,0
395,4.5447366018598965,0.2637027854749873,43.988631517659776,20.175297327003733,48.52131931381964,20.175297327003733,1,11.0,137.7030303030303,23.981860409796077,0.1639169114231835,3133,3024,0,0
396,4.156283699722258,0.5007019587450399,36.844855026145055,21.05405809167581,36.844855026145055,17.71961578223605,4,11.0,136.88636363636363,22.661472555030073,0.15741101185623085,3133,3141,0,0
397,5.738019091659706,0.345548418313786,37.60161027614033,27.029285225432435,40.01533290876816,22.02318473148001,1,10.0,140.17222222222222,24.175165276679646,0.12788893170908278,3137,2977,0,0
398,8.853347025490207,0.6453501703868724,31.081651650003053,43.12710328200497,43.12710328200497,20.854266441812754,1,10.0,140.81111111111113,24.193251584063038,0.14772785330150345,3137,3146,0,0
399,6.966433368133862,0.17003554569229662,50.508096523501216,43.43099590243906,50.508096523501216,21.040453626000527,1,10.0,136.53333333333333,22.882611216384053,0.1751537681568917,3137,3220,0,0
400,6.462376176765621,0.345703843598242,13.366290586936007,17.531705508027052,25.260746156169855,10.18962948563431,9,12.0,140.31666666666666,24.39981316400955,0.12426286454310526,3141,3024,0,0
401,4.156283699722258,0.5007019587450399,36.844855026145055,21.05405809167581,36.844855026145055,17.71961578223605,4,11.0,136.88636363636363,22.661472555030073,0.15741101185623085,3141,3133,0,0
402,5.0692831749158564,0.4123088366102543,12.995682726009774,22.414231523429045,30.28305418870709,7.373008001416662,4,10.0,141.0970588235294,21.73974758338995,0.17844061693604701,3143,2964,0,0
403,4.100653502686903,0.6345652394535632,14.61038536421857,19.06571948281572,20.32412964457536,8.0,5,11.0,139.21923076923076,21.96258525438586,0.18318494809513647,3143,3031,0,0
404,5.213968679360251,0.2395768584509559,29.6563473512311,20.328180403916566,47.63402145525821,20.081161986775477,2,11.0,142.48571428571432,23.206844088973106,0.16987114142058132,3143,3041,0,0
405,6.9839708855562455,0.5119639814072452,26.382549432808837,20.51881038925288,29.0,9.848857801796104,5,10.0,136.9714285714286,23.751253103159737,0.1834068907427122,3144,3032,0,0
406,5.029670755639697,0.2494481582997916,42.81734479533246,28.483886255671138,45.49800494100463,15.716090767793968,3,10.0,138.4,23.890178656956788,0.14599507481421514,3144,3148,0,0
407,6.122289807942446,0.2825929618046619,31.162447715458068,37.34568440924643,44.83223725946147,20.74538532829811,1,11.0,139.73051948051952,24.52134602533154,0.15650266342781033,3145,3032,0,0
408,5.5549475004325055,0.3686173685851526,22.17063051612705,23.752285008387872,29.389818740512055,13.893708488399248,6,11.0,140.9090909090909,23.352332991950647,0.15954186609706225,3145,3119,1,0
409,5.975546273415642,0.12014487748835467,26.053412553210467,22.068922015530184,51.29515381030448,22.068922015530184,1,11.0,141.44755244755243,25.058870093606142,0.1217953523736872,3145,3121,0,0
410,5.197301597671175,0.2067592726291098,15.991382217014106,26.06587028650988,33.08886300943381,12.893056909482837,7,10.0,141.1590909090909,24.66027157912859,0.11909084749931327,3145,3148,1,0
411,4.223453011660184,0.24560987852157706,20.065043077145237,24.85677606818708,43.11919861574597,20.065043077145237,1,10.0,138.35909090909092,23.513372516124075,0.16473212577966356,3145,3172,0,0
412,7.872339753992728,0.9840755105055548,28.40475586149223,26.5913003656546,28.65637620557891,6.052442415650248,3,10.0,143.58333333333334,24.099786135495105,0.13682190149267104,3146,2977,1,0
413,8.853347025490207,0.6453501703868724,31.081651650003053,43.12710328200497,43.12710328200497,20.854266441812754,1,10.0,140.81111111111113,24.193251584063038,0.14772785330150345,3146,3137,0,0
414,8.373188355318844,0.7647577349501938,47.63402145525821,11.240786959505103,47.63402145525821,5.168250996096251,2,10.0,139.94444444444446,22.807232075199515,0.18408673794048,3146,3220,0,0
415,6.704931134764544,0.4247411110713116,16.883491820873132,20.15192751113663,24.941842133103442,11.961869394841859,6,10.0,138.07142857142856,23.512642521731873,0.15729398349645066,3148,3032,0,0
416,6.1325075640909015,0.12698886517770755,28.555134485474163,19.321878781230293,29.93866495532444,18.60008323862129,3,10.0,139.25,22.343629488350974,0.16033318616570258,3148,3119,0,0
417,5.029670755639697,0.2494481582997916,42.81734479533246,28.483886255671138,45.49800494100463,15.716090767793968,3,10.0,138.4,23.890178656956788,0.14599507481421514,3148,3144,0,0
418,5.197301597671175,0.2067592726291098,15.991382217014106,26.06587028650988,33.08886300943381,12.893056909482837,7,10.0,141.1590909090909,24.66027157912859,0.11909084749931327,3148,3145,1,0
419,6.97686431810044,0.2026658843837472,17.619213943278872,38.078865529319536,38.078865529319536,17.619213943278872,1,10.0,144.70384615384614,20.23071965696833,0.1925114562585754,3162,3120,0,0
420,7.38401848605285,0.4734793777892709,27.260597471822987,27.0,27.260597471822987,11.0,2,10.0,137.68888888888893,21.233436028881304,0.19982235987837432,3166,3015,0,0
421,7.897888924473613,0.2809895470661923,35.71733688273958,22.0,37.237788198355226,20.0,2,10.0,139.62222222222223,23.129814812271448,0.17961648706872918,3166,3167,0,0
422,7.897888924473613,0.2809895470661923,35.71733688273958,22.0,37.237788198355226,20.0,2,10.0,139.62222222222223,23.129814812271448,0.17961648706872918,3167,3166,0,0
423,6.756190176994166,0.3812746879958669,14.935552636851751,13.772983382843318,25.88160127797575,13.168617618546028,8,10.0,136.98846153846156,22.90326752700196,0.16822795072267774,3172,3121,0,0
424,4.223453011660184,0.24560987852157706,20.065043077145237,24.85677606818708,43.11919861574597,20.065043077145237,1,10.0,138.35909090909092,23.513372516124075,0.16473212577966356,3172,3145,0,0
425,7.389065383369012,0.33571784150188244,14.0,19.96966999101713,22.558281471071922,13.318706695295555,4,10.0,139.6,21.863132104619627,0.17970912650580187,3180,3028,0,0
426,5.839561926405734,0.2217030877303396,23.225732165498428,14.08454950395314,23.225732165498428,12.0,9,10.0,136.8357142857143,19.587738759408023,0.21490622388086103,3181,3034,0,0
427,5.581565335674402,0.33938984887755186,19.25754542064273,20.690161484917688,30.613641403977038,14.34696489053804,2,10.0,139.30555555555554,22.789145767816123,0.1642478163480593,3220,2977,0,0
428,6.966433368133862,0.17003554569229662,50.508096523501216,43.43099590243906,50.508096523501216,21.040453626000527,1,10.0,136.53333333333333,22.882611216384053,0.1751537681568917,3220,3137,0,0
429,8.373188355318844,0.7647577349501938,47.63402145525821,11.240786959505103,47.63402145525821,5.168250996096251,2,10.0,139.94444444444446,22.807232075199515,0.18408673794048,3220,3146,0,0
