,t,Z_UM,Y_UM,X_UM,ID_I,ID_J,SL_UM,SUMINT
0,0,2.5940253111543523,18.193212562550748,78.36015020458031,11008,11009,5.4385270303886495,144
1,0,2.6215470901254596,23.498731088280998,87.75365270417873,11012,11011,9.864274715013108,126
2,0,2.980642835480957,21.33957283205468,88.00240493965934,11015,11012,10.503644647080224,128
3,0,3.3594783076184376,21.760623988668947,148.1266746229545,11019,11010,1.6991484770588292,122
4,0,4.26178057825138,13.466478140508078,83.27932170372662,11020,11016,4.014370522056335,134
5,0,3.6029506028145413,22.498183869258064,75.32760949662477,11021,11013,5.079708566632594,139
6,0,5.376417073853542,17.146160862661517,87.94292461486279,11022,11028,10.747215091795999,153
7,0,4.492110157949897,16.629879671095022,78.59809110756837,11027,11015,10.836140976028874,126
8,0,5.5150050254067455,12.234708007162897,61.78059260324676,11041,11014,8.064053635724441,132
9,0,6.331519607348737,20.471127900007886,79.78632851628242,11043,11021,9.264562511292757,145
10,0,8.871535901637913,8.67859236735298,79.42224035895303,11047,11031,5.30449161890998,143
11,0,8.580492018384799,13.913027803235495,70.52174644377675,11053,11017,9.507812018329242,132
12,0,3.474202405833798,19.470564054057952,131.70814467649143,10992,11035,9.98351866017125,143
13,0,2.572007077333165,18.585672423940117,151.99602675671304,10995,11019,9.774106521361013,127
14,0,3.012698122159454,16.750567026659983,90.865820527675,11001,11022,10.470068353117274,151
15,1,0.0,16.806476673965737,111.4648044469046,10921,10923,7.879566315186674,136
16,1,0.2933429457437675,19.559423779055656,139.80833225436842,10922,10924,4.479489725321987,146
17,1,0.9693210733871965,22.229912795865715,140.29402109540018,10924,10929,1.3198647649987345,145
18,1,0.8679181117545278,13.194854536254427,126.77938010860635,10927,10920,8.9845363306327,121
19,1,1.9415892254163174,21.714089529863095,86.52318471473534,10928,10936,9.858073492759416,128
20,1,0.675978127643429,20.0191100996134,140.08724004152396,10929,10922,5.594408518604361,151
21,1,1.6354735352101843,19.361835020431187,91.06707905547621,10931,10928,3.1537881546892197,129
22,1,2.598339221342583,19.459096164159313,84.44088325084623,10932,10945,4.762602106633493,132
23,1,1.8585338399316687,18.253652086370394,151.36870461362884,10935,10925,10.69309250820896,123
24,1,2.5396866626888275,23.30288700814905,77.93943122938015,10936,10937,7.662636815219031,128
25,1,2.300053881572259,11.483986437678645,120.82099177089464,10939,10927,3.7986055558143565,128
26,1,2.5220328684530537,13.900802147063988,136.82024026582195,10940,10930,3.5913300844897993,130
27,1,2.4471217257211624,19.44939484535973,83.15160939988851,10941,10932,7.034078476941051,138
28,1,2.347782357287116,20.536874775754583,91.32108668846274,10942,10931,5.609067390159643,135
29,1,3.012154666876239,17.85988664490315,147.2291389271052,10943,10935,7.615209281012436,126
30,1,3.9906293684597585,15.874549741466833,81.47694128318068,10945,10947,5.629722726115196,132
31,1,5.387919325718772,13.506411780121752,76.76106409165075,10947,10955,7.70848911271232,132
32,1,3.436695928241525,12.690295707705095,114.11445538689114,10954,10926,7.052523458726042,122
33,1,6.452448123594818,11.66860200167073,71.43600148343519,10955,10960,5.165555285739799,132
34,1,4.420859625680029,20.06142923408341,82.61533479301586,10956,10941,7.012661100941748,149
35,1,4.498470741282334,24.672513224404085,95.45290905705619,10957,10942,8.41495181789419,145
36,1,3.9360131156215736,25.428577680714753,138.48578742963872,10958,10934,10.801835642200363,125
37,1,5.674820439455087,10.107211217440224,88.1524305548428,10959,10946,9.441726120460213,116
38,1,5.099603712141798,18.07156264741098,55.457056033613625,10972,10933,10.179423030498883,139
39,1,18.5,12.740393607683703,77.10550793050439,10985,10986,3.1567038938306515,171
40,2,2.9442108175969466,20.852583630962734,76.35746509861735,10754,10752,8.030320566501022,137
41,2,5.039349763892352,18.97482365965712,82.40157852869135,10757,10785,4.127443949096712,142
42,2,4.140880453004339,15.606018335943094,80.84849722998607,10761,10757,5.29880189318322,139
43,2,5.004752817387123,16.136031476621454,76.80151826651039,10762,10761,8.529616367212363,138
44,2,4.520444344620018,24.40366983106336,94.84740676226244,10767,10753,8.653206751505095,143
45,2,5.730123557710605,16.150044037065307,73.0374026121394,10770,10762,6.029118578341826,139
46,2,4.74839466445733,25.92545727083637,73.8398230643279,10778,10754,5.802368983026335,130
47,2,6.159586865803023,15.706610652319515,85.46978660399199,10785,10765,9.898784921339997,139
48,2,7.395505659588088,27.103236759450468,100.61752119794383,10801,10767,5.347585564193093,144
49,2,10.580527823529625,16.746798543053842,126.24083901683117,10817,10791,9.209152989892665,136
50,2,18.5,9.758599359076879,80.35205563284143,10833,10827,10.169772440319766,172
51,2,1.6438776238264428,13.005923523766434,132.7046652178238,10734,10756,6.062254077032176,123
52,3,5.244518339616761,12.595674047066316,81.15834191337251,10880,10881,3.9008763266933344,134
53,3,6.2464759633369376,14.114154956100858,70.85791359107078,10884,10893,10.647545555532984,138
54,3,5.8093055843619545,15.93305995919772,72.37424119256052,10889,10884,6.144584289939753,136
55,3,6.40795185476086,20.82595548874665,83.55719490773839,10894,10886,3.455401115842076,150
56,3,6.570868282887039,9.118102194506385,89.09502225000847,10896,10885,5.627562264272825,135
57,3,6.800343165064833,26.649686019203763,140.0539352572556,10897,10888,5.658943264563791,128
58,3,8.16501026102886,28.44968799246096,56.47017380248818,10906,10882,6.59224141459769,147
59,3,9.486168496636495,10.611697797183554,75.0075625335114,10907,10889,10.269145339021764,140
60,3,11.07514824808963,15.166774379700406,123.80291344952212,10912,10898,8.624848699417894,145
61,3,4.246510341749796,19.86193085712664,86.18280363554189,10862,10894,9.170652392868327,154
62,3,4.7135124671564705,25.75276843122208,135.10770754160274,10866,10897,8.612876590422568,130
63,3,4.536658089571538,24.048851190365667,81.94720971688665,10871,10891,6.413961248044372,133
64,3,4.441695345877899,24.11667200812311,94.1229789321689,10874,10887,8.83535540518907,130
65,4,0.9338221981279525,18.17821725734364,131.03382662951933,11066,11074,10.759319207036826,122
66,4,0.7023940900306109,17.939110721548666,138.67954938625275,11067,11068,3.6463122244251074,148
67,4,1.326099947844542,20.553530611066282,138.964805364545,11068,11069,1.902379218360456,132
68,4,2.513720809718916,9.918171780627606,116.22443565197685,11070,11076,10.673983666605732,129
69,4,2.047505061612556,18.05318962847976,86.43829342076896,11072,11071,4.977270461819713,139
70,4,1.8949447643801491,19.492963544399977,86.89881933346885,11073,11072,5.410159915543362,141
71,4,2.982390717461551,19.706782053215456,75.98794549987849,11077,11078,8.826819368118837,130
72,4,2.438856792080677,21.083019590713825,89.59076665301902,11079,11073,2.767199192130973,137
73,4,3.2728238724261924,20.071549443768625,76.49883704203796,11080,11082,9.558612265641893,129
74,4,4.345496067790687,14.823869610404495,80.11516735460376,11081,11089,7.29285287683514,138
75,4,1.8718834665452642,13.893608408533328,136.41076772933766,11083,11067,7.367625692901332,157
76,4,3.620659746559801,17.91844980339253,70.5744379414398,11088,11080,10.48749824102277,127
77,4,5.443821958122913,15.912750704983502,75.52070492389565,11090,11096,8.6470714180653,148
78,4,4.002622562166394,18.505873566115387,137.719311532127,11093,11075,9.59246555512799,141
79,4,4.3763085212437565,23.909788860033053,93.52928621934032,11094,11079,8.893708888722639,137
80,4,4.921640540086186,14.976770576342087,88.27284565079317,11095,11085,8.771077481254832,137
81,4,6.076971276981019,11.310837059941564,66.21095743760893,11104,11087,5.950220716605526,133
82,4,5.542993489471689,12.86979178708406,131.0674025604086,11105,11083,7.877836036074996,153
83,4,7.227770526896424,11.451953163693128,58.968641109277954,11113,11084,9.852888888325435,131
84,5,1.7025970099888377,11.628944472546808,125.14222851645101,10763,10794,9.438390108003397,124
85,5,0.9217243566477338,13.877483097751853,128.8919361130467,10775,10763,2.6709551704908185,132
86,5,2.887706370521693,18.050803622492253,81.36086835577913,10777,10800,4.218174131189575,138
87,5,1.4031729490592255,21.877191530444037,134.83772555582252,10780,10769,7.195202693664302,135
88,5,2.307108854523473,16.920636636641433,149.16343302694048,10786,10773,10.412710936829939,131
89,5,2.3964593900836055,12.829663149542995,133.1759563850304,10788,10775,10.23328477216811,135
90,5,2.283674021780908,18.306784192269088,133.6086361533203,10790,10780,10.263780296241926,130
91,5,2.5311558229186857,20.05396291438744,81.15849901409982,10792,10777,4.669316058530919,139
92,5,3.234760767759278,19.282920830075653,78.26697894270987,10798,10792,4.33218087839387,141
93,5,4.591421663006127,14.899123737298211,78.69342169415907,10800,10812,5.300369017497326,137
94,5,2.772775084309428,19.509354699641207,88.08958653549709,10802,10784,5.583696118461698,127
95,5,4.6375981455465,18.089396947831816,74.47636463598654,10814,10798,6.352705916294323,144
96,5,4.098411848526285,20.55817351234586,85.91299665536349,10818,10779,6.9423330225536075,147
97,5,4.662249783734225,23.790399595379263,92.71804166645158,10820,10802,9.235902406778823,128
98,5,7.238398453212115,22.50235899035139,81.10959158518725,10840,10824,7.032353011636622,143
99,6,4.2445904615734475,16.7386561610257,77.7540020181705,11137,11148,9.221311116699104,142
100,6,3.215679276734023,21.64409181078189,83.12874217418468,11140,11137,9.265632803001967,144
101,6,3.355682433089135,11.946915870022952,134.08256302836608,11142,11136,3.4434241952031313,127
102,6,3.589881337549712,17.287281995161685,77.71201408493516,11143,11138,2.270835047992617,137
103,6,4.796384286377155,24.82428703479456,71.00327232774276,11151,11139,5.562377679825174,128
104,6,5.15702989968106,14.877472994477346,74.23530082817125,11152,11143,10.74358945844459,137
105,6,4.885506388562339,23.949899340603068,84.42058376299883,11155,11140,8.056079265963284,137
106,6,6.833956898702767,10.179125798940072,65.094601922917,11161,11147,4.510540309255848,133
107,6,17.572040495203368,13.166425650382806,93.95051974746809,11175,11177,3.6740079038826328,155
108,6,4.102171548044421,22.247298066796986,92.06368539482077,11130,11150,10.752021342737427,137
109,7,2.1115939109539412,18.858389083199384,84.43594476311011,11182,11186,5.3692212875545815,150
110,7,1.0840650093925925,18.895972921451538,133.74200998997935,11183,11181,9.077911508355989,135
111,7,2.1721101986115086,17.787247678409262,86.72003364234814,11185,11182,2.527493423740829,144
112,7,3.0568513270511954,17.961172958396535,79.97078874253013,11186,11197,4.2388311412208735,143
113,7,3.5550162472956037,11.65902998707867,133.73105664168475,11189,11196,3.47551452202028,140
114,7,4.25,14.366826834196516,77.91714485608865,11192,11199,6.692941887636334,151
115,7,2.9656799301721994,19.375625749268124,86.73609495461109,11194,11185,5.7490626676742,134
116,7,3.695257416097254,16.993549366838096,76.9690821797071,11197,11192,2.491997850349391,145
117,7,5.488147971962267,16.88249074482498,81.29093945921021,11199,11202,10.248149578540474,152
118,7,6.1515759406470245,23.766182550309217,81.57222450200413,11202,11207,4.294562643650153,148
119,7,4.6883242697633065,23.53687527126143,91.48257404060847,11203,11194,9.363997258009723,136
120,7,4.394437799218526,21.8788535390318,142.3113315847653,11206,11187,6.764530329624455,115
121,7,4.215867137533225,24.39563221548607,133.0671455731347,11208,11183,8.296817401176012,129
122,7,8.161760641606636,8.73436082226601,86.61381769586609,11209,11219,6.30041445914784,132
123,8,0.3387744495686181,17.305700355088003,132.6284859142375,11461,11462,8.417711631547219,140
124,8,1.3306827143317077,16.94882019649156,129.09696684008406,11463,11465,10.450752512046336,121
125,8,2.3514889286902427,17.38057023493603,132.25105260758397,11465,11470,10.23581677520782,131
126,8,2.3138024258391674,17.55209668797428,83.43201584024726,11467,11468,5.041349864618915,141
127,8,2.2931920658342664,17.80215931790062,86.32378258017133,11469,11467,2.762065870715504,146
128,8,1.994137259582986,12.292678918507468,131.115174641512,11470,11463,6.6863175071829035,122
129,8,3.7362487612576007,18.87477906548922,77.78599498920647,11475,11479,3.8956454537820737,133
130,8,5.764079326496837,11.765287755760333,77.91459879142174,11482,11484,3.7878745289194127,131
131,8,4.318323436077232,21.857142744984927,141.95326235345138,11483,11471,6.660500981927311,123
132,8,4.605644324228264,20.54508618747915,69.51307056934272,11485,11476,4.1733782350277115,141
133,8,4.7609451197736945,21.85528305554499,84.59796047660186,11486,11477,5.229119626002352,127
134,8,6.124220527140865,25.390717598893836,137.47803921135232,11491,11483,5.727048650762356,126
135,8,4.332948466313218,19.212788678212227,103.87912272253914,11493,11464,10.706521499415272,132
136,8,5.441774595152712,12.055542142198703,68.93521403849003,11496,11466,10.376369280978736,113
137,8,7.464719753777139,20.028183926521223,80.06773966500583,11499,11486,6.262560486602842,129
138,8,7.741285521047799,26.190650101596916,97.73345588312323,11501,11487,6.76054697782961,131
139,9,0.8865979176015507,17.63189370991333,136.08045170752817,11404,11405,4.34471340887858,134
140,9,1.9167353496424275,13.801872785220606,99.9129514609424,11408,11406,6.588687959082607,133
141,9,4.341274187626056,22.054740279322925,82.8091176562878,11412,11433,9.811783423354381,156
142,9,2.233759816621906,17.16793551215126,131.48744500707957,11414,11407,10.209721147256024,132
143,9,2.7583702368190677,12.883191258145509,108.39504965264393,11418,11408,10.844934265487245,139
144,9,3.093175256190043,17.5425052191338,77.50900657929256,11422,11410,6.009354426441114,150
145,9,3.1479135728340166,16.558819140514956,80.85711228490786,11423,11409,8.195463010714402,133
146,9,3.448558722776726,17.649744374851817,74.38004726463292,11424,11415,8.3192117636788,128
147,9,6.680759734420709,10.970677853026874,81.53167838553858,11427,11438,5.179259337594037,128
148,9,5.611247918368401,11.579634041939698,121.95587273139007,11441,11411,10.265696534376916,139
149,9,6.115019224226781,11.233579125860537,117.50713416669457,11443,11418,9.558424893094196,135
150,10,8.144585915833936,9.80497940236367,70.1973183557206,11265,11273,7.34153508364606,135
151,10,12.236185023620877,7.014798955752015,83.8872517350596,11269,11285,10.362945360075916,120
152,10,8.638222709877077,8.350518584769793,85.48045855685308,11270,11275,6.224185957128235,126
153,10,4.217627580469737,13.032301143692173,126.53354699409901,11235,11271,9.025423734801178,143
154,10,3.6998860800734055,24.106464713204225,131.48655646466224,11237,11264,7.7487004641065145,129
155,10,5.856120266700132,18.01781356710008,78.55280076756809,11239,11274,8.331136510437904,148
156,10,4.684352247476166,24.134256967203942,68.90440214132798,11245,11266,5.29133041863767,130
157,10,7.647046330331351,25.900339847195713,96.93367922738275,11260,11276,7.556402963387488,132
158,10,4.238110707198679,24.187754918381067,70.31078552872631,11261,11245,6.300719872195744,130
159,11,14.976527137646949,8.092048237877092,77.39549733397163,11394,11397,6.515004739061292,130
160,11,2.8185502489156864,12.047249457404458,113.70582897311348,11351,11362,10.946181160140682,120
161,11,2.8428574452248516,23.951261555351962,131.06352449931967,11367,11348,7.218673145838384,125
162,11,4.019217015613305,18.93468842277755,142.49631311641025,11371,11355,2.9098220621405004,124
163,11,11.016378635189655,15.281146844316531,122.00956743986283,11385,11392,8.24879991195787,137
164,11,11.583909829344712,24.177399037249387,100.59993528589243,11389,11393,7.228351735455157,139
165,11,12.28480846544007,25.268295009453702,51.83253993311257,11390,11395,8.453459239248376,138
166,12,2.2234382611405055,16.751558834810893,80.88276757892075,11520,11522,4.451528702085332,142
167,12,3.188083743494254,20.248027159323215,84.67413587535816,11523,11532,3.7250613370389782,142
168,12,3.063045461752946,17.341457019901963,72.99755682562306,11527,11521,8.3096116135242,135
169,12,3.749152478100206,18.348624137648066,74.60640391410608,11530,11527,4.685782055689833,145
170,12,7.258785162941393,17.19282072884085,75.55572338417299,11531,11553,6.275970613534825,136
171,12,3.7890065894096865,10.612444686449642,130.89126116189206,11533,11525,3.751937800926536,139
172,12,4.019417086169594,18.78429753552229,141.73715141246413,11536,11524,2.861016012877666,134
173,12,4.545406573359562,24.40389952014592,67.41691546342898,11539,11528,5.038775298401744,135
174,12,5.3791544579427075,20.613009315786186,76.98326759172832,11544,11531,9.220100209127846,137
175,12,6.54717067824525,11.405828207952945,126.94611856210065,11549,11533,8.331146987074227,151
176,12,6.462907836533509,9.632574930462996,118.36042938109051,11550,11529,5.640499306287154,132
177,12,7.905073553699406,9.283651794474912,72.52829360549427,11552,11540,6.5136040686541765,130
178,12,7.166664303573139,17.230478490630876,74.39200170567638,11553,11530,6.8071979936921165,141
179,12,8.799587570670795,9.102352669609443,76.85642329389447,11556,11535,7.911225242085379,124
180,12,2.9726757175670597,16.927434372894133,137.98032822451546,11517,11536,9.701391548645727,140
181,13,2.202414879194957,16.628310286904686,79.8807537138284,11295,11297,4.316817619400544,146
182,13,3.310359489256716,15.384278292210134,70.72590135765908,11296,11305,4.106270207169443,130
183,13,3.831808504410489,10.48759700246988,130.13181301488197,11302,11308,3.399816006595507,126
184,13,2.9646120767518584,17.26735964606308,72.06222010640357,11303,11296,8.315337691177241,129
185,13,5.383353178899553,16.550869786842348,73.45717737333614,11305,11323,3.506967742633203,130
186,13,2.714282373927724,23.306266013205928,129.69916214716008,11307,11293,7.058363904233403,132
187,13,4.115252617488283,19.12355743801347,79.21770938749054,11310,11306,10.350421223977937,143
188,13,4.500325600735467,15.766951215473334,56.49018313388089,11311,11309,4.441365962101145,147
189,13,3.686014848268379,19.9015330762126,81.59164228045128,11312,11298,5.323979087666381,125
190,13,5.386677889495759,20.375948262315582,76.18153776196509,11320,11310,8.815204177276856,145
191,13,4.776049220072735,23.060824214368175,71.32480105086123,11321,11303,10.019633744409914,127
192,13,5.971607538733478,15.083259345888255,61.85403309392761,11322,11311,10.19879891759086,151
193,13,8.138082723772936,11.907681182546867,72.42102416579,11323,11328,10.917033901557533,130
194,13,9.531234877100013,9.802463424249828,74.6850996711782,11335,11313,9.115780888775205,134
195,13,15.287252142389733,47.01685571141704,83.95876280146146,11336,11339,3.7478391196277183,118
196,14,8.097476110515405,14.42031342262107,74.44732004271087,11648,11661,8.047952096517433,144
197,14,6.307258585115705,11.971987420761499,70.39834449372744,11654,11648,10.209055186628593,139
198,14,8.312165371591767,21.38135664802129,74.97496125378629,11661,11650,9.221598646728538,136
199,14,8.266716469055892,25.38276152577553,98.40792393111731,11662,11649,6.405802816529966,125
200,14,10.31822439821167,10.418177495007448,68.72465551709749,11666,11654,10.673859721466158,137
201,14,2.909677393427634,18.810990193751806,75.62481674389643,11626,11635,3.956098437358198,152
202,14,2.372575669124468,16.82339112027676,81.32480849041974,11629,11630,3.5231627368877754,140
203,14,4.509583829113387,23.99471976047048,65.77231181208435,11633,11651,5.331687435289219,136
204,14,5.165375031715618,10.402143048785383,117.73960766772214,11634,11653,7.16166047547814,122
205,14,6.523992115065228,12.942546080910674,59.79228820163975,11639,11657,8.68059913301897,135
206,14,6.250053294715391,13.188682258140771,76.86937838109026,11640,11655,9.285244601430755,132
207,14,8.052648749141305,25.772756551412584,94.12956493689381,11645,11662,7.953310554312336,131
208,15,0.4941373458977165,17.460587390409113,128.55062879643873,11569,11571,8.203253848964463,143
209,15,2.090800306375948,16.08081346817732,78.1395395476464,11573,11576,3.995145140949311,131
210,15,3.550182271721178,19.835408351922702,79.72976765024029,11577,11586,5.415714735277939,142
211,15,1.9413887486964767,10.719890480332321,126.16210628929178,11580,11570,5.8639321014864265,120
212,15,4.729475293222373,15.668770924900873,74.29912709112077,11582,11591,9.17636663992298,138
213,15,3.1257515259732935,16.575470241480936,74.79343764032038,11583,11573,4.231976959438663,128
214,15,3.2640438442516153,19.908669180064773,81.3393211439743,11585,11577,4.048576790698157,146
215,15,3.562793570183157,24.081620571157085,64.90348300658025,11587,11579,5.243979950164215,124
216,15,3.900073935842952,9.80731059704539,128.01897870074913,11588,11580,3.7003747240790026,125
217,15,9.528784045262435,8.855935243416312,72.633460640575,11596,11610,8.275414908105402,138
218,16,0.25,15.180043447452922,124.18044961439129,11776,11778,9.905315716667648,136
219,16,2.2421073873323305,17.58373894473874,78.34490959071655,11780,11786,5.303368105738274,132
220,16,4.1396852831089355,12.829382875367125,70.62579589918569,11784,11800,8.670231785666072,124
221,16,3.1388593786700616,15.486689947279059,75.76103554397523,11785,11790,6.766253716223905,138
222,16,2.5833891527477357,12.939521017116661,115.87487881844422,11788,11781,9.899873377467877,126
223,16,2.7785917871597112,17.456622241918733,76.08238796789038,11789,11785,7.653124184251635,137
224,16,5.002581674146813,13.432009300496347,71.63524149711651,11790,11799,5.693186383078286,138
225,16,3.230521192254182,15.240447921242907,68.42112582922256,11793,11784,3.8909701356721533,126
226,16,4.371507873712895,18.914061356743225,73.5504716861579,11794,11793,9.31884199197689,128
227,16,5.172138682997012,23.517978596740157,76.35583748561959,11803,11794,4.374571879529261,127
228,16,6.775897756790576,18.6178073078853,72.52373810460595,11814,11789,7.589292865182269,136
229,16,14.03539854425729,42.26266933620643,84.37500001670799,11821,11824,9.97567280211745,109
230,16,12.246740217493368,8.403490306232435,77.8261091172851,11826,11807,9.236758349415926,136
231,17,4.138376123195071,21.808992503815936,78.03730671102514,11904,11908,3.2368801853793947,137
232,17,4.395053902329571,8.116636564436948,127.82060753131711,11905,11906,4.582589284939293,118
233,17,5.28317532894758,13.387678310527082,69.33679404861672,11907,11917,5.848162465521507,150
234,17,4.945253382226117,15.685208864338072,74.09050983897792,11910,11907,10.71144309532431,147
235,17,5.161437709633372,26.379729050637735,64.11570543681253,11912,11909,1.3745020280947844,137
236,17,4.990807717250862,19.776923451704985,73.08365526632026,11913,11901,8.554191729643435,149
237,17,6.014624882458637,13.017572262164943,74.62940742574213,11917,11910,10.581238434758102,147
238,17,9.385320080097296,8.824500490213474,69.37073689389237,11921,11932,8.26335171879284,136
239,17,13.53285507802235,6.561482157678148,79.12441590550713,11929,11939,9.482477815321097,120
240,17,8.585942703943344,13.942003764092158,68.78749565207116,11930,11921,8.841947159054717,138
241,17,12.10427870339673,25.538693616725944,47.12834459118692,11936,11928,8.6509534005132,143
242,17,10.425841813293161,10.624483055853698,66.76730631842119,11937,11919,10.960738530323262,126
243,17,16.958870435110292,14.39276852110213,85.0408689974978,11941,11938,10.398155809935256,136
244,17,2.693587468707905,15.443693421489552,136.25039456064246,11885,11911,7.517125726601956,126
245,17,4.0538282390603975,19.242222094552368,76.24059232393748,11893,11913,10.427982091818691,146
246,17,4.614970475770848,22.719103279856597,73.28048243489815,11899,11915,6.623511826930877,129
247,17,4.625480630186431,23.87503230282306,64.18659879290392,11900,11912,5.047201929417848,131
248,17,7.105333334356691,16.618947838243297,71.35278644676256,11901,11930,6.687486544786199,145
249,17,4.861684073555422,22.39874422142076,88.33486521408634,11902,11914,5.276910685670039,131
250,18,0.0,13.55361022094011,131.755727586511,11830,11831,5.330843359500368,134
251,18,0.8124522126880994,15.817678403691492,122.03670323646824,11832,11833,8.451132504606132,137
252,18,2.581184596465704,17.399433568023845,74.18253308407141,11837,11843,7.7088950125981635,136
253,18,1.9259654163555409,15.909367004088951,75.35111541327271,11838,11837,3.959864690928955,141
254,18,2.386426645018548,17.2544671025439,68.20664579753551,11843,11835,8.404500647293911,133
255,18,3.0414518599431366,16.558215906214112,70.75985152228232,11847,11838,6.385108701528779,142
256,18,5.249266225256389,13.482641068432532,68.37759312177418,11855,11847,5.7865832478913015,143
257,18,5.322129240450162,25.702550757693928,69.81444733850759,11859,11850,7.40505992277831,123
258,18,4.720779213688386,11.608754868313383,124.85238516538165,11864,11839,6.265891204960432,135
259,18,7.567966354843379,7.232009115125296,77.36593349470114,11867,11863,3.9509490140894674,139
260,18,12.16387308169846,25.565444601144947,46.04894607727336,11873,11880,8.743858857995034,144
261,19,0.0,13.55361022094011,131.48518194464958,12047,12048,5.829297272624282,132
262,19,2.002926324991049,18.19051780326778,62.98850758222562,12052,12058,7.646695640192583,132
263,19,2.5418858906438757,16.25922892974265,71.52475310916617,12053,12060,3.6366047410604194,142
264,19,1.1311022100959447,15.27473699036219,124.87934810031669,12054,12049,9.286461317613893,131
265,19,2.5788603209779333,17.251320025771733,73.44750419575091,12055,12061,7.817519108649414,124
266,19,3.2573237281235334,16.888163256288536,72.4471092916852,12062,12056,10.995425027419175,130
267,19,4.819097801110466,7.844764131229177,126.81970332057097,12065,12068,5.655383267442687,117
268,19,4.292218338618683,21.57497972762299,76.43876782720585,12066,12063,3.6050172507681117,127
269,19,4.196279579289925,18.04534478740033,135.81768667052145,12069,12057,3.2053518940821912,132
270,19,6.39609523510687,12.12160339931582,65.14146416209222,12075,12077,6.535631975699779,143
271,19,4.923780878553177,12.135705842828443,122.59603139086644,12078,12054,9.527824978422535,138
272,19,12.302299088912772,6.7368199829630235,76.0096634062158,12092,12080,9.013583627814425,124
273,20,13.399328351745481,8.284746424864762,68.7822357461642,11713,11715,3.507149594642318,140
274,20,13.829232151669423,10.21403969652044,89.34082635101214,11716,11712,8.601450754726939,127
275,20,17.22364220943118,10.971661861895887,70.50166240497754,11717,11719,10.300072944624182,134
276,20,5.011915701814841,19.945398846698776,69.1581510252862,11689,11698,9.555969636945782,144
277,20,2.985595846244699,16.187791207281254,131.47440701004118,11697,11675,10.115463480187506,132
278,20,4.254169264474763,13.214940386916995,73.28122736254144,11700,11682,7.324531168482116,126
279,20,4.57066441740005,16.25534022153035,120.28671766056381,11704,11678,10.466903092039107,139
280,20,12.457461949212558,7.4041551288598155,74.97196738612085,11705,11718,9.530623041251324,123
281,20,5.470098180181607,15.906787968621213,65.97212706467559,11706,11677,10.236742969740174,122
282,20,12.274654243204015,25.72027759573467,44.32802582662853,11710,11714,8.680518548316762,129
283,20,13.362235716392664,17.675156606826327,91.94011730147493,11711,11716,10.853717355521526,134
284,21,0.25,17.077548878384537,124.45099525625271,11721,11722,7.303118723862211,135
285,21,1.5526613617687848,15.714427817191023,73.38990416219242,11726,11727,4.403073747955922,141
286,21,2.799049605557638,16.628939517037928,72.65871364423919,11728,11733,8.08075423148519,147
287,21,3.636260328634545,18.051709812843082,67.66794651898604,11737,11734,5.546866794705637,146
288,21,4.891138311639235,19.865997358173686,68.50815224226372,11750,11737,9.49831915119328,151
289,22,2.2105114880437133,15.13167987796631,65.15278158973064,11947,11954,6.935206499155981,139
290,22,1.5071040402019995,15.551251881627472,72.95509688794807,11948,11949,4.4672422612854055,126
291,22,3.872462749423291,20.407276423693478,73.59022258153249,11950,11966,8.738166060385876,144
292,22,1.187760266231067,11.397493092923984,128.9185054724214,11951,11942,7.747389696396821,141
293,22,2.399354908022044,17.222347719022686,72.15809927829743,11955,11948,7.890023627435823,125
294,22,3.8357285367193112,18.992787958733715,69.14594329551879,11956,11959,9.473778445714228,142
295,22,3.013001701247027,19.498481109485986,74.63569568561252,11959,11950,5.56790827039234,143
296,22,4.09513613235252,23.181042981385865,65.21772375215929,11963,11955,10.74339685496721,126
297,22,6.100607591307195,12.885863696955992,64.80278016791127,11970,11971,9.575801494765207,132
298,22,3.9074691022205936,15.901115682059782,119.54735224431653,11975,11944,10.871878911762753,135
299,22,7.505349962585872,14.047194322560234,67.0329896098273,11980,11964,7.307867382186001,135
300,22,13.03078890715346,7.1960755382961485,68.12445501988384,11991,11981,10.202806927328862,122
301,23,13.70610117490222,10.154080029747606,88.07595696665554,12034,12041,9.6090154873818,138
302,23,15.348785685028806,9.781636676219525,72.53857719052871,12035,12042,10.702471966483445,147
303,23,12.471767038017981,25.951366966822608,42.869926581239355,12038,12033,8.56345047718652,132
304,23,13.370014224454838,6.438697150027518,75.15587466391595,12040,12032,8.43356703121464,123
305,23,18.5,13.282538016521308,76.56441664678155,12042,12044,2.764198577918693,141
306,23,18.5,15.180043447452924,71.4240494514146,12044,12045,10.876009983834468,139
307,23,15.348785685028806,11.67914210715114,67.39820999516175,12045,12035,10.619754961240945,145
308,23,2.6516580836355117,15.414551701129811,69.81928501740927,12008,12002,10.383533321496941,137
309,23,8.561696321039388,22.319590224467582,94.63207688599596,12015,12036,7.101420222276273,126
310,23,9.675373399982771,8.322369031556802,68.9700269982832,12018,12037,10.41520336796896,126
311,23,5.074343229751165,15.980601018962695,64.47801247352118,12028,11999,10.085894237257763,126
312,24,0.0,17.077548878384537,123.63935833066846,12204,12205,6.893672992369966,142
313,24,2.9553297916734715,15.826793609142051,60.166719371360685,12212,12218,8.973876721413195,146
314,24,2.983399343471002,19.314759631251263,75.54127057464544,12213,12221,4.074155080609191,153
315,24,5.830029366209688,13.199114476561881,68.8560847101608,12229,12235,7.769953931792148,132
316,24,3.403354514200985,14.280699672955542,69.64791639012128,12230,12210,6.5623308865727195,135
317,25,0.0,16.806476673965737,123.63935833066846,12308,12309,6.5212021748413225,155
318,25,1.9413699764032974,15.941256450672817,62.664459590332626,12311,12323,4.592781865431722,143
319,25,1.9324777857762214,15.741555516961665,68.92224823254627,12312,12320,3.516203281271325,137
320,25,0.9042340510366668,12.100789197060244,92.4175737877148,12313,12314,2.1352215289908,129
321,25,1.0891971595673937,15.579760988386212,72.06150282067983,12315,12312,4.337819998539316,133
322,25,1.613252056737532,17.404294101129175,70.91984541547572,12316,12315,8.144806500229267,130
323,25,2.8532059000174472,9.432745648064794,126.23113844707126,12317,12322,5.466221144563779,122
324,25,1.9787130650396079,18.86370170365749,71.27083118426488,12318,12316,7.3496654953504965,129
325,25,3.0896012140629177,17.284391295309366,68.30852610220623,12320,12321,4.4125195527206476,138
326,25,1.6834206640393414,17.391517243134086,64.99210351983834,12321,12311,9.114879745347196,140
327,25,2.869730908520122,17.13174357680096,69.47112252962324,12323,12318,10.743918908872946,136
328,25,4.7148136563732645,22.43037980240299,71.12942197601078,12326,12335,2.759769970612894,132
329,25,6.048328289320102,13.11583520299372,74.03525598914601,12328,12341,6.105026848261529,124
330,25,4.597175234095275,17.83125400350092,133.26041158685837,12339,12319,4.100291409817791,135
331,25,6.608382080917422,21.64560996184493,64.78004311254466,12343,12329,10.290348990561368,123
332,25,13.826157310705705,9.949997530088345,87.31523717849353,12344,12354,10.492363100654924,128
333,25,9.81963575125636,10.274528598522988,65.28156492303924,12349,12333,8.854525347247579,132
334,25,11.56393816575869,7.7782125428777755,72.44857750087678,12351,12340,8.497493760396923,134
335,25,16.224916946553968,12.076585833411926,67.9270677546742,12355,12351,8.958246462566121,132
336,26,7.101284113376234,25.45495914378811,88.54118621726566,12290,12276,7.818599259479189,126
337,26,9.222711013680192,6.77989974581979,75.74944387490581,12291,12288,4.104179468480517,130
338,26,10.009802767191598,12.968731333689256,67.28851651857329,12295,12289,9.777524125225376,122
339,26,11.747305313321657,6.34212046809904,82.53278089778723,12296,12291,10.940008592769393,135
340,26,13.527532943836828,7.497223808165756,69.2465237125582,12299,12295,4.689936735455599,118
341,26,16.158636454920003,9.841236190815277,68.44203994042445,12304,12298,8.510081003926683,133
342,26,1.4722350054357143,17.591103145702473,64.85972005833571,12256,12268,8.825414749873987,148
343,26,2.088888321744297,16.018478601310594,68.66568078071941,12261,12267,3.608936428049556,130
344,26,3.196939999991974,19.866528297348328,73.39224740278195,12265,12273,5.250523405229784,140
345,26,4.646408527790115,14.270725287241532,66.05906661220233,12270,12278,6.5910242529316605,130
346,26,6.785885667005784,25.3376740362962,92.66576347195823,12275,12290,6.018805753254672,124
347,26,10.542756472259958,7.117605839752178,70.79514863451439,12283,12299,9.353447621129497,121
348,26,8.873587586868886,21.452481167068278,92.07159953377604,12285,12293,6.939702828079626,138
349,27,0.0,16.535404469546933,123.09826704694562,12095,12096,6.893672992369966,140
350,27,1.810112092834835,16.455741974795913,74.44282219982523,12102,12107,3.8325598789261073,135
351,27,2.1713112991965313,17.58951455688814,67.13809426360152,12103,12106,5.276224589967049,139
352,27,1.1724026844445101,16.157566198774347,129.33091393674198,12108,12095,8.955086729866228,143
353,27,3.906968998875682,7.7270606024419735,125.39643980228962,12109,12116,6.3428821806304905,118
354,27,3.231304987910546,17.98071107219385,66.02959338242161,12110,12112,5.487466088909189,141
355,27,2.2620056354706644,15.856144244303445,62.22995466902505,12112,12101,4.253539300849334,134
356,27,3.5377184284939958,20.06927442456908,71.7149309346312,12113,12110,7.0644814692441225,144
357,27,4.967138122276202,21.840089100439585,72.46986385409642,12121,12113,6.017141638458546,143
358,27,10.694929273025792,7.034932792334427,70.53244438117743,12122,12144,9.212362793402264,118
359,27,4.14487426276003,11.57447039706566,122.41269877896957,12127,12104,5.697198425411429,133
360,27,7.4402416602650785,22.49958037873539,92.65869244039911,12139,12115,8.880487491318341,146
361,28,2.9948759736904043,15.762316062444343,65.11013471368486,12162,12168,4.054265420342273,141
362,28,2.629317733897948,9.458459899083065,126.08596247541755,12164,12160,5.7488856631269405,123
363,28,2.6703650847037115,15.8734018555879,62.14144961345248,12165,12162,9.665652463261006,142
364,28,2.4862121948506966,18.968743926434886,71.3191681726185,12166,12161,6.692962464962241,132
365,28,3.756947419525746,26.274494385157617,58.26901019544492,12167,12174,2.676904839613061,155
366,28,3.1747927320838523,16.74340624362437,60.38136094011764,12168,12165,5.976868275226092,143
367,28,3.9144511853377626,7.6553273413528276,125.24190230091432,12169,12164,6.431817627195572,115
368,28,5.117780153660112,22.075085248792,72.1745047789585,12170,12178,5.955883769935471,144
369,28,3.2612226810548535,15.95012664697466,65.5576543285807,12176,12159,9.776870250822533,122
370,28,5.758054470478538,9.822254746913247,69.08547925124654,12177,12180,4.840385167651909,126
371,28,4.227192652122573,21.424401363471453,68.76146694805675,12178,12166,4.570936311480621,139
372,28,4.61578007835028,17.762209108004967,133.0611412004968,12183,12163,4.558839066572654,135
373,28,6.125291815704221,19.819782219841578,68.72095391009856,12186,12171,7.91398863707721,125
374,28,15.023297575081173,9.79804595267304,71.01829658606383,12191,12201,9.85608634968716,136
375,28,0.0,16.264332265128132,123.09826704694562,12153,12154,7.287469929020271,154
376,28,2.7295047201750617,18.82156407533757,72.06972259568309,12156,12170,8.156295473762096,141
377,28,3.6253877312882277,14.984339557642805,59.15132548662831,12157,12181,5.987076580163225,135
378,29,0.0,11.927176994427295,91.4444269491596,12359,12360,2.4236022920077698,140
379,29,1.5220770583226735,17.743923468097677,63.86966515640732,12362,12373,9.145283921666257,149
380,29,0.16430949151178686,16.158407572329445,64.41885741972777,12364,12362,8.765170114638575,139
381,29,1.4788904617282062,18.156576431208826,69.86888515267344,12365,12366,9.017029678908154,140
382,29,1.0278188330284146,15.334118080177316,121.93524885310059,12367,12363,8.390408495144056,135
383,29,1.3619320101072239,15.815950985052313,67.70592239710302,12368,12364,3.3588005739734133,134
384,29,3.396291548857188,18.195619239334647,65.30203582043403,12373,12375,5.739397779672032,147
385,29,2.7588502612692904,9.770625561368746,125.91517075917827,12374,12367,5.961996681588121,127
386,29,3.0718370091299514,15.831427040250366,64.78056813463697,12375,12368,4.255981983511378,141
387,29,3.5794382146302137,26.283345038855927,57.82542273651738,12381,12371,2.9121604016735296,139
388,29,3.6626641622967737,19.810569382808055,74.22981849383456,12383,12370,3.0779063785131684,135
389,29,5.100607697928625,7.430893319709969,121.52989880202637,12388,12377,1.4576955463227996,111
390,29,4.652839699580712,17.624087438673858,132.75140565218248,12390,12369,4.846166790013408,126
391,30,1.3994916762204628,15.200344720341636,63.070917599570095,12464,12474,7.704445560277052,152
392,30,0.5769940999800859,15.954117228486822,71.08338643282053,12465,12467,4.907709602308982,133
393,30,3.1946092896675387,15.700338856198494,64.66445246955139,12474,12476,4.4863602701850835,147
394,30,3.9191837078761496,7.66957394267347,124.72883298893198,12475,12479,6.602506696622017,115
395,30,1.7951176134470757,16.222181992147384,61.113576079493455,12476,12464,4.903792313646841,151
396,30,2.6570272760419824,23.18120391685114,62.39816515418413,12478,12469,9.429572937602835,145
397,30,5.63444858170563,10.040828174724068,68.5413686090947,12484,12490,5.559203564910886,143
398,30,4.80945708059852,24.017125051631396,69.81026330224367,12486,12481,4.2602449254763375,116
399,30,4.650557474017866,11.900625556480836,119.49711659151318,12495,12470,9.682610893048201,143
400,30,14.239373096494944,8.175870479371234,75.2312263549545,12511,12497,9.587978557438902,143
401,31,2.098726999763611,19.56255377914357,70.0766388821984,12416,12422,8.017464561885387,122
402,31,2.756434335582439,18.90653690918732,72.15899051529942,12417,12428,7.6594020536572325,130
403,31,2.857921360613565,16.970717013176934,67.25420945114413,12420,12423,4.8587369400533,144
404,31,2.1486309442401517,17.215165377121846,73.68520596704272,12422,12417,3.6600692223419404,129
405,31,2.185108681082239,19.81955534672494,66.96021016777439,12423,12416,2.5971528315989385,130
406,31,2.8136709859026015,9.561367180977346,125.37915240974809,12424,12418,5.687346447704505,132
407,31,3.0430565016334974,26.04209587268873,57.70500659375189,12426,12421,2.851232397523916,133
408,31,3.6693687319500476,7.589711576607452,124.48409732375285,12427,12424,6.231458432081112,119
409,31,4.627007977416783,17.213972183602245,69.13802059185679,12428,12432,10.612203124931659,130
410,31,4.4466349374981995,23.69039106473022,88.87924519844921,12430,12431,8.054477867995574,125
411,31,4.348123560828993,25.611201474110892,63.89706833575498,12433,12426,10.042814538502027,132
412,31,5.158489554706476,24.334834232541247,69.02293022147275,12436,12433,2.5890520692181327,131
413,31,9.783806875135587,8.675109487116714,66.50619502449003,12437,12449,10.78643792655716,136
414,31,4.170659642805342,14.786051091898775,62.3669608154314,12438,12420,9.480795923274183,147
415,31,4.653494988211208,17.61359648982453,131.63880839071214,12440,12419,4.996267300938943,133
416,31,5.919968259517635,16.032511678550378,72.97677129807519,12442,12429,10.447336973437103,134
417,31,5.71411851159378,17.005749140433455,64.14839714454983,12443,12425,4.964002635474952,137
418,31,8.236361131175478,9.687905349769515,66.24552853938721,12447,12435,7.432740697309344,133
419,31,16.357405288581027,12.238214530187665,66.9777732255716,12452,12454,8.90276824223737,124
420,31,18.5,9.487527154658077,70.0713212421075,12456,12458,3.1567038938306515,160
421,31,2.6276649317843352,19.658828392677577,68.94846694565544,12412,12436,8.597690147821947,135
422,32,0.8482655794222688,15.991319436413669,71.14431092893685,12576,12572,5.1684418578569185,134
423,32,1.1198404939907105,14.829362963059902,120.89874311221291,12578,12573,8.412897915597208,131
424,32,2.1270771298373248,14.977610210137406,70.30330108125118,12580,12576,6.754409267658063,134
425,32,4.443882744610367,7.414828071767227,123.76895439912015,12582,12597,7.575453743867987,126
426,32,2.398772372674068,22.80816400671295,64.3427749214206,12588,12577,7.5198083828818865,129
427,32,4.472290438758163,17.40787803919097,131.50135784390116,12604,12579,4.886500648571662,145
428,32,8.701646328182772,7.378087514334568,74.61848826715692,12607,12602,4.785005640720813,120
429,33,6.5360765563593235,9.072594617267562,72.05144896409752,12544,12549,4.549048008673959,130
430,33,5.8356024324010445,9.243874209260156,68.22420937980627,12545,12544,6.97604892540203,129
431,33,6.563542188081637,9.969473698030322,69.80314711541328,12548,12545,9.2817650120225,127
432,33,7.609849943737306,14.006625687855788,69.93770297466742,12549,12550,8.75291128254764,130
433,33,9.539102681335422,12.32723984203883,68.25568398769616,12550,12553,10.363348888539731,129
434,33,11.872682848964292,5.560377096107095,87.00825089502746,12551,12556,3.057219169488834,117
435,33,8.785074485549103,7.319713487184511,75.38256799383046,12552,12548,4.666575517267064,125
436,33,10.715094149765772,6.812866604690097,73.14117805874812,12553,12552,7.098987767036564,126
437,33,18.5,9.758599359076879,71.42404945141459,12566,12564,3.9042029844888733,145
438,33,3.266385969965809,14.714817739668693,127.90421338479524,12518,12546,10.098594067933941,146
439,33,3.458808518029386,15.744154846798548,117.36442042775354,12521,12547,10.041894404997254,137
440,33,2.421603688247407,22.84972745575304,64.64149858148521,12524,12534,7.509626102776554,124
441,33,3.9265329611398645,25.474626894368633,64.68934272246395,12531,12540,10.37866368572874,144
442,33,2.3207855237095223,20.876413826989786,69.54442077343279,12540,12520,10.34184057703798,145
443,34,0.4259677168065098,11.067734362386862,92.01679114251188,12680,12674,3.10213442873248,132
444,34,0.6316197946235631,17.935171001475286,68.74735013943749,12681,12677,5.0619929542866515,129
445,34,0.9508126612541655,15.306526635718015,127.96047924940422,12682,12675,9.503369712795905,143
446,34,1.201028331110317,15.10660722852967,120.8713721579081,12684,12678,8.8906634120781,137
447,34,1.5233392305660112,14.305304013696354,64.88091212020106,12686,12676,8.099583604437367,147
448,34,2.6702999117699195,25.838194628105533,59.09021563260953,12689,12683,3.22028224362536,136
449,34,2.919997554131067,22.80928091643335,69.19335463982495,12698,12681,6.949743260737871,127
450,34,4.273339230566011,14.305304013696354,64.33982083647822,12701,12686,8.926923329451096,151
451,34,4.368594295949656,19.331914392589688,67.65185375839877,12702,12690,9.634785942376686,132
452,34,4.169030117344213,16.96175397053021,131.79054862271482,12705,12682,4.732497966421302,138
453,34,5.381794494014115,7.3966190643772425,89.5714262077767,12710,12680,10.847436951728058,119
454,35,0.0,15.180043447452924,65.74259097232479,12729,12728,9.262237196587817,140
455,35,1.1923364733542234,15.12568704886393,120.82717673465203,12731,12738,8.816575449567946,138
456,35,0.42664009194441554,11.065636202784924,92.0032584106909,12733,12726,3.1152850849722604,137
457,35,0.4732804923222864,14.426557049887034,72.30245211070766,12734,12729,4.794391741283049,140
458,35,3.18895755674521,15.98007439679047,68.50212443192336,12735,12755,9.412658940775401,128
459,35,2.587167630547902,25.97159082144394,59.30357353419538,12737,12743,3.019772804750321,148
460,35,1.1923364733542234,14.041398231188722,121.63881366023628,12738,12730,6.330510936785844,136
461,35,4.354346391953315,15.238709133032028,62.2843793119413,12740,12756,5.285395267260087,140
462,35,4.993339230216053,12.900033308437465,74.95702942210758,12741,12759,10.207627399812573,136
463,35,1.8768842456802142,15.890009653214545,71.8329441436502,12742,12734,7.585089468796385,145
464,35,2.6248935843730283,20.998329559368642,70.20917582875441,12748,12735,6.1164062089221165,129
465,35,3.929243093846749,10.652702398197576,70.22044502576433,12752,12739,7.863590575341825,120
466,35,4.657605716360891,7.024430147474606,120.90640917121769,12753,12745,2.069971426000481,116
467,35,4.127815069722788,16.954116824464407,131.57999584860636,12758,12736,4.607165429489836,131
468,35,3.5714773945910845,15.644349217317801,117.41510074962505,12760,12731,10.293612119333535,140
469,35,6.413290893672366,11.028268670619614,69.98559268083926,12761,12754,7.670527828551078,134
470,35,5.949043427851253,19.36233251655598,70.00610074631221,12762,12748,7.986911460645495,132
471,35,5.243674569592984,7.367476558225519,89.60006921515802,12763,12733,10.596974488925914,127
472,36,17.902552958859268,13.104309300251776,73.80057371656471,12673,12672,10.497447870554128,142
473,36,1.3528000410945389,14.804791400810348,69.25064562184048,12626,12634,3.4492475706179975,136
474,36,0.5138158232008135,14.372386496701179,72.07053302748773,12629,12626,5.380620480591207,137
475,36,1.8724712159304442,18.875234815754162,71.2676210817786,12630,12635,7.404300927195038,140
476,36,1.8666158642953525,13.454990041220999,71.52040304908212,12634,12629,5.947313174703476,137
477,36,3.4163801281524764,7.131412637888855,124.13692460297992,12636,12641,6.032796948360411,128
478,36,2.9771020910274286,17.106706375929072,67.14218499262765,12638,12637,5.5963205473937245,141
479,36,6.266999217582761,7.639597827190761,73.45953000431717,12648,12655,3.9474269794018597,119
480,36,4.405107965511327,16.54398028116798,64.86396993160503,12653,12638,10.60496334724675,143
481,36,4.055092525449062,16.81399086791821,131.39790491134607,12654,12632,4.49818444108541,144
482,37,4.158514738126156,21.239206145606484,74.09483079853266,12800,12801,2.828457613674181,127
483,37,5.669642516400376,11.194249242349205,68.0964583158746,12806,12808,3.165328393083515,135
484,37,4.5599897733301535,19.927754910699914,60.68046170852681,12809,12795,10.560008911545586,140
485,37,5.9772136079656555,7.7525337232360645,73.53589896582244,12811,12804,4.3018218184449575,123
486,37,7.273339338356846,9.489517042761403,74.72168431976493,12812,12811,3.192603755068871,126
487,37,6.624596026775079,15.600955840960623,63.95121969603326,12814,12809,7.676386792443955,143
488,37,9.088474296260328,9.220061810250963,72.46283663936897,12818,12812,5.663129220427401,129
489,37,12.17300439729518,6.487084644139152,71.66570643287855,12821,12818,3.966795125867913,129
490,37,11.759734107581913,5.939884521941417,82.66841189927567,12822,12816,10.208874752409445,125
491,37,16.083511174340924,7.3391232251238705,74.11252654501837,12828,12821,6.943838457978414,129
492,37,2.75,10.300743767914483,121.74553883763852,12780,12805,9.116722691210251,172
493,37,3.7330884972370524,15.638340404464836,117.32007449712754,12782,12813,10.588302349747941,136
494,37,4.436977383100142,14.449987862654224,70.99465409125273,12785,12814,9.68504090648203,141
495,37,4.1065490243226535,13.653710868371615,126.95903243122672,12787,12810,10.915452452705765,148
496,37,4.132526470773484,17.94628305606565,69.94985512579171,12791,12807,9.224451255840112,159
497,37,1.5018743720782783,14.656507683144412,63.28149218171096,12793,12781,4.525816517753945,138
498,37,2.6740741015600835,25.68717316437013,59.665092135618394,12795,12790,3.351218141722053,139
499,37,4.097481729167167,23.686881544017474,92.21477021935064,12799,12802,3.7124140554784932,126
500,38,0.5022785646100788,16.98353435613021,64.88175444882368,12838,12835,8.675157728880437,134
501,38,0.6252052589920725,11.113005095603977,92.05130003626977,12839,12833,4.10899199807265,133
502,38,1.0951341462983062,14.907448219366223,120.94691821958013,12840,12836,8.310047324452762,135
503,38,1.829534459298892,17.44428119716259,66.54187715258067,12843,12838,5.978005739044829,138
504,38,2.527638678879847,25.562262018248067,59.89294950401793,12846,12842,3.2162460162224575,145
505,38,3.0256972084015765,16.285849601409844,70.111140499676,12848,12843,10.549569693247653,145
506,38,3.1344580488534337,21.684043753449004,65.64810393936921,12849,12846,10.859231781626681,155
507,38,4.028392966851824,17.830386033823455,70.18776181133993,12857,12845,9.248460675402725,139
508,38,4.107397345809252,13.453817465012843,127.30829782641587,12861,12840,10.54719445498449,134
509,38,5.169503744708259,12.927741049704457,75.56822728115745,12862,12848,9.934092522624749,143
510,38,6.051449909481021,19.140078864019088,70.51842301313613,12865,12853,8.291717510033477,134
511,38,5.339408986796581,7.086449911803007,89.9111201063495,12866,12839,9.802140205815093,122
512,39,17.250594728499518,12.160586200030606,68.63196298298308,12928,12932,7.071915487629759,134
513,39,17.665008054130624,13.299354322517889,77.67097179086002,12931,12933,8.50086836073045,141
514,39,18.29646583860073,10.092867385008038,72.36229047933159,12932,12934,3.861091855950576,135
515,39,17.454128889898783,12.910606991774655,70.3991783736803,12934,12928,8.782858465660551,133
516,39,18.5,13.824682425358912,63.84877147929487,12935,12936,6.693696510486874,139
517,39,2.0412256353391003,14.306096967433351,127.32309043742133,12890,12891,10.361395313192176,126
518,39,4.3620289713290115,7.126664062794916,123.59652151830856,12894,12912,7.744281165336033,106
519,39,1.5948089153518974,16.126818734823228,66.2797977373102,12896,12885,9.613737306712384,158
520,39,3.5950059961867065,15.746948204322567,117.60579598833772,12915,12887,9.39295666055801,130
521,39,5.138085963617397,15.445175125183628,66.65987714269212,12918,12895,5.803310159243192,136
522,39,12.277573074011038,4.931638999094881,77.6833905257141,12922,12925,8.818652113633416,114
523,39,15.001212928750864,10.488152349202517,87.13395666005144,12924,12930,10.444413540646856,127
524,40,0.0,16.264332265128132,121.74553883763852,12940,12938,6.937576071793422,147
525,40,1.1791941160868944,15.085507491759198,121.58850606077934,12946,12940,9.066081050814494,136
526,40,1.6143588639637731,16.669951187561704,69.31983784309816,12947,12942,6.794624782052742,133
527,40,2.3078514043310543,25.140139251055054,60.2060299321398,12948,12945,3.462600714565993,132
528,40,3.3527873372669488,7.140761070350324,124.49462508249746,12949,12953,6.67447933302441,117
529,40,3.7055840255221,11.049956912174402,69.30617085287564,12950,12955,10.4334483191671,138
530,40,3.189266586845243,18.085546599253668,73.36487958139784,12951,12954,5.294598312494497,145
531,40,4.160408850954653,13.41041668527819,127.89272882331075,12965,12946,10.317821646797205,136
532,40,4.711826347349769,10.778286159457132,73.36971251616768,12966,12947,9.915194451923856,133
533,40,5.700018335552047,15.694305506397534,75.89564940927463,12967,12956,10.481697052522298,137
534,40,6.436687281566706,19.245132758081724,70.37678316504984,12969,12959,7.001830349448442,135
535,40,18.5,10.02967156349568,75.7527797211973,12986,12985,2.7073532236186235,145
536,41,11.398098057963235,9.341098366382496,74.27919567068017,13057,13069,9.194459892201253,132
537,41,7.519530574978306,13.685082115745185,72.18619309133733,13060,13057,8.56229309084595,129
538,41,8.805866213613143,5.830498795115369,84.07288380992662,13061,13062,10.721261446222185,117
539,41,11.58157372204277,6.141005562818284,72.94582020856191,13063,13067,4.1403014588582225,121
540,41,11.205709107765045,12.870896091224623,67.55442660875622,13068,13060,10.42126921709299,126
541,41,16.245382614979494,8.25135951820696,71.81616316167678,13069,13071,3.188277480864184,132
542,41,13.067807508686421,8.64966236163201,77.05174769424949,13074,13058,10.931965059085712,138
543,41,1.2578955058389478,19.061729420013172,62.21462401834036,13032,13041,10.304925417397287,142
544,41,0.799060626025974,10.575050283442678,93.11352358785197,13036,13031,4.22944527936454,156
545,41,2.9468380561348138,7.161993176840088,124.66960877568614,13037,13045,6.613526036739107,110
546,41,3.745068031949776,16.846921233760895,132.18710738104159,13038,13056,4.494493686791775,128
547,41,1.31807592167343,13.533500496452836,66.31853145744317,13040,13032,7.660221848729127,144
548,41,5.236201483242263,12.056189259517147,120.36094920113716,13042,13059,8.81077536035731,131
549,42,0.0,17.077548878384537,66.28368225604764,13080,13078,8.425600324007732,135
550,42,0.7599472293367489,10.54915697446604,93.28273284214953,13081,13077,4.18132316580787,142
551,42,1.169465220129248,17.16752117998732,67.69215940224029,13084,13080,6.98209637033576,137
552,42,1.551937861107203,14.919890220312311,122.16313872021506,13087,13079,9.595422348302298,135
553,42,4.722821654251335,22.946838586974906,75.06450872522547,13095,13097,6.71606484043502,134
554,42,8.09542743478389,7.515170859893031,78.62238751442786,13100,13104,2.8630029965866846,125
555,42,8.629258296814095,9.167206125615353,74.1688491663829,13101,13107,5.8395210793359675,142
556,42,4.891868340769385,6.968717980098871,91.57940402957348,13103,13081,8.00589556887075,130
557,42,15.806582336858199,6.968540915503919,76.16525882311956,13118,13109,7.275507789088491,121
558,43,2.7199760969916884,14.15884340854296,128.91543043832957,12993,13000,10.551755409483025,141
559,43,2.484261026103074,18.68756430580885,64.50050895741015,12995,12996,10.93782821551901,136
560,43,3.323467223207934,7.112469599837004,125.62053915035094,12999,12998,6.4704652201142645,119
561,43,3.7777244990691967,15.295094262734803,71.0577226973885,13001,13003,5.521800758028698,154
562,43,3.4790547703126826,19.35479614245694,76.14116210165447,13004,12997,5.223975294514596,123
563,43,4.7032367010049665,6.893390513469834,91.99378078159629,13013,12992,7.53501453081753,124
564,43,9.811841906115216,7.173901057711098,76.1846435906168,13014,13015,6.203541106541526,126
565,43,7.411522227327726,7.2265588046821385,73.3552086340126,13015,13005,5.710747204356034,128
566,43,1.8057321142043814,16.300681496870247,67.52720529623161,12989,13001,9.763176951555385,157
567,43,2.17466503035812,22.337701269018712,71.5268901313203,12991,13007,7.915522473743281,130
568,44,6.483093718251431,13.015256270523444,69.54012376713362,13184,13190,6.668204778781277,124
569,44,6.154998920122114,15.941852958991591,77.70059570764465,13185,13189,10.142160461024494,128
570,44,8.694784051294407,7.360403419691773,76.08352402512287,13186,13194,6.459662594196771,133
571,44,6.123706006220552,10.445734479334853,72.8175129300658,13189,13184,8.092844376030554,126
572,44,6.514386632152992,18.51137475018018,74.42320654471246,13190,13185,9.838455386720252,126
573,44,7.795734679867506,7.441413342243794,79.28889191721673,13192,13186,2.900128499321823,135
574,44,9.910648543839192,7.2084418263907075,76.85893845500851,13194,13192,6.660100811093247,136
575,44,15.2510641464407,8.491843750243303,69.15226176800451,13197,13199,3.8492829394367676,133
576,44,0.8577635119692762,10.118717758578267,94.19946701992629,13164,13167,4.122068801990286,132
577,44,1.6957193894543559,16.28370085973207,68.02112051278237,13165,13178,9.590124991762474,154
578,44,1.2289789113532439,16.674563523574147,68.78826626922671,13166,13171,6.929542231386148,142
579,44,4.830638139555558,7.4225126924367455,125.13305191111121,13173,13187,8.708297252550647,125
580,45,1.0743488782211894,17.79100132657543,74.4158687402886,13123,13125,8.152408248068404,140
581,45,1.0743899543797586,18.84876384327471,63.452161758357846,13127,13121,8.727656145365277,133
582,45,1.4769440294059744,16.565863169730218,69.32317612643004,13129,13123,7.300593181825443,142
583,45,3.5884937730131767,6.914601695843643,126.5348864828374,13131,13132,6.530896039720167,107
584,45,3.72466705248024,15.016541115161997,71.90781517449432,13133,13135,5.334253046834364,148
585,45,1.931432442639781,14.181842450608443,124.03341234161752,13134,13122,9.06372760618639,133
586,45,5.20358137848482,21.259705577618632,77.79504727808603,13137,13142,3.51489488542556,128
587,45,6.444303194739053,8.685399435285312,73.91264250406977,13141,13143,9.52953632614364,122
588,45,9.273537723376577,8.022690677682114,76.52944859258594,13145,13152,7.925406297357,134
589,45,4.8743329844991194,6.668670585949546,93.25095837112569,13147,13124,7.2501735541155945,124
590,46,0.0,17.34862108280334,67.63641046535474,13206,13207,7.808405968977758,144
591,46,2.9678278399044187,13.817730247486264,129.91788359543935,13208,13219,10.704423861421702,131
592,46,2.494528862780271,18.258220528223262,65.85637664465965,13211,13214,10.60141058921314,146
593,46,3.0332926523993216,15.514662720375838,70.61345871239439,13214,13215,6.059293847913547,145
594,46,2.552758858964752,16.624573272273793,75.58845616342265,13215,13210,5.745347977035976,143
595,46,5.535945828427505,7.478978776061348,77.32124706960767,13218,13229,4.426540235393398,128
596,46,4.482296634284717,16.92551037064665,72.52598018039384,13220,13221,9.059364069622477,150
597,46,4.240425301725564,11.514366246856198,132.23533104931505,13224,13216,10.31963139112425,126
598,46,6.298684460510575,15.809016636546207,78.50149324660346,13226,13228,10.456240014008435,134
599,46,4.724674188869542,7.522910159833261,122.39733054328153,13227,13213,4.168727047726829,113
600,46,4.803547042381354,6.56074913659171,93.5768046322594,13230,13209,6.978292665956945,119
601,46,11.502016538647226,4.813440982852266,80.51979617475953,13235,13236,9.573720142901154,120
602,47,1.9307520530200406,16.043828007862263,70.89878465109501,13248,13263,7.9479199942950745,146
603,47,0.8432731364165627,17.57110557127886,74.55232085817127,13249,13248,8.476464044210486,143
604,47,2.7787231242503037,24.009254173380285,65.12017794525917,13252,13260,3.7287097157118496,126
605,47,2.234273680192034,14.739349008657863,73.32062441355322,13254,13249,10.020935214736495,132
606,47,3.164252711427232,6.950106819806312,126.63664108563097,13255,13257,6.683586095620722,112
607,47,3.002013368358069,13.537986289940918,130.0689061436209,13262,13251,10.922439662907326,131
608,47,4.05570086714805,16.898594154990697,72.46861687204154,13263,13265,9.205523313945628,145
609,47,6.053294643659999,18.892300829838067,74.02227320618206,13264,13272,8.341454819174098,130
610,47,4.773065224464819,6.5282118985798245,93.85564888814375,13271,13250,6.930903500519887,133
611,47,8.759596376218408,7.200623130489203,76.97871289749878,13276,13269,6.453579709738661,127
612,48,10.122381175161891,6.107209932174374,79.16107341522718,13312,13314,5.873905012982071,144
613,48,11.091178837936752,5.916479228914097,75.59816352066727,13314,13315,2.428222503068646,140
614,48,10.291689788886046,6.892157917297915,78.2504377114073,13315,13312,7.394396264555218,148
615,48,14.942827881306657,7.864814044938543,69.69014267175689,13317,13318,2.677275902599913,129
616,48,16.30653479187788,11.112760188973938,72.80633699790317,13320,13321,9.59678502903325,124
617,48,17.117017554989527,13.24580125529457,80.47968857467711,13324,13319,8.724792254973865,131
618,48,17.406908591104674,46.895706040147005,113.0045562994016,13325,13322,2.2586910579220967,127
619,48,2.3779111345990334,18.56305524412685,66.12200959701354,13291,13293,9.99122294494926,140
620,48,3.1934463314165984,7.009263388549502,126.75172985041827,13294,13296,6.957651897390626,119
621,48,5.804171408704871,20.762393032901386,73.15355760795278,13300,13311,9.568941389306282,134
622,48,8.729140036694648,6.220656339805515,82.68359202746919,13306,13313,7.878130819426485,121
623,48,3.2729002173781745,10.50123604389234,118.84306477748399,13307,13285,8.592017684871289,124
624,48,4.495202459793989,6.583875407808566,94.0349860836086,13310,13288,7.1915183800246965,122
625,49,2.9916815034523196,15.503592795997175,71.21150322688037,13376,13377,5.609526843164836,138
626,49,3.6014179377850457,6.937461819866529,126.82735735260411,13378,13380,7.113714486900596,116
627,49,7.20857066414049,6.21049500749791,77.29184819144511,13379,13395,7.554837309125905,125
628,49,3.996807282652589,10.183065255788993,74.3207669029247,13384,13379,8.118836639830706,127
629,49,4.383781224360728,17.30598145889502,74.35008363290181,13385,13384,10.481133188023641,129
630,49,4.397239452090864,12.641950976397592,130.15890473975242,13386,13381,9.978331266793196,135
631,49,5.334194762227472,21.000973557076886,77.66032529399142,13389,13382,6.364144019641247,136
632,49,7.795353811983954,7.76067568429097,81.305204181743,13391,13387,3.3758463055963874,139
633,49,2.1972401693349592,20.576780120520844,74.36280637835888,13370,13385,7.638552057986987,136
634,49,2.6301731926794067,20.15465867184676,76.68904049071273,13372,13383,10.369730969588081,127
635,49,3.381382456763167,16.56675544838177,133.6095200080502,13373,13386,3.567929747797961,131
636,50,1.9228229340962124,13.84334641481654,68.9202092527463,13327,13342,8.336388049480142,172
637,50,2.15757194537243,20.29400509991413,73.33929991097312,13328,13343,5.975526479580169,138
638,50,0.788769147156833,9.88338395626829,96.44633689355634,13329,13326,4.5836307114108585,127
639,50,0.6204758699750152,17.403542154885532,75.12823525412072,13330,13328,8.6194029569658,135
640,50,1.9492196213371427,24.24119147812341,63.30948392895929,13332,13333,4.939868930985131,136
641,50,2.666044976571854,15.544401414304534,72.01239038004232,13334,13337,5.3991643904923405,130
642,50,2.0548562424906356,16.251681906607313,76.47843992212609,13337,13330,5.33993253639456,131
643,50,3.1544875381524466,13.19098699459595,71.13434757384428,13342,13334,3.1425066360028495,143
644,50,4.379179695024289,21.27979215125498,76.67820398648473,13343,13344,2.8806687575660583,134
645,50,3.3312971386606995,16.157954731706283,134.14882212822437,13346,13331,3.5407875243428033,126
646,50,4.752858057436937,7.646115483849659,79.74834642556209,13347,13339,4.14234532674505,121
647,50,6.551252713357337,10.620376805511444,120.46110942559454,13349,13348,3.260461357845746,141
648,50,4.356735307317312,6.672036367383244,95.16130042488265,13351,13329,7.189361621129387,121
649,50,12.485346887946829,6.648232377209624,73.4482321438253,13360,13356,9.753285025289122,129
650,50,16.935655225845835,9.732012891658709,79.88412684747894,13362,13367,9.338242260950455,132
651,50,11.446736368808056,19.051604594133444,81.8047120853754,13363,13350,10.49432087023755,124
652,51,18.5,8.67431054140167,70.34186688396892,13440,13441,4.328730269782696,132
653,51,18.5,10.842888176752087,82.24587512587135,13442,13443,3.907123826851767,131
654,51,0.0,17.61969328722214,68.71859303280041,13407,13406,8.122059670855858,169
655,51,0.7501021727953362,10.207725411043143,96.63568116060742,13410,13405,4.808654138221067,142
656,51,1.5391446760965255,14.695362371961798,74.48051490752627,13412,13408,9.08723680061505,134
657,51,3.690507545599406,7.000719823633604,127.49333468372666,13415,13419,6.639417608358238,115
658,51,2.98514114408814,10.764351265719599,74.3252200153376,13416,13412,10.983929333185845,128
659,51,2.430320465676507,13.080124368272664,130.54631353291603,13417,13409,10.396006147493386,140
660,51,3.712291263056539,16.768907460970976,73.69517488454878,13418,13420,9.237200942623012,138
661,51,4.354879615738844,23.08225354368134,77.19606234659676,13422,13423,4.703758470547355,124
662,51,4.075577486915633,6.786135981309281,95.12851110808973,13428,13410,6.7296120140259745,132
663,51,7.036291607542287,6.374137854149728,78.25821380936016,13431,13416,6.788070580908764,125
664,51,10.942844878099807,19.134181131644752,82.10189697040687,13438,13427,10.608148675797603,130
665,52,0.0,17.61969328722214,68.71859303280041,13445,13446,8.122059670855858,145
666,52,1.1181850241717557,18.763764988068573,65.50103809901475,13451,13445,7.508458805795727,138
667,52,1.8099812516413194,14.791748667332342,74.90849132455904,13452,13447,8.660177138435918,137
668,52,2.395484396614432,19.822873850412012,70.12500308029922,13453,13451,10.49052070907978,144
669,52,3.027389977386156,22.889133948765604,77.77169146059654,13454,13455,5.3266409426060175,122
670,52,3.698532779390913,6.922334726888645,127.85304572432324,13458,13456,6.528729876220355,116
671,52,3.372351815311305,13.534139935504232,71.57039823999696,13459,13452,2.6906890985618133,140
672,52,2.954583966360347,16.058066778801866,134.552239571946,13460,13449,3.71668097135237,118
673,52,5.134613246960635,8.519668922302762,76.72168354260194,13462,13463,9.781758232686633,133
674,52,3.811588019870287,6.776996504734584,95.65249959441323,13466,13448,6.925152267260999,129
675,52,12.876054756920674,7.297056326513001,74.75211049506021,13471,13474,5.612774981743329,122
676,53,7.040100901519668,8.065083451758843,82.8419034624466,13504,13509,3.455985580610502,124
677,53,8.402191624709461,5.119393349232683,90.86744586982749,13506,13512,8.364546840803945,119
678,53,12.001652376035,6.516404258892628,74.59731925372506,13515,13511,9.073332355416882,120
679,53,14.338239816370033,7.493934122493439,71.88093603263178,13516,13515,2.4931257429088283,125
680,53,16.590578563467194,7.700071313721966,73.05261710611553,13519,13516,3.9154178214423228,127
681,53,0.0,17.61969328722214,69.25968431652325,13483,13484,8.122059670855858,159
682,53,4.281500201006804,15.777871852599471,76.84813836792213,13485,13508,9.079185458119783,133
683,53,4.264465699641406,8.385198422632781,123.31222807475177,13492,13505,4.864764465267289,130
684,53,3.673569683107452,24.648365622650267,78.48588391596792,13494,13502,4.18525511839231,126
685,53,4.644648649583193,21.09051800380229,79.28105133913027,13498,13507,7.390999650718875,140
686,53,2.8476268911302816,15.875372224364902,134.95034640991594,13499,13487,3.575962722255572,136
687,53,2.186523639516929,12.808960534026959,74.51072473596206,13500,13482,5.245222347521191,141
688,54,2.0345386617201466,15.999834165652402,73.16875884439892,13524,13539,9.084868114406818,171
689,54,0.6131529671838938,10.338427693901831,97.98553049815914,13525,13522,4.977547832715748,142
690,54,1.0832210758860874,18.678543935791097,66.43842672873532,13528,13523,7.328378668417253,138
691,54,3.281539339836571,8.03974753750094,126.51114440596172,13532,13536,4.017820421821888,122
692,54,1.9346697470221086,11.30946947732347,79.77513908949769,13533,13526,7.960787570871838,130
693,54,2.4754757847694133,17.898917064993306,68.86968749885975,13534,13528,9.977053675295622,129
694,54,3.583349078926778,24.626066074495263,78.75318071017305,13535,13540,4.217536266537161,130
695,54,4.133066626544297,10.903272389979525,133.52672985551726,13538,13541,8.906382729564829,116
696,54,2.904052337883763,16.022224946800534,135.28174165692934,13541,13527,3.6129525409925822,129
697,54,4.313909724078314,7.876579256503552,81.0872283446718,13542,13533,3.778959352962138,128
698,54,3.625168831372539,6.95723061969548,96.80490866621906,13544,13525,7.1155200273592625,130
699,54,11.604448551504877,7.046824946966579,81.0115851913342,13546,13552,8.405261127061037,132
700,54,8.122692155588354,5.101179621492445,90.98821715725069,13549,13544,8.261354151250274,120
701,55,3.553609443743146,9.67302117896896,76.5134530697095,13568,13570,8.361621827155872,133
702,55,3.6986275711665355,6.996149023926559,128.39628092505168,13569,13572,6.907836042852974,110
703,55,3.001334678166812,13.039476932979177,72.2035942935454,13570,13563,2.8522980819488337,130
704,55,3.145189702318165,22.588475130373812,78.98036336812282,13571,13565,5.800712733075212,134
705,55,3.8366946769137806,22.855761272628698,76.98195372231635,13573,13571,4.307708184381052,127
706,55,4.335302103575557,7.602981723685838,81.40078846619133,13575,13568,3.7398439894999322,132
707,55,5.014252938487541,23.048506449500763,80.37445932328117,13578,13573,7.7429091728425625,122
708,55,6.722453798568306,7.904604328325184,83.56858392309034,13579,13575,3.3240641002418068,133
709,55,10.761667178870997,5.268181067535693,90.13530713845827,13582,13584,4.6040464864605575,128
710,55,9.407946776821635,7.269845409643308,80.82608537548225,13583,13579,7.068922117103031,137
711,55,16.35157112104985,8.273161681045464,73.65535955459006,13585,13591,4.694690817675598,128
712,55,10.937031809932808,19.04099622848571,84.0364495001001,13588,13578,10.832183024089499,128
713,55,0.0,17.61969328722214,76.56441664678155,13558,13559,8.560802983947479,148
714,55,2.9588688344720664,16.13483470652693,135.52590520167774,13561,13574,3.6977754776827942,124
715,55,4.281293497359441,9.545496175991836,125.5149988234852,13567,13576,6.6849893469527855,133
716,56,2.881635753157348,13.085566574023462,72.20466257566005,13632,13639,2.894607818524915,132
717,56,2.4239323139197193,15.458004744765216,73.66539908848785,13633,13632,6.06021716127703,135
718,56,2.4276612880640336,19.460409749538343,71.64661122268372,13634,13633,10.369194799656382,138
719,56,2.3694697149970017,24.009512277679335,65.2748429298926,13635,13634,5.572354791305494,141
720,56,3.5963526181667813,7.082170728346201,128.70934861367647,13640,13636,6.907028359315531,120
721,56,3.270433711470599,22.532528501620718,79.44665712752419,13641,13637,6.01636864129998,114
722,56,3.9836200094155725,23.301626438793114,78.82193565323864,13643,13642,4.787167778632314,132
723,56,5.118018690091716,23.128490769211236,80.51831764825127,13648,13643,7.872776114835174,130
724,56,6.329327540352066,7.832817020578764,83.81918793804437,13649,13644,4.211818243607524,131
725,56,11.486955387160421,6.837631231282759,75.59088333776975,13651,13654,9.765475828567308,130
726,56,8.336200935307959,5.957289316842731,93.91635857475676,13652,13646,5.592798193412299,126
727,56,9.63158294662524,6.004529505776825,86.26115230767172,13653,13649,5.559813518639918,124
728,56,11.005428500148824,19.047184698694913,84.3313829332152,13657,13648,10.914878096515656,130
729,56,1.1772474754656446,22.022353044811098,66.64842922600076,13628,13635,10.65705681531603,139
730,56,0.0,17.61969328722214,77.1055079305044,13629,13627,8.560802983947466,164
731,56,2.3350810900579866,13.260247840117948,132.19103475496706,13631,13638,10.761652696529733,135
732,57,18.5,8.403238336982868,72.50623201886027,13696,13697,4.362548143982708,148
733,57,1.0484836008494205,16.393020779015295,71.71287820266099,13662,13667,9.56476575440274,151
734,57,0.0,17.890765491640945,70.34186688396892,13663,13662,7.808405968977758,169
735,57,3.5263892605557077,7.121846359556017,97.57900299897346,13664,13681,6.970776587643309,118
736,57,2.2676904323019587,17.999383169605494,69.26032082135907,13666,13669,9.109572324909056,137
737,57,2.8553711319523485,18.84965462559913,76.86827971074018,13667,13675,4.026679029650162,149
738,57,3.218477723714606,9.826345719633709,76.98446106685148,13674,13668,8.332782198149335,135
739,57,2.9941082637790704,16.07675603855119,135.88765131031795,13680,13665,4.679796582650053,131
740,57,8.021027737720665,6.1196135792659865,93.93885464887722,13681,13687,5.179452863962775,115
741,57,5.023536980118466,8.616359984554842,127.60847910836716,13682,13677,9.831596126058246,130
742,57,4.209561738342021,22.841464949590353,82.93956091187681,13683,13670,5.12803309378053,141
743,57,10.525147149573181,5.479631522336193,90.39374472862764,13687,13688,4.659746136652586,114
744,58,10.283120695112013,5.554936859695968,90.55057874874686,13760,13761,4.629420305224158,125
745,58,13.275794742857034,7.356862666088444,75.58508332861086,13762,13763,8.330988461493202,127
746,58,18.5,8.403238336982868,72.50623201886027,13766,13767,4.624196231653451,131
747,58,16.629321961694593,8.448092244370315,74.38403026132679,13767,13764,4.085064579466261,126
748,58,0.0,17.34862108280334,77.37605357236582,13734,13736,9.315411550665372,141
749,58,0.8897402182266761,18.69675082934197,75.21632291670521,13736,13740,4.603642452548538,140
750,58,0.5411527665496416,10.557154047616994,99.53584316068935,13737,13733,4.106399393595868,137
751,58,0.8897402182266761,15.986028785153948,79.00396190276507,13740,13734,5.3938957996730235,141
752,58,1.0545721417186624,18.81764598681794,67.55349507590114,13741,13735,6.542433309326304,135
753,58,2.898202862789991,23.138145388307315,81.35755342671914,13742,13746,3.2906695029321518,132
754,58,4.882160838774407,23.089104579313513,80.90790548133882,13751,13755,8.248169502340057,132
755,58,6.638143132741457,8.898796996206444,77.4299080522386,13759,13748,9.855060103196001,124
756,59,0.9961683752448863,19.035594061707044,67.57993466520745,13594,13600,6.920751875319037,133
757,59,0.9821372048406192,17.39039893203279,72.54327462835951,13595,13598,6.512752461742377,154
758,59,0.45041198639387725,10.577423211990927,99.53518306371028,13596,13592,4.023862541865502,135
759,59,0.9821372048406192,15.221821296682375,69.29672692602249,13598,13594,3.985780190964151,139
760,59,0.9419158446551332,18.68611141441079,75.55374306051911,13599,13595,4.382429631893766,154
761,59,2.2807507279544765,24.320524995721936,65.61592050418611,13600,13602,5.516808851529263,135
762,59,1.2989440559850491,19.628694489521873,81.79097042702178,13601,13593,10.315565524154374,133
763,59,3.123407308468114,8.37390483020901,127.50715396116868,13603,13605,4.054743183716857,120
764,59,3.502489190136258,7.270212085010659,129.12481181411377,13608,13603,6.936511475958029,115
765,59,4.625412993672683,21.20611507672949,81.28106567149132,13611,13607,7.091095093159097,124
766,59,3.349124118342014,7.399729796673893,97.79019338671779,13612,13596,7.143432710830804,125
767,59,6.116357445660647,7.969689088352768,84.33285396724636,13615,13604,6.5641674562040215,126
768,59,18.5,8.67431054140167,72.50623201886027,13623,13624,4.462464340324592,150
769,60,0.0,16.264332265128132,65.47204533046337,13770,13771,4.462464340324578,136
770,60,0.9448071062722163,16.922657789764507,73.86667796927033,13772,13778,6.263782363416762,150
771,60,0.48179327883211664,10.607982355216507,99.72919579989261,13775,13768,3.860086133172041,147
772,60,2.750461615400658,23.48734224582487,72.30823884158715,13776,13786,10.296020556997615,136
773,60,0.9448071062722163,15.838368972089299,79.2775908064987,13778,13769,5.735871184587207,142
774,60,2.8908781456287995,18.223135707156853,74.32130493226906,13785,13777,9.754829175088716,121
775,60,1.9420302238087341,14.217298859378104,73.09926022081508,13788,13772,7.845334393489676,144
776,60,3.939652223520283,23.023846112826682,83.3980475139158,13789,13780,5.2645295375719705,127
777,60,8.48103685322813,5.441651618897524,92.49290718579579,13790,13797,8.560373691396249,126
778,60,4.561296077013445,9.627455532027085,126.66411875105601,13791,13782,6.130521527344443,128
779,60,3.166003191052518,16.01373147828925,136.31121072475463,13792,13774,6.637540039097857,123
780,60,6.060009046034657,6.613734368125827,80.96695835129543,13794,13779,6.852154590611469,118
781,60,10.218693186963208,19.173497818437035,85.08625634807782,13801,13789,10.709555672884958,127
782,61,0.4926422650754363,10.886464337120422,99.95791009606579,13698,13703,3.4093004183602593,139
783,61,0.0,18.16183769605975,71.69459509327602,13700,13702,8.560802983947466,158
784,61,0.37071324567210223,17.994524766542497,130.79179983966412,13704,13701,10.545387580254117,129
785,61,0.9984131656833016,15.000385872151863,76.36409864338276,13706,13699,10.872354682604591,141
786,61,3.599650168856352,7.558853444558226,129.6171156991601,13710,13714,7.121741306995249,121
787,61,1.9572926151684156,13.730591864443856,132.95485969219018,13711,13704,10.979539242028586,133
788,61,3.0428528511147195,23.209929695074912,80.0300020246847,13712,13708,4.874320838069982,132
789,61,2.434676695217285,24.478243346451436,65.68345335358418,13713,13705,5.0585335176069695,134
790,61,3.084712478726796,13.154350454353297,73.49726455517785,13715,13706,6.349882109396386,144
791,61,2.9689062093677863,20.794955130901293,77.67888240288781,13716,13707,7.4231665320000735,136
792,61,4.421614972347279,9.831588000915428,127.2753508016527,13717,13711,5.815528313151426,139
793,61,6.017895397702848,7.023492720550026,82.38799955460146,13723,13709,7.226382101222362,126
794,61,8.354045304771908,9.049702717912965,78.35344353427607,13728,13715,10.78983641685133,139
795,61,15.185766836920799,8.104707594892234,71.61527856279034,13729,13731,4.877874827819953,122
796,61,16.152055308761607,8.4933061838011,75.23737120651353,13730,13732,5.020531584812167,136
797,62,4.259471624824187,22.84309504465434,81.99860250765978,13824,13825,8.087553771605476,137
798,62,7.089416375349084,6.7607638733531825,95.08928587968526,13829,13827,3.2393814953393854,128
799,62,9.497636269298981,6.851472748975914,84.0231033681326,13831,13833,5.2013896963646244,129
800,62,9.29015279145888,5.807323577988917,91.99822698401707,13832,13829,5.157063331735961,123
801,62,13.442553261775982,8.111804055284912,73.90255171415333,13837,13836,2.671467806972886,121
802,62,1.2437327765742126,19.603988307259414,82.38322090512696,13806,13817,10.2426125000893,128
803,62,6.45281778386472,6.347150226645747,87.04870507807243,13816,13832,10.167617899847745,123
804,62,4.448418128819782,9.25264900054492,125.53779075274294,13818,13826,3.549418832231526,136
805,62,4.442334289217249,11.521760059045274,134.10710849162894,13819,13828,9.176976876551176,133
806,63,0.0,10.842888176752087,100.91352441430926,13840,13841,2.235063475130592,149
807,63,0.8153079566599961,17.150737168113004,74.95260713632356,13844,13850,6.206074638965372,146
808,63,0.7737100842314325,17.415951118261614,73.65773171379908,13845,13849,6.921090884986535,135
809,63,0.6176631079274408,19.1707268240718,67.87069998244206,13848,13843,7.2091196000750335,133
810,63,0.8153079566599961,16.066448350437796,80.09297433169053,13850,13842,4.9337298449806255,144
811,63,6.0592456372190995,7.602473041195222,85.60735260016104,13851,13867,7.608312340897676,130
812,63,1.5701144127680964,19.268303135075257,75.47408547167413,13854,13844,8.593749266778875,139
813,63,4.201015938855621,22.6890948274877,82.3060012597202,13856,13860,7.6476076935948045,134
814,63,3.113841477533159,16.09585752043976,137.54766399957737,13863,13846,7.4408877959963515,129
815,64,3.210206301313971,9.379315626859292,80.86290440347236,13890,13896,8.607990197853063,132
816,64,3.494206580097123,22.82129620178877,78.47745670006323,13893,13897,2.7366142174881127,138
817,64,6.770899957812892,6.953190932962119,95.28944607011408,13900,13903,3.080921475199505,127
818,64,4.893088927558634,8.736490387385835,129.84379972744276,13901,13895,9.552213227596116,122
819,64,10.892374931653093,4.9230678274713044,90.67337969188809,13906,13908,0.0,138
820,64,14.733441994249333,7.707349581552289,75.96745647608024,13910,13914,9.903740194769409,124
821,64,0.0,10.842888176752087,100.91352441430926,13879,13878,2.235063475130592,153
822,64,0.6585049859443732,15.659061111744233,80.10420962621137,13880,13887,5.890190066507912,144
823,64,0.0,16.806476673965737,70.34186688396892,13881,13882,3.9042029844888733,146
824,64,1.226848806416557,19.0189040788909,69.21579959761846,13885,13886,9.329364786221726,138
825,65,3.4720703693406234,7.790125552653738,130.31505787088923,14080,14081,7.608180313849925,117
826,65,7.884400990206255,7.037713814524185,91.1455057149509,14086,14093,10.495250200345467,128
827,65,6.779575398592067,6.229900365070176,87.49191593656295,14094,14077,10.892459900927134,122
828,65,17.821288276522836,8.966375605061316,73.81638521151993,14098,14099,4.1341567360605325,138
829,65,2.1288590461113532,13.408304671467072,72.81659912309745,14069,14083,10.33048888433272,152
830,65,1.9807635027219896,22.50883959276542,77.06799781629759,14070,14084,6.096298733000029,161
831,65,2.3078778215506652,24.88647387488845,65.6553737630411,14074,14082,4.4288504410524965,125
832,65,3.44218324776993,23.073253988040346,84.12596313276543,14076,14085,5.192573078192516,125
833,65,4.2888943132736,9.67971625795635,128.20026845661343,14078,14087,5.988222088316752,125
834,66,11.281148713123669,6.508260709493792,92.49115731350707,14018,14017,5.47920467985353,130
835,66,11.803393576635244,4.863344779387522,87.00466320031482,14020,14014,7.079468619591193,116
836,66,18.036306761531392,9.041260948208691,73.97031939589688,14023,14022,2.6733510470091626,133
837,66,5.111210928834018,11.268743278248639,100.99714561255593,13990,14016,10.461261726181677,133
838,66,0.6170600295017102,16.31619507925133,72.67346056709101,13991,13996,9.15363389134851,141
839,66,2.11654188553825,13.37459359171721,72.47602250420283,14006,13991,10.671125351440304,140
840,66,8.723174209589525,7.348540648747266,95.2730447383976,14009,14018,6.105934977676457,141
841,66,4.191761242927141,8.1332311895984,97.54170205209314,14012,13994,10.765182417038822,128
842,66,10.452455434700259,6.579081314348533,81.19512842405362,14013,14019,3.082048295522663,151
843,67,0.0,10.842888176752087,101.18407005617068,13916,13917,2.4236022920077698,172
844,67,0.0,15.451115651871724,69.80077560024608,13918,13919,3.631164692471921,145
845,67,6.121204897734702,7.384079938306834,85.8747710514331,13924,13944,8.342555840285954,118
846,67,2.539128634318675,23.398943646002294,80.35129886742322,13927,13929,5.652748217225729,132
847,67,2.276440621137704,24.78780163646666,65.94013145009801,13931,13923,2.612612984216701,130
848,67,3.1264206906405074,8.7866714398147,129.1565611225978,13933,13928,3.682048504545547,114
849,67,2.822364184880782,13.855426859285824,77.22845487317693,13934,13922,6.445310218633799,135
850,67,4.741462771568653,10.291430054991137,137.00092563278653,13938,13932,8.324807986164984,129
851,67,5.632131073396837,6.172863109282227,87.57282685558516,13942,13924,9.295458925549315,116
852,67,9.684530236684584,6.076165598671915,88.55683402014182,13944,13942,4.284685718499955,116
853,67,15.06450736399052,7.858292863088119,77.27217621699431,13948,13950,10.64163585534658,138
854,68,0.0,11.656104790008495,101.72516133989352,13952,13953,2.7107220441880227,165
855,68,0.2845837520989867,16.37209447591571,72.65951280964642,13954,13958,8.984658870117208,137
856,68,0.0,18.16183769605975,71.69459509327602,13956,13954,7.992614704142809,145
857,68,1.2114045377225304,14.030488790128587,134.36561921914148,13963,13955,10.440712458539663,138
858,68,1.2876618509370619,21.1425787834293,76.55074803273865,13964,13956,4.300954837896474,143
859,68,2.266769186387053,7.633145252962818,84.28812544906651,13966,13959,2.3845998695148767,128
860,68,2.362453836257101,13.279977027611828,74.41527032301062,13970,13957,8.006594530677363,142
861,68,8.408179590447734,6.231248492840628,92.19185164615284,13977,13976,4.969669546277962,117
862,68,8.014636693698789,9.260797751326729,78.77926502741676,13985,13970,9.107621719944921,138
863,69,0.0,11.656104790008495,100.64297877244785,14024,14025,2.9187554042999553,162
864,69,0.0,15.99326006070933,69.25968431652325,14026,14027,3.291503082724333,141
865,69,0.40702252494448593,18.403047114436973,75.56056325172895,14029,14030,3.847608853594526,138
866,69,1.9389521486522974,7.712743383888858,83.45082088458022,14031,14035,2.588752220249028,131
867,69,2.0133702319687874,24.651533173302493,64.94412464437129,14032,14038,2.9836342024630107,134
868,69,2.101169351713657,24.48827216386533,68.34018761899515,14037,14032,5.662322581228113,129
869,70,0.0,11.656104790008495,100.64297877244785,14100,14101,2.9187554042999553,148
870,70,0.0,15.99326006070933,69.25968431652325,14102,14103,3.291503082724333,141
871,70,1.9302339788642136,14.292727868292006,76.48378074751787,14106,14117,6.449188420354555,138
872,70,1.9199431418743833,7.864175824303194,83.43993034434746,14107,14111,2.3241064634988335,140
873,70,1.0594506516835005,20.967294950196184,79.46722465246197,14110,14106,10.170388863018275,133
874,70,2.5720980575386823,16.555407932944153,138.2006109784056,14119,14104,7.5291804364850385,146
875,70,7.298131173685537,7.405333061289209,113.39572726866504,14125,14122,2.055015713344335,118
876,70,9.881349388622452,6.351045758030153,88.12948967180895,14127,14129,4.594049620079477,120
877,70,10.83653376580277,5.2478218927981,86.72160203622724,14134,14124,7.25451714370317,118
878,71,1.7744697492226589,15.573579195726808,76.01136779723674,14144,14155,8.79553634680753,149
879,71,0.730923447846378,21.46591129999222,70.43051520466662,14146,14144,10.429064635976784,142
880,71,1.8623672804226663,23.475932889088376,80.05197885719446,14147,14149,6.141911924951668,124
881,71,2.9649373822951395,8.191943315740511,131.110383493441,14151,14152,6.967043776138135,127
882,71,2.1147538079998727,24.140087432141616,64.83955136183181,14154,14146,2.536411347598005,133
883,71,2.6091230574070043,9.554063916327298,80.64114042280613,14155,14145,8.913408452762303,132
884,71,4.163683659214586,19.544623413065906,82.43014029502042,14156,14160,7.590147884441786,128
885,71,7.17144268182928,7.3403713183110035,91.22814728468467,14157,14166,10.688320972157058,141
886,71,3.6798487434912994,20.884233476227358,78.69699925562847,14160,14150,7.451861808273761,131
887,71,1.383830360153495,20.56494162379034,65.8330856085798,14141,14154,9.728763099296403,126
888,72,0.0,12.1982491988461,101.4546156980321,14287,14286,2.764198577918692,159
889,72,0.0,16.264332265128132,69.53022995838467,14288,14289,3.939783157593344,153
890,72,0.26172165359246774,18.208138069290577,75.74617887302514,14291,14292,2.875981941568069,137
891,72,1.9892912193775212,23.263279321873696,81.87905098403226,14295,14298,3.872138194890353,132
892,72,2.8176382892104344,23.02232003350932,81.45696432495801,14299,14305,7.720549710411777,135
893,72,1.9547745278424666,24.499550826466454,65.23028098458366,14300,14294,2.5961061260555787,146
894,72,2.4916467703015126,9.517123775334795,80.80027202897463,14303,14293,8.969726525718016,131
895,72,3.744357930285437,11.146670414696345,137.30516338502733,14306,14301,8.95517171945813,122
896,72,2.602524512602414,10.37723646295098,98.7458626924496,14307,14287,9.55140601956426,162
897,72,4.268492955412012,9.59220648407479,127.14312089777351,14308,14302,3.4984522811483174,130
898,72,7.9911063438973775,7.9306335512918436,90.33272944936417,14310,14314,8.352524969361752,128
899,72,10.558317831141807,6.348134146352456,83.3138794934876,14313,14319,5.295452221805839,130
900,72,6.917493354521043,9.718328781556966,78.86237382058579,14317,14303,9.12359571598816,137
901,73,0.0,18.16183769605975,75.48223407933588,14216,14218,3.15959364424198,150
902,73,2.2686829345373476,16.8916270610867,138.74624896645892,14232,14217,6.693649836831608,128
903,73,2.7372428384943306,8.975389227426563,99.03334230731889,14233,14213,8.538369958429172,147
904,73,4.928990295711749,7.482566590693881,85.41523151436587,14240,14221,7.3969571142561215,137
905,74,2.309405827537164,23.15807315433583,80.88747746008487,14339,14336,7.385768547699472,138
906,74,3.1907396713902187,8.432034141831851,131.67054329804387,14341,14337,7.449036919542693,125
907,74,4.937548759888299,9.70188509399271,130.29903538814585,14344,14341,10.498367581446438,134
908,74,11.64289070519126,8.277001628545818,91.06602981039401,14346,14358,10.685076522558584,118
909,74,5.129392101241828,9.562804157333858,79.03770027108251,14347,14338,8.742250426708358,142
910,74,7.458654039015128,6.723173581733997,91.20934768719482,14349,14346,5.324569561333463,117
911,74,9.634263832200048,7.911728028275036,82.71883820324052,14353,14350,6.298065057813634,123
912,74,0.0,12.469321403264901,100.64297877244785,14323,14324,2.4236022920077684,158
913,74,2.620964321285441,10.577396727857598,97.85262361584758,14324,14342,9.118440370960212,148
914,74,0.0,16.535404469546933,69.25968431652325,14325,14326,4.362548143982708,169
915,74,1.781979451889661,24.900794877916905,64.78637263561349,14329,14340,2.948908982187207,138
916,74,6.015923574840098,7.712320018932074,81.93964366092149,14330,14353,10.273218440053643,124
917,74,2.0055426403065937,21.757092498386566,80.77638843715722,14332,14339,7.273988511890237,128
918,74,4.014293605064279,9.524394616795663,129.9255354147719,14335,14344,10.368830911819662,123
919,75,0.0,12.4693214032649,99.83134184686358,14360,14361,3.6354034380116604,147
920,75,0.0,16.535404469546933,68.17750174907758,14362,14363,4.362548143982694,148
921,75,0.6368869221665826,19.35053492543739,75.35140376179328,14367,14364,4.416687275553847,139
922,75,2.849945219665769,23.626032512268367,79.99984349917142,14374,14376,7.679110681701637,134
923,75,1.2394059610529613,25.10280251902646,64.1006840166459,14375,14366,3.3011155514345316,134
924,75,2.348244116179389,23.626667045267254,82.68260456687466,14376,14369,3.8377926478233984,132
925,75,2.1699972266203833,17.318173747577102,137.9930066716015,14377,14365,6.556771912634039,138
926,75,3.9327211067989984,8.024128136919217,88.2486947777313,14381,14368,10.840914842781766,120
927,75,6.975068717669398,7.02800430934283,90.71970983011985,14382,14381,5.817319911797249,117
928,75,8.848208456531221,5.682236842233092,88.74256933790548,14387,14382,2.6309568017347007,115
929,75,6.724934585830656,10.288923261682527,77.4005847761017,14388,14373,9.885628682878169,134
930,75,11.225413198028622,5.720663535859986,86.08454618678348,14390,14387,6.488083299219649,112
931,76,12.011084629308229,6.960311185488813,80.63647824910836,14208,14209,5.225111346603401,127
932,76,15.212410754097338,9.935790198753692,71.2165176243123,14210,14211,2.7623495172296533,135
933,76,0.0,18.16183769605975,69.25968431652325,14178,14180,8.04567277210111,144
934,76,0.5121658211650472,17.185759807318785,70.0889971470323,14185,14178,9.321462031277004,140
935,76,1.1219336364093186,23.012589725796914,78.70565221873996,14186,14187,7.0921822429022185,134
936,76,1.7563814567142637,23.57298935558249,82.54820168087184,14187,14194,3.7071873772571458,132
937,76,1.337599110910802,24.747197473577835,63.77661263275198,14195,14182,3.442334435811277,130
938,76,5.536741726231009,8.184836662921775,94.13099701318595,14197,14199,2.626298699797945,138
939,76,4.05088811018531,7.180168422631725,82.16400545600901,14201,14184,6.14730824871609,124
940,76,6.247665946982478,7.5983329134450415,112.22052004741599,14202,14198,2.6597086437727104,124
941,76,12.255629913811976,7.062059413356414,88.09269695741222,14203,14212,9.192892063690497,118
942,76,7.663042025468416,7.401679823741713,82.94343754457901,14204,14201,4.451308540093287,124
943,77,7.051117954055779,6.272793592607712,84.46257532472822,14273,14276,7.262392023738872,120
944,77,9.424965614532052,9.663203230285621,96.31844094646172,14278,14277,8.01763621455835,124
945,77,12.97399977035535,9.160481474613736,74.20455386059228,14281,14283,8.082270016355887,134
946,77,3.373079990743825,11.360184899907347,95.40985866749028,14250,14274,10.049894344160705,134
947,77,0.0,17.07754887838454,72.23568637699886,14252,14253,4.89990637900573,159
948,77,3.6702016865395177,10.076291315655087,125.73011695028188,14260,14272,6.437386521469022,124
949,77,3.6838481993278016,11.54552478180493,136.49188711352014,14267,14269,8.073987194297187,134
950,77,6.088382204955187,7.685052110501649,111.89542897817697,14271,14275,2.7531542818170833,124
951,78,3.708219869059502,7.494322926166776,81.44191374880086,14402,14417,6.017661420140329,124
952,78,1.3057812772935709,8.45490356497402,130.17614919114516,14403,14404,5.829019340005561,120
953,78,1.6738224927467822,9.763108578462765,78.68815985379305,14408,14402,9.079360963410544,125
954,78,9.419078027084968,7.261780791841549,85.35975798457662,14421,14423,4.9348234164900795,138
955,78,0.0,21.956848557922978,68.17750174907758,14398,14401,9.937765762829997,157
956,78,1.8704037705247563,17.258525323716547,137.39486283047734,14399,14413,6.222964952030256,146
